scenario,run,cycle,t_rel_s,kernel_step_actual_m,schedule_step_target_m,schedule_minus_kernel_m
steps,steps_20260913_130149,1,0.1400072579999998,0.0,0.0,0.0
steps,steps_20260913_130149,2,0.2800021890000002,0.0,0.0,0.0
steps,steps_20260913_130149,3,0.4200030349999997,0.0,0.0,0.0
steps,steps_20260913_130149,4,0.5620034970000001,0.0,0.0,0.0
steps,steps_20260913_130149,5,0.700000503,0.0,0.0,0.0
steps,steps_20260913_130149,6,0.8400013069999996,0.0,0.0,0.0
steps,steps_20260913_130149,7,0.9819961030000002,0.0,0.0,0.0
steps,steps_20260913_130149,8,1.1200027539999997,0.0,0.0,0.0
steps,steps_20260913_130149,9,1.2600129769999997,0.0,0.0,0.0
steps,steps_20260913_130149,10,1.402002339,0.0,0.0,0.0
steps,steps_20260913_130149,11,1.540003371,0.0,0.0,0.0
steps,steps_20260913_130149,12,1.6800008129999995,0.0,0.0,0.0
steps,steps_20260913_130149,13,1.822000642,0.0,0.0,0.0
steps,steps_20260913_130149,14,1.9600086279999998,0.0,0.0,0.0
steps,steps_20260913_130149,15,2.100003514,0.0,0.0,0.0
steps,steps_20260913_130149,16,2.240005291,0.0,0.0,0.0
steps,steps_20260913_130149,17,2.3800258769999996,0.0,0.0,0.0
steps,steps_20260913_130149,18,2.520001853,0.0,0.0,0.0
steps,steps_20260913_130149,19,2.6600107159999995,0.0,0.0,0.0
steps,steps_20260913_130149,20,2.8020502359999995,0.0,0.0,0.0
steps,steps_20260913_130149,21,2.9400023519999996,0.0,0.0,0.0
steps,steps_20260913_130149,22,3.080001393,0.0,0.0,0.0
steps,steps_20260913_130149,23,3.2200003629999996,0.0,0.0,0.0
steps,steps_20260913_130149,24,3.360004807,0.0,0.0,0.0
steps,steps_20260913_130149,25,3.501998629,0.0,0.0,0.0
steps,steps_20260913_130149,26,3.6400069029999997,0.0,0.0,0.0
steps,steps_20260913_130149,27,3.780000574999999,0.0,0.0,0.0
steps,steps_20260913_130149,28,3.9200175349999995,0.0,0.0,0.0
steps,steps_20260913_130149,29,4.060004429999999,0.0,0.0,0.0
steps,steps_20260913_130149,30,4.200001820000001,0.0,0.0,0.0
steps,steps_20260913_130149,31,4.3400015970000005,0.0,0.0,0.0
steps,steps_20260913_130149,32,4.480001608,0.0,0.0,0.0
steps,steps_20260913_130149,33,4.620000657,0.0,0.0,0.0
steps,steps_20260913_130149,34,4.762000319,0.0,0.0,0.0
steps,steps_20260913_130149,35,4.900004469999999,0.0,0.0,0.0
steps,steps_20260913_130149,36,5.0400041810000005,0.0,0.0,0.0
steps,steps_20260913_130149,37,5.1800034319999995,0.0,0.0,0.0
steps,steps_20260913_130149,38,5.322000155,0.0,0.0,0.0
steps,steps_20260913_130149,39,5.460030998000001,0.0,0.0,0.0
steps,steps_20260913_130149,40,5.602005295,0.0,0.0,0.0
steps,steps_20260913_130149,41,5.740000456000001,0.0,0.0,0.0
steps,steps_20260913_130149,42,5.880001311999999,0.0,0.0,0.0
steps,steps_20260913_130149,43,6.022000595,0.0,0.0,0.0
steps,steps_20260913_130149,44,6.160018014,0.0,0.0,0.0
steps,steps_20260913_130149,45,6.300003581,0.0,0.0,0.0
steps,steps_20260913_130149,46,6.440000746999999,0.0,0.0,0.0
steps,steps_20260913_130149,47,6.580006187,0.0,0.0,0.0
steps,steps_20260913_130149,48,6.720012543999999,0.0,0.0,0.0
steps,steps_20260913_130149,49,6.862005181000001,0.0,0.0,0.0
steps,steps_20260913_130149,50,7.000035937,0.0,0.0,0.0
steps,steps_20260913_130149,51,7.141994965,0.0,0.0,0.0
steps,steps_20260913_130149,52,7.28000265,0.0,0.0,0.0
steps,steps_20260913_130149,53,7.420007372000001,0.0,0.0,0.0
steps,steps_20260913_130149,54,7.562013695999999,0.0,0.0,0.0
steps,steps_20260913_130149,55,7.700008599,0.0,0.0,0.0
steps,steps_20260913_130149,56,7.840001185,0.0,0.0,0.0
steps,steps_20260913_130149,57,7.980002579999999,0.0,0.0,0.0
steps,steps_20260913_130149,58,8.120000882,0.00238638,0.002386381136363637,1.1363636368694197e-09
steps,steps_20260913_130149,59,8.262005134,0.00521033,0.005210329409090911,-5.909090890210411e-10
steps,steps_20260913_130149,60,8.400006187999999,0.00795467,0.007954668431818182,-1.5681818187757157e-09
steps,steps_20260913_130149,61,8.54000474,0.0107387,0.010738730545454546,3.054545454593549e-08
steps,steps_20260913_130149,62,8.680001244,0.0135228,0.013522751931818183,-4.8068181816851574e-08
steps,steps_20260913_130149,63,8.820002613,0.0163069,0.016306870204545455,-2.9795454544595534e-08
steps,steps_20260913_130149,64,8.960004835,0.019091,0.019091005181818183,5.181818182875553e-09
steps,steps_20260913_130149,65,9.100003438,0.0218751,0.02187506840909091,-3.1590909090051245e-08
steps,steps_20260913_130149,66,9.240010548999999,0.0246593,0.024659300750000005,7.50000006544127e-10
steps,steps_20260913_130149,67,9.38000678,0.0274433,0.027443316727272734,1.6727272733607634e-08
steps,steps_20260913_130149,68,9.520005874999999,0.0302274,0.030227389500000004,-1.049999999794271e-08
steps,steps_20260913_130149,69,9.662011482,0.0330514,0.033051364659090914,-3.534090908807741e-08
steps,steps_20260913_130149,70,9.800009176,0.0357956,0.03579563702272728,3.70227272797341e-08
steps,steps_20260913_130149,71,9.942015785,0.0386196,0.03861963206818182,3.206818182527327e-08
steps,steps_20260913_130149,72,10.080000695999999,0.0413637,0.04136365020454546,-4.979545454447676e-08
steps,steps_20260913_130149,73,10.220001954999999,0.0441478,0.0441477660909091,-3.390909090322802e-08
steps,steps_20260913_130149,74,10.360004333,0.0469319,0.04693190440909091,4.409090911816627e-09
steps,steps_20260913_130149,75,10.500002696,0.049716,0.049715962704545466,-3.729545453717842e-08
steps,steps_20260913_130149,76,10.640004177,0.0525001,0.05250008304545455,-1.6954545448144565e-08
steps,steps_20260913_130149,77,10.780001611,0.0552841,0.05528412288636364,2.2886363637564244e-08
steps,steps_20260913_130149,78,10.920035017,0.0580689,0.05806887815909092,-2.1840909081305426e-08
steps,steps_20260913_130149,79,11.060002565,0.0608523,0.06085232379545454,2.3795454544284222e-08
steps,steps_20260913_130149,80,11.200006069,0.0636365,0.06363648438636364,-1.5613636356048843e-08
steps,steps_20260913_130149,81,11.340005123,0.0664206,0.06642055636363636,-4.3636363633581254e-08
steps,steps_20260913_130149,82,11.480011486,0.0692048,0.06920477390909092,-2.609090907212952e-08
steps,steps_20260913_130149,83,11.620003506,0.0719887,0.07198870604545456,6.045454553627039e-09
steps,steps_20260913_130149,84,11.760002889999999,0.0747728,0.07477278470454546,-1.5295454541819353e-08
steps,steps_20260913_130149,85,11.900002524000001,0.0775569,0.07755686845454546,-3.1545454540204965e-08
steps,steps_20260913_130149,86,12.041998943,0.0803807,0.08038066081818183,-3.9181818164979454e-08
steps,steps_20260913_130149,87,12.181998078,0.0831647,0.08316473454545455,3.4545454552503685e-08
steps,steps_20260913_130149,88,12.322003963,0.0859489,0.08594894238636365,4.238636365505588e-08
steps,steps_20260913_130149,89,12.460003487999998,0.0886933,0.08869325118181819,-4.881818181645681e-08
steps,steps_20260913_130149,90,12.602002397,0.0915171,0.09151709318181818,-6.818181824685965e-09
steps,steps_20260913_130149,91,12.742001166000001,0.0943012,0.0943011595909091,-4.0409090906745604e-08
steps,steps_20260913_130149,92,12.880007967000001,0.0970456,0.097045613,1.3000000007035162e-08
steps,steps_20260913_130149,93,13.021998623999998,0.0998693,0.09986929081818183,-9.181818166892342e-09
steps,steps_20260913_130149,94,13.162004620000001,0.102654,0.10265350104545455,-4.989545454442412e-07
steps,steps_20260913_130149,95,13.300005071000001,0.105398,0.10539782813636366,-1.7186363635013358e-07
steps,steps_20260913_130149,96,13.440023919000001,0.108182,0.10818229386363637,2.938636363691849e-07
steps,steps_20260913_130149,97,13.581998725999998,0.111006,0.11100565652272729,-3.4347727270733763e-07
steps,steps_20260913_130149,98,13.720003804000001,0.11375,0.11375007572727275,7.5727272744186e-08
steps,steps_20260913_130149,99,13.860003839,0.116534,0.11653416727272728,1.672727272805652e-07
steps,steps_20260913_130149,100,14.000002763000001,0.119318,0.11931823670454547,2.3670454547819464e-07
steps,steps_20260913_130149,101,14.141999192,0.122142,0.12214202938636365,2.938636364802072e-08
steps,steps_20260913_130149,102,14.280002261,0.124886,0.12488640865909093,4.086590909280208e-07
steps,steps_20260913_130149,103,14.420002337,0.127671,0.127670501,-4.990000000149042e-07
steps,steps_20260913_130149,104,14.560001591999999,0.130455,0.13045457711363637,-4.2288636362131093e-07
steps,steps_20260913_130149,105,14.700000636999999,0.133239,0.1332386490909091,-3.509090908959678e-07
steps,steps_20260913_130149,106,14.840017844999998,0.136023,0.13602308220454545,8.220454544849431e-08
steps,steps_20260913_130149,107,14.982014728,0.138847,0.13884688379545457,-1.1620454543059822e-07
steps,steps_20260913_130149,108,15.120000379,0.141591,0.14159091656818185,-8.34318181486271e-08
steps,steps_20260913_130149,109,15.262002340999999,0.144415,0.1444148193409091,-1.8065909088149645e-07
steps,steps_20260913_130149,110,15.400005473,0.147159,0.14715919972727273,1.9972727272055124e-07
steps,steps_20260913_130149,111,15.540002667,0.149943,0.14994323479545454,2.3479545455118433e-07
steps,steps_20260913_130149,112,15.682004928000001,0.152767,0.15276714345454545,1.4345454546482728e-07
steps,steps_20260913_130149,113,15.820003314000001,0.155511,0.15551142950000002,4.2950000000985256e-07
steps,steps_20260913_130149,114,15.960003503,0.158296,0.15829552422727275,-4.757727272430845e-07
steps,steps_20260913_130149,115,16.100002689,0.159091,0.15909090909090912,-9.090909089404242e-08
steps,steps_20260913_130149,116,16.240000905,0.159091,0.15909090909090912,-9.090909089404242e-08
steps,steps_20260913_130149,117,16.380001233999998,0.159091,0.15909090909090912,-9.090909089404242e-08
steps,steps_20260913_130149,118,16.52000954,0.15576,0.15576002829545457,2.8295454562732303e-08
steps,steps_20260913_130149,119,16.661997326999998,0.145638,0.14563754481818184,-4.5518181815418224e-07
steps,steps_20260913_130149,120,16.802000104,0.159091,0.15909090909090912,-9.090909089404242e-08
steps,steps_20260913_130149,121,16.94200301,0.159091,0.15909090909090912,-9.090909089404242e-08
steps,steps_20260913_130149,122,17.08000144,0.159091,0.15909090909090912,-9.090909089404242e-08
steps,steps_20260913_130149,123,17.222003246,0.159091,0.15909090909090912,-9.090909089404242e-08
steps,steps_20260913_130149,124,17.361997522,0.159091,0.15909090909090912,-9.090909089404242e-08
steps,steps_20260913_130149,125,17.500001766,0.159021,0.1590205940909091,-4.059090908947738e-07
steps,steps_20260913_130149,126,17.640007998,0.159091,0.15909090909090912,-9.090909089404242e-08
steps,steps_20260913_130149,127,17.782003421,0.159091,0.15909090909090912,-9.090909089404242e-08
steps,steps_20260913_130149,128,17.920004438,0.159091,0.15909090909090912,-9.090909089404242e-08
steps,steps_20260913_130149,129,18.060001806,0.158963,0.15896313411363638,1.341136363908202e-07
steps,steps_20260913_130149,130,18.200000586,0.159091,0.15909090909090912,-9.090909089404242e-08
steps,steps_20260913_130149,131,18.340000821,0.159091,0.15909090909090912,-9.090909089404242e-08
steps,steps_20260913_130149,132,18.480003902,0.159091,0.15909090909090912,-9.090909089404242e-08
steps,steps_20260913_130149,133,18.620002141,0.148102,0.1481023773409091,3.7734090910235274e-07
steps,steps_20260913_130149,134,18.760000621,0.159091,0.15909090909090912,-9.090909089404242e-08
steps,steps_20260913_130149,135,18.901994721,0.159091,0.15909090909090912,-9.090909089404242e-08
steps,steps_20260913_130149,136,19.042005515,0.159091,0.15909090909090912,-9.090909089404242e-08
steps,steps_20260913_130149,137,19.180009089,0.159091,0.15909090909090912,-9.090909089404242e-08
steps,steps_20260913_130149,138,19.320001885,0.159091,0.15909090909090912,-9.090909089404242e-08
steps,steps_20260913_130149,139,19.462003586999998,0.157279,0.15727933247727274,3.324772727408831e-07
steps,steps_20260913_130149,140,19.600004797,0.159091,0.15909090909090912,-9.090909089404242e-08
steps,steps_20260913_130149,141,19.740002576,0.159091,0.15909090909090912,-9.090909089404242e-08
steps,steps_20260913_130149,142,19.882007762,0.159091,0.15909090909090912,-9.090909089404242e-08
steps,steps_20260913_130149,143,20.022008925999998,0.159091,0.15909090909090912,-9.090909089404242e-08
steps,steps_20260913_130149,144,20.160005093,0.158834,0.15883400081818183,8.181818278441e-10
steps,steps_20260913_130149,145,20.302000606,0.157805,0.15780499572727275,-4.272727255338893e-09
steps,steps_20260913_130149,146,20.440001967,0.155002,0.1550023231590909,3.2315909090363526e-07
steps,steps_20260913_130149,147,20.58000509,0.15909,0.15908956715909092,-4.328409090870178e-07
steps,steps_20260913_130149,148,20.722021568,0.159091,0.15909090909090912,-9.090909089404242e-08
steps,steps_20260913_130149,149,20.860000838,0.159091,0.15909090909090912,-9.090909089404242e-08
steps,steps_20260913_130149,150,21.000003853,0.159016,0.15901551256818183,-4.874318181580239e-07
steps,steps_20260913_130149,151,21.140009364,0.159091,0.15909090909090912,-9.090909089404242e-08
steps,steps_20260913_130149,152,21.280007271,0.159091,0.15909090909090912,-9.090909089404242e-08
steps,steps_20260913_130149,153,21.422082609,0.159091,0.15909090909090912,-9.090909089404242e-08
steps,steps_20260913_130149,154,21.56000026,0.159091,0.15909090909090912,-9.090909089404242e-08
steps,steps_20260913_130149,155,21.700008775,0.157221,0.15722079927272728,-2.0072727272002489e-07
steps,steps_20260913_130149,156,21.842001542,0.159091,0.15909090909090912,-9.090909089404242e-08
steps,steps_20260913_130149,157,21.980002582,0.159091,0.15909090909090912,-9.090909089404242e-08
steps,steps_20260913_130149,158,22.12000367,0.159091,0.15909090909090912,-9.090909089404242e-08
steps,steps_20260913_130149,159,22.260005549,0.157922,0.15792198004545455,-1.9954545460443285e-08
steps,steps_20260913_130149,160,22.402003042,0.159091,0.15909090909090912,-9.090909089404242e-08
steps,steps_20260913_130149,161,22.540021989,0.159091,0.15909090909090912,-9.090909089404242e-08
steps,steps_20260913_130149,162,22.680006197,0.159091,0.15909090909090912,-9.090909089404242e-08
steps,steps_20260913_130149,163,22.822004513,0.149475,0.1494748582727273,-1.4172727269556873e-07
steps,steps_20260913_130149,164,22.960001595,0.159091,0.15909090909090912,-9.090909089404242e-08
steps,steps_20260913_130149,165,23.100021379,0.159091,0.15909090909090912,-9.090909089404242e-08
steps,steps_20260913_130149,166,23.2400033,0.159091,0.15909090909090912,-9.090909089404242e-08
steps,steps_20260913_130149,167,23.380000589,0.159091,0.15909090909090912,-9.090909089404242e-08
steps,steps_20260913_130149,168,23.520001579,0.159091,0.15909090909090912,-9.090909089404242e-08
steps,steps_20260913_130149,169,23.660002144,0.159091,0.15909090909090912,-9.090909089404242e-08
steps,steps_20260913_130149,170,23.800002189,0.158563,0.15856292613636366,-7.38636363462053e-08
steps,steps_20260913_130149,171,23.940000118,0.159091,0.15909090909090912,-9.090909089404242e-08
steps,steps_20260913_130149,172,24.08202417,0.160722,0.1607220715227273,7.15227272962693e-08
steps,steps_20260913_130149,173,24.220004577,0.163466,0.16346600009090909,9.090908581477208e-11
steps,steps_20260913_130149,174,24.360001013,0.16625,0.16625002020454546,2.0204545453372802e-08
steps,steps_20260913_130149,175,24.500034169,0.169035,0.16903477038636364,-2.29613636354431e-07
steps,steps_20260913_130149,176,24.642003723,0.171858,0.17185802852272727,2.8522727263391445e-08
steps,steps_20260913_130149,177,24.780005446,0.174602,0.17460238106818182,3.810681818150474e-07
steps,steps_20260913_130149,178,24.920006909,0.167301,0.16730098381818184,-1.618181816320785e-08
steps,steps_20260913_130149,179,25.060003866,0.180131,0.18013086620454546,-1.3379545454883512e-07
steps,steps_20260913_130149,180,25.200005327,0.182955,0.18295465140909092,-3.48590909082791e-07
steps,steps_20260913_130149,181,25.340000819,0.185739,0.1857386525909091,-3.4740909088393224e-07
steps,steps_20260913_130149,182,25.480002116,0.187689,0.18768884209090908,-1.5790909091428773e-07
steps,steps_20260913_130149,183,25.620003511,0.191288,0.19128754829545455,-4.5170454546217265e-07
steps,steps_20260913_130149,184,25.76199754,0.187839,0.18783889727272732,-1.0272727268834103e-07
steps,steps_20260913_130149,185,25.900003513,0.19491,0.19491040465909093,4.046590909301262e-07
steps,steps_20260913_130149,186,26.040037654,0.19966,0.19965983975000004,-1.6024999996422373e-07
steps,steps_20260913_130149,187,26.180004396,0.202367,0.2023672671363637,2.6713636369635196e-07
steps,steps_20260913_130149,188,26.320003305,0.204237,0.20423672515909094,-2.748409090591597e-07
steps,steps_20260913_130149,189,26.460000903,0.208011,0.20801138161363636,3.8161363635769163e-07
steps,steps_20260913_130149,190,26.600016444,0.208384,0.2083841548409091,1.5484090909456683e-07
steps,steps_20260913_130149,191,26.740000692,0.212114,0.2121135691818182,-4.308181817958001e-07
steps,steps_20260913_130149,192,26.880007056,0.214667,0.21466669381818185,-3.0618181814934253e-07
steps,steps_20260913_130149,193,27.021999419,0.218628,0.21862843895454545,4.389545454619448e-07
steps,steps_20260913_130149,194,27.160001544,0.221932,0.22193184888636366,-1.51113636326361e-07
steps,steps_20260913_130149,195,27.301997694,0.224481,0.22448090684090913,-9.315909088591923e-08
steps,steps_20260913_130149,196,27.440003395,0.226289,0.22628912456818182,1.245681818251576e-07
steps,steps_20260913_130149,197,27.58001474,0.226618,0.22661769597727274,-3.040227272710361e-07
steps,steps_20260913_130149,198,27.721998196999998,0.231622,0.2316219654318182,-3.456818178926291e-08
steps,steps_20260913_130149,199,27.860020002,0.235482,0.23548196572727276,-3.427272723954822e-08
steps,steps_20260913_130149,200,28.000000235,0.235272,0.2352717111818182,-2.888181818150315e-07
steps,steps_20260913_130149,201,28.141985442,0.238112,0.23811213761363642,1.376136364306113e-07
steps,steps_20260913_130149,202,28.280029708,0.241404,0.2414043601136364,3.6011363638288607e-07
steps,steps_20260913_130149,203,28.420001491,0.242479,0.2424788623409091,-1.3765909090412976e-07
steps,steps_20260913_130149,204,28.562003232000002,0.245337,0.24533651815909097,-4.818409090334708e-07
steps,steps_20260913_130149,205,28.700003668,0.249499,0.2494989431136364,-5.688636359191257e-08
steps,steps_20260913_130149,206,28.840000411,0.250518,0.2505181746136364,1.7461363638338057e-07
steps,steps_20260913_130149,207,28.981999502999997,0.25161,0.25160953872727276,-4.612727272368389e-07
steps,steps_20260913_130149,208,29.120031251,0.258381,0.2583810859318182,8.5931818161189e-08
steps,steps_20260913_130149,209,29.260003224000002,0.257048,0.2570475000227273,-4.999772726943519e-07
steps,steps_20260913_130149,210,29.400001070000002,0.262855,0.2628548295227273,-1.704772726873749e-07
steps,steps_20260913_130149,211,29.540000401999997,0.258486,0.2584857726818182,-2.2731818177801344e-07
steps,steps_20260913_130149,212,29.680066537000002,0.271817,0.2718167196818182,-2.8031818177787216e-07
steps,steps_20260913_130149,213,29.820002987000002,0.264922,0.2649217876136364,-2.1238636360720875e-07
steps,steps_20260913_130149,214,29.960006456000002,0.269499,0.2694994498636364,4.498636363980957e-07
steps,steps_20260913_130149,215,30.100000391000002,0.271048,0.27104837534090914,3.7534090913116103e-07
steps,steps_20260913_130149,216,30.240004743,0.274726,0.27472610581818185,1.0581818182808789e-07
steps,steps_20260913_130149,217,30.380014085,0.275715,0.27571523000000003,2.300000000454716e-07
steps,steps_20260913_130149,218,30.521999416999996,0.283939,0.28393926575000006,2.6575000006134886e-07
steps,steps_20260913_130149,219,30.66200334,0.279736,0.2797360376363637,3.763636369225054e-08
steps,steps_20260913_130149,220,30.800001521,0.288192,0.28819232559090907,3.255909090671416e-07
steps,steps_20260913_130149,221,30.940004633,0.284075,0.28407481040909094,-1.8959090908321485e-07
steps,steps_20260913_130149,222,31.082001243,0.293549,0.2935490744772728,7.44772727934162e-08
steps,steps_20260913_130149,223,31.220002369,0.290375,0.29037512461363635,1.246136363541872e-07
steps,steps_20260913_130149,224,31.360000612,0.298464,0.2984642248636364,2.2486363637774787e-07
steps,steps_20260913_130149,225,31.500002674,0.292634,0.2926340675681819,6.756818188291547e-08
steps,steps_20260913_130149,226,31.642016626999997,0.305781,0.3057812136590909,2.136590908641267e-07
steps,steps_20260913_130149,227,31.781999522,0.300204,0.30020381681818187,-1.8318181815857315e-07
steps,steps_20260913_130149,228,31.920005052999997,0.309665,0.3096646286363636,-3.7136363639778125e-07
steps,steps_20260913_130149,229,32.060001602999996,0.30024,0.30023953479545457,-4.6520454544118905e-07
steps,steps_20260913_130149,230,32.200007067,0.308775,0.30877543836363636,4.3836363633475983e-07
steps,steps_20260913_130149,231,32.341998291,0.300325,0.30032503788636367,3.788636365742448e-08
steps,steps_20260913_130149,232,32.482006699,0.307024,0.30702428431818185,2.843181818312779e-07
steps,steps_20260913_130149,233,32.622001305,0.299361,0.2993610416363637,4.163636369014512e-08
steps,steps_20260913_130149,234,32.760002027,0.30887,0.30886968938636367,-3.1061363631179617e-07
steps,steps_20260913_130149,235,32.900009046,0.298724,0.2987239846818182,-1.5318181778578577e-08
steps,steps_20260913_130149,236,33.042050872,0.308477,0.3084767039772728,-2.9602272721973577e-07
steps,steps_20260913_130149,237,33.180001642,0.297869,0.29786896172727273,-3.827272726519837e-08
steps,steps_20260913_130149,238,33.321997899,0.307264,0.30726363213636365,-3.6786363633023456e-07
steps,steps_20260913_130149,239,33.460000648,0.299419,0.29941920893181817,2.0893181817971396e-07
steps,steps_20260913_130149,240,33.600021087,0.307531,0.3075312984545455,2.9845454552202e-07
steps,steps_20260913_130149,241,33.740000461,0.302044,0.3020438673636364,-1.3263636355898e-07
steps,steps_20260913_130149,242,33.881999376,0.303271,0.30327101175000004,1.1750000028509788e-08
steps,steps_20260913_130149,243,34.02000128,0.298581,0.2985805137954546,-4.8620454540238e-07
steps,steps_20260913_130149,244,34.160001856,0.304569,0.30456854813636364,-4.518636363415318e-07
steps,steps_20260913_130149,245,34.30000087,0.300756,0.3007555477500001,-4.522499999493057e-07
steps,steps_20260913_130149,246,34.441999104,0.302107,0.30210726922727277,2.6922727275335845e-07
steps,steps_20260913_130149,247,34.582002722,0.299535,0.29953541386363636,4.1386363636153334e-07
steps,steps_20260913_130149,248,34.722000399,0.301835,0.30183454906818186,-4.5093181816335814e-07
steps,steps_20260913_130149,249,34.860011186,0.303276,0.30327561647727275,-3.8352272724306857e-07
steps,steps_20260913_130149,250,35.000002938,0.301251,0.3012512782045455,2.78204545511862e-07
steps,steps_20260913_130149,251,35.140014279,0.303912,0.3039119665909091,-3.340909093818567e-08
steps,steps_20260913_130149,252,35.282005656,0.301504,0.30150367672727274,-3.2327272725396483e-07
steps,steps_20260913_130149,253,35.422000232,0.309003,0.30900332431818184,3.2431818181022365e-07
steps,steps_20260913_130149,254,35.561996069,0.300832,0.3008318526818182,-1.4731818176461076e-07
steps,steps_20260913_130149,255,35.702000308,0.312187,0.3121867739772728,-2.2602272720106953e-07
steps,steps_20260913_130149,256,35.840001906,0.300114,0.30011448329545454,4.83295454545285e-07
steps,steps_20260913_130149,257,35.982012591,0.310393,0.3103932097954546,2.0979545461985438e-07
steps,steps_20260913_130149,258,36.120000325,0.300468,0.3004683657500001,3.657500000642244e-07
steps,steps_20260913_130149,259,36.260002211999996,0.306971,0.306970760409091,-2.395909090013859e-07
steps,steps_20260913_130149,260,36.401998762,0.299009,0.2990094472272728,4.472272727706894e-07
steps,steps_20260913_130149,261,36.540005271,0.308336,0.30833639072727276,3.9072727275879515e-07
steps,steps_20260913_130149,262,36.680003141,0.300795,0.3007945705227273,-4.294772726898266e-07
steps,steps_20260913_130149,263,36.820011494,0.312453,0.31245319684090916,1.9684090918348218e-07
steps,steps_20260913_130149,264,36.960004098,0.298282,0.29828159629545453,-4.0370454545968215e-07
steps,steps_20260913_130149,265,37.10000299,0.304112,0.3041124920909091,4.92090909132159e-07
steps,steps_20260913_130149,266,37.240002227,0.297355,0.2973553890681818,3.8906818183859215e-07
steps,steps_20260913_130149,267,37.380044293,0.306881,0.3068811001136364,1.0011363638096071e-07
steps,steps_20260913_130149,268,37.520000077,0.299639,0.29963869806818183,-3.0193181815851844e-07
steps,steps_20260913_130149,269,37.660001309,0.311856,0.3118557988636364,-2.0113636362006915e-07
steps,steps_20260913_130149,270,37.801999691,0.299859,0.2998592295681819,2.2956818190866812e-07
steps,steps_20260913_130149,271,37.940000986,0.305509,0.3055087311818182,-2.6881818177004746e-07
steps,steps_20260913_130149,272,38.08000246,0.298424,0.2984236463409091,-3.536590909014592e-07
steps,steps_20260913_130149,273,38.22000219,0.305121,0.30512105272727275,5.2727272770169975e-08
steps,steps_20260913_130149,274,38.360003852,0.29975,0.29975036588636367,3.658863636513132e-07
steps,steps_20260913_130149,275,38.501999432,0.306999,0.3069993305909091,3.305909090922654e-07
steps,steps_20260913_130149,276,38.642002401,0.299063,0.29906348929545457,4.892954545421269e-07
steps,steps_20260913_130149,277,38.780003226,0.305127,0.3051269188863637,-8.111363630769475e-08
steps,steps_20260913_130149,278,38.920001101,0.301396,0.3013955728636364,-4.2713636361213503e-07
steps,steps_20260913_130149,279,39.060001112,0.30627,0.30626993965909094,-6.034090904716294e-08
steps,steps_20260913_130149,280,39.202000419,0.300072,0.3000723404318182,3.404318181798871e-07
steps,steps_20260913_130149,281,39.342001462,0.304188,0.3041880125454546,1.2545454564083514e-08
steps,steps_20260913_130149,282,39.48000194,0.299758,0.2997575755681819,-4.244318181356732e-07
steps,steps_20260913_130149,283,39.622002332,0.304547,0.3045466704318182,-3.295681818005214e-07
steps,steps_20260913_130149,284,39.761998648,0.298744,0.2987441480227273,1.4802272729763644e-07
steps,steps_20260913_130149,285,39.902002995,0.305055,0.30505464372727276,-3.5627272726435066e-07
steps,steps_20260913_130149,286,40.04199908,0.303173,0.3031731161136364,1.1611363637253902e-07
steps,steps_20260913_130149,287,40.180002908,0.311791,0.31179051463636365,-4.853636363377767e-07
steps,steps_20260913_130149,288,40.321997416,0.308512,0.30851217345454546,1.734545454490366e-07
steps,steps_20260913_130149,289,40.46000126,0.315228,0.31522819029545457,1.9029545456072938e-07
steps,steps_20260913_130149,290,40.600001361,0.315354,0.3153539718636364,-2.8136363627861982e-08
steps,steps_20260913_130149,291,40.740034968,0.320221,0.3202211257954546,1.2579545460855712e-07
steps,steps_20260913_130149,292,40.880000405,0.320264,0.3202640101818182,1.0181818221877137e-08
steps,steps_20260913_130149,293,41.021996834,0.321444,0.32144415052272735,1.505227273379539e-07
steps,steps_20260913_130149,294,41.160012825,0.323977,0.3239768461363636,-1.5386363638736356e-07
steps,steps_20260913_130149,295,41.301998039,0.326997,0.32699688175,-1.182499999585751e-07
steps,steps_20260913_130149,296,41.44000097,0.333392,0.33339234281818186,3.4281818184211943e-07
steps,steps_20260913_130149,297,41.581997997,0.330132,0.3301319695227273,-3.047727270555356e-08
steps,steps_20260913_130149,298,41.721995827,0.344979,0.3449794776590909,4.776590909472134e-07
steps,steps_20260913_130149,299,41.86199594,0.33626,0.33626011713636367,1.1713636366428304e-07
steps,steps_20260913_130149,300,42.000006809,0.347399,0.34739934138636364,3.4138636362257557e-07
steps,steps_20260913_130149,301,42.141997689,0.338836,0.33883552881818185,-4.711818181735161e-07
steps,steps_20260913_130149,302,42.280000891,0.357374,0.3573744420909091,4.420909090474545e-07
steps,steps_20260913_130149,303,42.421984774,0.348656,0.34865555040909096,-4.4959090905738464e-07
steps,steps_20260913_130149,304,42.560001168,0.351021,0.35102073554545454,-2.6445454548440495e-07
steps,steps_20260913_130149,305,42.700006985,0.345206,0.3452063998409091,3.998409091043875e-07
steps,steps_20260913_130149,306,42.842013663,0.359535,0.3595348715000001,-1.2849999991848549e-07
steps,steps_20260913_130149,307,42.981999966,0.356068,0.3560682172727273,2.1727272730975855e-07
steps,steps_20260913_130149,308,43.120001029,0.362755,0.3627554340454546,4.340454545781469e-07
steps,steps_20260913_130149,309,43.260002024,0.35777,0.35777041443181823,4.1443181825195907e-07
steps,steps_20260913_130149,310,43.402001026,0.371281,0.37128057972727274,-4.2027272728617504e-07
steps,steps_20260913_130149,311,43.540006301,0.368125,0.3681250836136364,8.361363640352337e-08
steps,steps_20260913_130149,312,43.680002449,0.377374,0.3773736861363637,-3.138636363031466e-07
steps,steps_20260913_130149,313,43.82000645,0.368738,0.36873796272727277,-3.727272723796915e-08
steps,steps_20260913_130149,314,43.960003865,0.388316,0.3883159822500001,-1.774999991432935e-08
steps,steps_20260913_130149,315,44.10005328,0.383902,0.3839021295454546,1.295454545857666e-07
steps,steps_20260913_130149,316,44.242003144,0.38373,0.38373043609090907,4.3609090905061265e-07
steps,steps_20260913_130149,317,44.380003306,0.373237,0.37323679606818183,-2.0393181815459016e-07
steps,steps_20260913_130149,318,44.52001019,0.394723,0.3947228924545455,-1.0754545448632413e-07
steps,steps_20260913_130149,319,44.661999361,0.392966,0.39296558556818184,-4.1443181814093677e-07
steps,steps_20260913_130149,320,44.801998177,0.404711,0.40471087650000004,-1.2349999994887284e-07
steps,steps_20260913_130149,321,44.941999447,0.396191,0.3961906080681819,-3.919318181111464e-07
steps,steps_20260913_130149,322,45.080003796,0.399226,0.39922637109090914,3.7109090911258136e-07
steps,steps_20260913_130149,323,45.22000648,0.391879,0.3918791761818182,1.7618181824552437e-07
steps,steps_20260913_130149,324,45.362000351,0.41024,0.4102397981818182,-2.0181818177755773e-07
steps,steps_20260913_130149,325,45.500007549,0.41076,0.4107602457954546,2.4579545460090557e-07
steps,steps_20260913_130149,326,45.640003045,0.411953,0.4119530351363637,3.513636370744422e-08
steps,steps_20260913_130149,327,45.780001128,0.404808,0.40480837679545456,3.7679545455970853e-07
steps,steps_20260913_130149,328,45.920011557,0.407717,0.4077172266363636,2.2663636362052486e-07
steps,steps_20260913_130149,329,46.060001632,0.418191,0.4181907512045455,-2.487954544605486e-07
steps,steps_20260913_130149,330,46.200000726,0.413536,0.4135359179318182,-8.206818180589437e-08
steps,steps_20260913_130149,331,46.340000021,0.428961,0.4289610896136364,8.961363640036524e-08
steps,steps_20260913_130149,332,46.480000147,0.423988,0.423987984159091,-1.584090897344126e-08
steps,steps_20260913_130149,333,46.620026544,0.443962,0.443962445659091,4.4565909096405676e-07
steps,steps_20260913_130149,334,46.760001169,0.43533,0.43533049175,4.917499999979036e-07
steps,steps_20260913_130149,335,46.900000734,0.440182,0.4401818182045455,-1.8179545452357004e-07
steps,steps_20260913_130149,336,47.042001401,0.437969,0.43796876375000005,-2.3624999995197626e-07
steps,steps_20260913_130149,337,47.180024064,0.440182,0.4401818182045455,-1.8179545452357004e-07
steps,steps_20260913_130149,338,47.320012765,0.440182,0.4401818182045455,-1.8179545452357004e-07
steps,steps_20260913_130149,339,47.460000773,0.440182,0.4401818182045455,-1.8179545452357004e-07
steps,steps_20260913_130149,340,47.600001237,0.440182,0.4401818182045455,-1.8179545452357004e-07
steps,steps_20260913_130149,341,47.742002863,0.440182,0.4401818182045455,-1.8179545452357004e-07
steps,steps_20260913_130149,342,47.881999402,0.440182,0.4401818182045455,-1.8179545452357004e-07
steps,steps_20260913_130149,343,48.020005845,0.440182,0.4401818182045455,-1.8179545452357004e-07
steps,steps_20260913_130149,344,48.160000609,0.441455,0.4414545454772728,-4.5452272717794173e-07
steps,steps_20260913_130149,345,48.301997304,0.442727,0.44272727275000007,2.7275000008541994e-07
steps,steps_20260913_130149,346,48.440003576,0.410909,0.4109090909318182,9.09318181863128e-08
steps,steps_20260913_130149,347,48.58001255,0.410909,0.4109090909318182,9.09318181863128e-08
steps,steps_20260913_130149,348,48.722001076,0.410909,0.4109090909318182,9.09318181863128e-08
steps,steps_20260913_130149,349,48.860007449,0.410909,0.4109090909318182,9.09318181863128e-08
steps,steps_20260913_130149,350,49.000005763,0.410909,0.4109090909318182,9.09318181863128e-08
steps,steps_20260913_130149,351,49.140002346,0.410909,0.4109090909318182,9.09318181863128e-08
steps,steps_20260913_130149,352,49.28199902,0.410909,0.4109090909318182,9.09318181863128e-08
steps,steps_20260913_130149,353,49.42000093,0.410909,0.4109090909318182,9.09318181863128e-08
steps,steps_20260913_130149,354,49.560003012,0.410909,0.4109090909318182,9.09318181863128e-08
steps,steps_20260913_130149,355,49.700000738,0.410909,0.4109090909318182,9.09318181863128e-08
steps,steps_20260913_130149,356,49.840007239,0.412182,0.4121818182045455,-1.817954544680589e-07
steps,steps_20260913_130149,357,49.98000101,0.413455,0.4134545454772728,-4.545227272334529e-07
steps,steps_20260913_130149,358,50.120000639,0.414727,0.4147272727500001,2.7275000008541994e-07
steps,steps_20260913_130149,359,50.260016553,0.416,0.4160000000227273,2.2727320025950348e-11
steps,steps_20260913_130149,360,50.400000348,0.417273,0.41727272729545456,-2.7270454544536804e-07
steps,steps_20260913_130149,361,50.540001749,0.418545,0.4185454545681819,4.545681818735048e-07
steps,steps_20260913_130149,362,50.68199771,0.419818,0.41981818184090913,1.818409091081108e-07
steps,steps_20260913_130149,363,50.822001199,0.397727,0.39772727272727276,2.72727272765394e-07
steps,steps_20260913_130149,364,50.960000918,0.397727,0.39772727272727276,2.72727272765394e-07
steps,steps_20260913_130149,365,51.100002513999996,0.397727,0.39772727272727276,2.72727272765394e-07
steps,steps_20260913_130149,366,51.240001787,0.397727,0.39772727272727276,2.72727272765394e-07
steps,steps_20260913_130149,367,51.380000428,0.397727,0.39772727272727276,2.72727272765394e-07
steps,steps_20260913_130149,368,51.521998114,0.397727,0.39772727272727276,2.72727272765394e-07
steps,steps_20260913_130149,369,51.661995312,0.397727,0.39772727272727276,2.72727272765394e-07
steps,steps_20260913_130149,370,51.801999009,0.397727,0.39772727272727276,2.72727272765394e-07
steps,steps_20260913_130149,371,51.940004511,0.397727,0.39772727272727276,2.72727272765394e-07
steps,steps_20260913_130149,372,52.080004292,0.397727,0.39772727272727276,2.72727272765394e-07
steps,steps_20260913_130149,373,52.220005145,0.399,0.399,0.0
steps,steps_20260913_130149,374,52.360000168,0.400273,0.40027272727272734,-2.727272726543717e-07
steps,steps_20260913_130149,375,52.502010632,0.401545,0.4015454545454546,4.5454545460899e-07
steps,steps_20260913_130149,376,52.640005265,0.402818,0.40281818181818185,1.81818181843596e-07
steps,steps_20260913_130149,377,52.782014584,0.404091,0.4040909090909091,-9.090909086628685e-08
steps,steps_20260913_130149,378,52.92200451,0.405364,0.4053636363636364,-3.636363635761697e-07
steps,steps_20260913_130149,379,53.06006978,0.406636,0.4066363636363637,3.63636363687192e-07
steps,steps_20260913_130149,380,53.200001889,0.407909,0.407909090909091,9.090909097730915e-08
steps,steps_20260913_130149,381,53.341999186,0.409182,0.40918181818181826,-1.818181817325737e-07
steps,steps_20260913_130149,382,53.481999202,0.410455,0.41045454545454546,-4.5454545455347883e-07
steps,steps_20260913_130149,383,53.620000783,0.411727,0.4117272727272728,2.72727272765394e-07
steps,steps_20260913_130149,384,53.762001385,0.413,0.41300000000000003,5.551115123125783e-17
steps,steps_20260913_130149,385,53.900006884,0.414273,0.41427272727272735,-2.727272726543717e-07
steps,steps_20260913_130149,386,54.042004159,0.397727,0.39772727272727276,2.72727272765394e-07
steps,steps_20260913_130149,387,54.180000928,0.397727,0.39772727272727276,2.72727272765394e-07
steps,steps_20260913_130149,388,54.322003636,0.397727,0.39772727272727276,2.72727272765394e-07
steps,steps_20260913_130149,389,54.460003473,0.397727,0.39772727272727276,2.72727272765394e-07
steps,steps_20260913_130149,390,54.600002073,0.397727,0.39772727272727276,2.72727272765394e-07
steps,steps_20260913_130149,391,54.740006664,0.397727,0.39772727272727276,2.72727272765394e-07
steps,steps_20260913_130149,392,54.880000903,0.397727,0.39772727272727276,2.72727272765394e-07
steps,steps_20260913_130149,393,55.02000279,0.397727,0.39772727272727276,2.72727272765394e-07
steps,steps_20260913_130149,394,55.16000722,0.397727,0.39772727272727276,2.72727272765394e-07
steps,steps_20260913_130149,395,55.300002983,0.397727,0.39772727272727276,2.72727272765394e-07
steps,steps_20260913_130149,396,55.442035759,0.397727,0.39772727272727276,2.72727272765394e-07
steps,steps_20260913_130149,397,55.580001142,0.397727,0.39772727272727276,2.72727272765394e-07
steps,steps_20260913_130149,398,55.72199892,0.397727,0.39772727272727276,2.72727272765394e-07
steps,steps_20260913_130149,399,55.860001441,0.397727,0.39772727272727276,2.72727272765394e-07
steps,steps_20260913_130149,400,56.00000054,0.397727,0.39772727272727276,2.72727272765394e-07
steps,steps_20260913_130149,401,56.140000762,0.397727,0.39772727272727276,2.72727272765394e-07
steps,steps_20260913_130149,402,56.282004288,0.397727,0.39772727272727276,2.72727272765394e-07
steps,steps_20260913_130149,403,56.420019747,0.397727,0.39772727272727276,2.72727272765394e-07
steps,steps_20260913_130149,404,56.560000833,0.397727,0.39772727272727276,2.72727272765394e-07
steps,steps_20260913_130149,405,56.702001098,0.397727,0.39772727272727276,2.72727272765394e-07
steps,steps_20260913_130149,406,56.841999427,0.399,0.399,0.0
steps,steps_20260913_130149,407,56.982019891,0.400273,0.40027272727272734,-2.727272726543717e-07
steps,steps_20260913_130149,408,57.120004744,0.401545,0.4015454545454546,4.5454545460899e-07
steps,steps_20260913_130149,409,57.260004861,0.40093,0.40093015725000003,1.5725000002131395e-07
steps,steps_20260913_130149,410,57.40000592,0.384665,0.3846647676136364,-2.3238636359668163e-07
steps,steps_20260913_130149,411,57.540011739,0.378356,0.37835636379545456,3.637954545387956e-07
steps,steps_20260913_130149,412,57.680000367,0.368896,0.36889626709090917,2.6709090916732237e-07
steps,steps_20260913_130149,413,57.822030495,0.371206,0.3712059856590909,-1.4340909071375307e-08
steps,steps_20260913_130149,414,57.962000208,0.363374,0.36337393559090914,-6.440909083860191e-08
steps,steps_20260913_130149,415,58.100026733,0.368212,0.3682119230681819,-7.693181808265948e-08
steps,steps_20260913_130149,416,58.240027796,0.354175,0.3541752963636364,2.9636363640950236e-07
steps,steps_20260913_130149,417,58.38000377,0.353757,0.353757078659091,7.865909101845148e-08
steps,steps_20260913_130149,418,58.520000366,0.342897,0.3428970258636364,2.5863636399225953e-08
steps,steps_20260913_130149,419,58.66000136,0.34648,0.3464797213181819,-2.7868181812218396e-07
steps,steps_20260913_130149,420,58.802001981,0.335745,0.3357453512954546,3.512954545592528e-07
steps,steps_20260913_130149,421,58.940006893,0.340944,0.34094441484090915,4.1484090912424776e-07
steps,steps_20260913_130149,422,59.080003053,0.328744,0.3287442241363636,2.2413636363571854e-07
steps,steps_20260913_130149,423,59.221996946,0.325361,0.32536113113636367,1.3113636365691406e-07
steps,steps_20260913_130149,424,59.361997621,0.308947,0.3089465953636364,-4.046363636378558e-07
steps,steps_20260913_130149,425,59.500017751,0.314331,0.31433128252272735,2.825227273239861e-07
steps,steps_20260913_130149,426,59.642003143,0.304943,0.3049426050681818,-3.9493181819283407e-07
steps,steps_20260913_130149,427,59.780006258,0.306383,0.3063834347954546,4.3479545458469104e-07
steps,steps_20260913_130149,428,59.92000405500001,0.294993,0.29499266650000006,-3.334999999493604e-07
steps,steps_20260913_130149,429,60.06200259800001,0.300007,0.3000074162272727,4.162272727037397e-07
steps,steps_20260913_130149,430,60.200003458,0.290391,0.2903914673863636,4.673863636117659e-07
steps,steps_20260913_130149,431,60.342002300999994,0.287925,0.28792483570454547,-1.6429545451890348e-07
steps,steps_20260913_130149,432,60.480002651999996,0.278479,0.27847885131818184,-1.4868181813509906e-07
steps,steps_20260913_130149,433,60.620001016,0.277757,0.27775670331818186,-2.9668181811270955e-07
steps,steps_20260913_130149,434,60.760016025,0.270092,0.2700915790681819,-4.2093181812363767e-07
steps,steps_20260913_130149,435,60.901999407000005,0.282307,0.2823068417272728,-1.5827272720203567e-07
steps,steps_20260913_130149,436,61.040000727999995,0.261149,0.2611492072954546,2.072954545795369e-07
steps,steps_20260913_130149,437,61.180001668,0.27125,0.27124993365909095,-6.63409090440048e-08
steps,steps_20260913_130149,438,61.32003256,0.26501,0.26500981834090914,-1.816590908809701e-07
steps,steps_20260913_130149,439,61.462001011,0.257436,0.2574356479545455,-3.520454545102858e-07
steps,steps_20260913_130149,440,61.602020076,0.248671,0.2486709675227273,-3.247727270450085e-08
steps,steps_20260913_130149,441,61.740009743,0.247456,0.24745568734090911,-3.126590908952842e-07
steps,steps_20260913_130149,442,61.880004215,0.243075,0.24307516418181818,1.641818181685739e-07
steps,steps_20260913_130149,443,62.022028468,0.235229,0.2352285767045455,-4.232954544935996e-07
steps,steps_20260913_130149,444,62.162002051,0.232193,0.23219310020454548,1.0020454546677549e-07
steps,steps_20260913_130149,445,62.300000979000004,0.225646,0.22564621927272727,2.192727272531947e-07
steps,steps_20260913_130149,446,62.44000011,0.22079,0.22078981622727276,-1.8377272723024696e-07
steps,steps_20260913_130149,447,62.581998455000004,0.215489,0.2154886977727273,-3.0222727270823313e-07
steps,steps_20260913_130149,448,62.720000748000004,0.21,0.20999997025000003,-2.9749999963524232e-08
steps,steps_20260913_130149,449,62.86000623299999,0.204432,0.20443157031818185,-4.296818181537265e-07
steps,steps_20260913_130149,450,63.0000218,0.198863,0.19886276931818186,-2.3068181814744904e-07
steps,steps_20260913_130149,451,63.142001406999995,0.193216,0.1932158530909091,-1.4690909089232207e-07
steps,steps_20260913_130149,452,63.281999822,0.187648,0.1876477344318182,-2.655681818064526e-07
steps,steps_20260913_130149,453,63.420003167999994,0.182159,0.18215896490909092,-3.509090906739232e-08
steps,steps_20260913_130149,454,63.562000893000004,0.174995,0.1749947546136364,-2.453863636175946e-07
steps,steps_20260913_130149,455,63.700028097,0.170069,0.17006864397727275,-3.5602272724366557e-07
steps,steps_20260913_130149,456,63.840002547,0.165454,0.16545444411363638,4.4411363639418333e-07
steps,steps_20260913_130149,457,63.981999200999994,0.159807,0.15980685000000003,-1.4999999997655777e-07
steps,steps_20260913_130149,458,64.120007936,0.141142,0.1411418331590909,-1.6684090908825056e-07
steps,steps_20260913_130149,459,64.260003652,0.131196,0.13119629345454548,2.934545454691406e-07
steps,steps_20260913_130149,460,64.402001197,0.133849,0.13384928820454547,2.882045454788429e-07
steps,steps_20260913_130149,461,64.540000677,0.148254,0.14825388581818183,-1.1418181816713613e-07
steps,steps_20260913_130149,462,64.680000705,0.159091,0.15909090909090912,-9.090909089404242e-08
steps,steps_20260913_130149,463,64.820001655,0.159091,0.15909090909090912,-9.090909089404242e-08
steps,steps_20260913_130149,464,64.960003988,0.159091,0.15909090909090912,-9.090909089404242e-08
steps,steps_20260913_130149,465,65.100005327,0.159091,0.15909090909090912,-9.090909089404242e-08
steps,steps_20260913_130149,466,65.241998033,0.159091,0.15909090909090912,-9.090909089404242e-08
steps,steps_20260913_130149,467,65.380005403,0.159091,0.15909090909090912,-9.090909089404242e-08
steps,steps_20260913_130149,468,65.520005737,0.159091,0.15909090909090912,-9.090909089404242e-08
steps,steps_20260913_130149,469,65.66000043,0.159091,0.15909090909090912,-9.090909089404242e-08
steps,steps_20260913_130149,470,65.801995867,0.159091,0.15909090909090912,-9.090909089404242e-08
steps,steps_20260913_130149,471,65.940000171,0.159091,0.15909090909090912,-9.090909089404242e-08
steps,steps_20260913_130149,472,66.080000672,0.159091,0.15909090909090912,-9.090909089404242e-08
steps,steps_20260913_130149,473,66.220026259,0.159091,0.15909090909090912,-9.090909089404242e-08
steps,steps_20260913_130149,474,66.361999301,0.159091,0.15909090909090912,-9.090909089404242e-08
steps,steps_20260913_130149,475,66.500003112,0.159091,0.15909090909090912,-9.090909089404242e-08
steps,steps_20260913_130149,476,66.642013172,0.159091,0.15909090909090912,-9.090909089404242e-08
steps,steps_20260913_130149,477,66.780002274,0.159091,0.15909090909090912,-9.090909089404242e-08
steps,steps_20260913_130149,478,66.920003606,0.159091,0.15909090909090912,-9.090909089404242e-08
steps,steps_20260913_130149,479,67.06203195,0.159091,0.15909090909090912,-9.090909089404242e-08
steps,steps_20260913_130149,480,67.200000786,0.159091,0.15909090909090912,-9.090909089404242e-08
steps,steps_20260913_130149,481,67.34200118,0.159091,0.15909090909090912,-9.090909089404242e-08
steps,steps_20260913_130149,482,67.480004147,0.159091,0.15909090909090912,-9.090909089404242e-08
steps,steps_20260913_130149,483,67.622004116,0.159091,0.15909090909090912,-9.090909089404242e-08
steps,steps_20260913_130149,484,67.760002288,0.159091,0.15909090909090912,-9.090909089404242e-08
steps,steps_20260913_130149,485,67.900004024,0.159091,0.15909090909090912,-9.090909089404242e-08
steps,steps_20260913_130149,486,68.040003756,0.159091,0.15909090909090912,-9.090909089404242e-08
steps,steps_20260913_130149,487,68.180000282,0.159091,0.15909090909090912,-9.090909089404242e-08
steps,steps_20260913_130149,488,68.320006566,0.159091,0.15909090909090912,-9.090909089404242e-08
steps,steps_20260913_130149,489,68.460000627,0.159091,0.15909090909090912,-9.090909089404242e-08
steps,steps_20260913_130149,490,68.600002055,0.159091,0.15909090909090912,-9.090909089404242e-08
steps,steps_20260913_130149,491,68.740000141,0.159091,0.15909090909090912,-9.090909089404242e-08
steps,steps_20260913_130149,492,68.882013425,0.159091,0.15909090909090912,-9.090909089404242e-08
steps,steps_20260913_130149,493,69.020021646,0.159091,0.15909090909090912,-9.090909089404242e-08
steps,steps_20260913_130149,494,69.160000775,0.159091,0.15909090909090912,-9.090909089404242e-08
steps,steps_20260913_130149,495,69.300002759,0.159091,0.15909090909090912,-9.090909089404242e-08
steps,steps_20260913_130149,496,69.440000256,0.159091,0.15909090909090912,-9.090909089404242e-08
steps,steps_20260913_130149,497,69.580001122,0.159091,0.15909090909090912,-9.090909089404242e-08
steps,steps_20260913_130149,498,69.720003353,0.159091,0.15909090909090912,-9.090909089404242e-08
steps,steps_20260913_130149,499,69.860000574,0.159091,0.15909090909090912,-9.090909089404242e-08
steps,steps_20260913_130149,500,70.000005189,0.159091,0.15909090909090912,-9.090909089404242e-08
steps,steps_20260913_130149,501,70.14200445,0.159091,0.15909090909090912,-9.090909089404242e-08
steps,steps_20260913_130149,502,70.280000885,0.159091,0.15909090909090912,-9.090909089404242e-08
steps,steps_20260913_130149,503,70.420011513,0.159091,0.15909090909090912,-9.090909089404242e-08
steps,steps_20260913_130149,504,70.560006053,0.159091,0.15909090909090912,-9.090909089404242e-08
steps,steps_20260913_130149,505,70.700005482,0.159091,0.15909090909090912,-9.090909089404242e-08
steps,steps_20260913_130149,506,70.840003129,0.159091,0.15909090909090912,-9.090909089404242e-08
steps,steps_20260913_130149,507,70.980002478,0.159091,0.15909090909090912,-9.090909089404242e-08
steps,steps_20260913_130149,508,71.120000123,0.159091,0.15909090909090912,-9.090909089404242e-08
steps,steps_20260913_130149,509,71.262000035,0.159091,0.15909090909090912,-9.090909089404242e-08
steps,steps_20260913_130149,510,71.400003512,0.159091,0.15909090909090912,-9.090909089404242e-08
steps,steps_20260913_130149,511,71.540005489,0.159091,0.15909090909090912,-9.090909089404242e-08
steps,steps_20260913_130149,512,71.681997672,0.159091,0.15909090909090912,-9.090909089404242e-08
steps,steps_20260913_130149,513,71.82001948999999,0.159091,0.15909090909090912,-9.090909089404242e-08
steps,steps_20260913_130149,514,71.961997226,0.159091,0.15909090909090912,-9.090909089404242e-08
steps,steps_20260913_130149,515,72.100000035,0.157102,0.1571022720909091,2.7209090910917944e-07
steps,steps_20260913_130149,516,72.240003334,0.154318,0.15431811547727273,1.1547727271632446e-07
steps,steps_20260913_130149,517,72.38200194,0.151494,0.1514942796818182,2.796818182049243e-07
steps,steps_20260913_130149,518,72.520000108,0.14875,0.14874999793181817,-2.0681818202472613e-09
steps,steps_20260913_130149,519,72.662000834,0.145926,0.14592611981818185,1.1981818184847448e-07
steps,steps_20260913_130149,520,72.800008284,0.143182,0.14318165352272727,-3.4647727273351414e-07
steps,steps_20260913_130149,521,72.940004878,0.140398,0.14039763022727272,-3.6977272727112265e-07
steps,steps_20260913_130149,522,73.080000532,0.137614,0.13761362586363637,-3.741363636122763e-07
steps,steps_20260913_130149,523,73.220003224,0.134829,0.1348294813409091,4.813409091031229e-07
steps,steps_20260913_130149,524,73.362000445,0.132006,0.1320056729090909,-3.2709090910798544e-07
steps,steps_20260913_130149,525,73.500010911,0.129261,0.12926114663636365,1.4663636366263333e-07
steps,steps_20260913_130149,526,73.640004762,0.126477,0.12647717806818184,1.7806818183863093e-07
steps,steps_20260913_130149,527,73.780009261,0.123693,0.1236929975909091,-2.4090908989915505e-09
steps,steps_20260913_130149,528,73.920006368,0.120909,0.12090896427272728,-3.572727272360687e-08
steps,steps_20260913_130149,529,74.060002634,0.118125,0.11812494765909093,-5.234090906525157e-08
steps,steps_20260913_130149,530,74.200025365,0.11534,0.11534040461363637,4.04613636373341e-07
steps,steps_20260913_130149,531,74.340037317,0.112556,0.11255607602272727,7.602272726614512e-08
steps,steps_20260913_130149,532,74.482002375,0.109733,0.10973290729545455,-9.270454544296758e-08
steps,steps_20260913_130149,533,74.622038332,0.106948,0.10694810127272728,1.0127272727367131e-07
steps,steps_20260913_130149,534,74.761999086,0.104165,0.10416479086363638,-2.091363636158583e-07
steps,steps_20260913_130149,535,74.900003264,0.10142,0.10142038963636364,3.8963636364575116e-07
steps,steps_20260913_130149,536,75.04000604,0.0986362,0.09863624352272729,4.352272729712947e-08
steps,steps_20260913_130149,537,75.182002243,0.0958125,0.09581245545454546,-4.454545453336234e-08
steps,steps_20260913_130149,538,75.321999822,0.0930284,0.0930284125909091,1.25909091069909e-08
steps,steps_20260913_130149,539,75.462025886,0.0902438,0.09024380336363637,3.3636363694355964e-09
steps,steps_20260913_130149,540,75.600003663,0.0874999,0.08749992713636365,2.7136363642266126e-08
steps,steps_20260913_130149,541,75.741999367,0.0846761,0.0846761489318182,4.8931818194541954e-08
steps,steps_20260913_130149,542,75.882000481,0.081892,0.08189203590909092,3.5909090909114205e-08
steps,steps_20260913_130149,543,76.022002798,0.0791079,0.07910789886363637,-1.1363636281958023e-09
steps,steps_20260913_130149,544,76.160001237,0.0763636,0.07636361170454546,1.1704545457846827e-08
steps,steps_20260913_130149,545,76.300000786,0.0735795,0.07357952986363638,2.9863636369364954e-08
steps,steps_20260913_130149,546,76.441998125,0.0707557,0.07075571904545457,1.90454545606622e-08
steps,steps_20260913_130149,547,76.581999103,0.0679716,0.06797160872727273,8.727272737818481e-09
steps,steps_20260913_130149,548,76.720006405,0.0652271,0.06522714529545455,4.5295454553784253e-08
steps,steps_20260913_130149,549,76.860003617,0.0624431,0.06244310990909091,9.90909090892167e-09
steps,steps_20260913_130149,550,77.002069087,0.0596179,0.05961794427272728,4.427272727591802e-08
steps,steps_20260913_130149,551,77.140000655,0.056875,0.056874986954545466,-1.304545453606476e-08
steps,steps_20260913_130149,552,77.282000339,0.0540511,0.054051129681818195,2.968181819773541e-08
steps,steps_20260913_130149,553,77.420002622,0.0513068,0.051306766000000004,-3.399999999598169e-08
steps,steps_20260913_130149,554,77.561997506,0.048483,0.04848300418181819,4.1818181903408025e-09
steps,steps_20260913_130149,555,77.700000011,0.0457386,0.045738636204545456,3.6204545458828896e-08
steps,steps_20260913_130149,556,77.840001532,0.0429545,0.04295451506818182,1.506818182034353e-08
steps,steps_20260913_130149,557,77.981999041,0.0401307,0.04013070090909092,9.09090920597766e-10
steps,steps_20260913_130149,558,78.122012451,0.0373463,0.03734634336363637,4.3363636369198044e-08
steps,steps_20260913_130149,559,78.260003379,0.0346022,0.03460220559090909,5.590909089858709e-09
steps,steps_20260913_130149,560,78.400001612,0.0318181,0.031818149840909096,4.984090909432304e-08
steps,steps_20260913_130149,561,78.540007417,0.0290339,0.029033943431818185,4.343181818355912e-08
steps,steps_20260913_130149,562,78.680002625,0.0262499,0.026249947818181817,4.781818181698316e-08
steps,steps_20260913_130149,563,78.820004316,0.0234658,0.023465823340909093,2.334090909439368e-08
steps,steps_20260913_130149,564,78.960003267,0.0206818,0.020681753272727272,-4.67272727282253e-08
steps,steps_20260913_130149,565,79.101999593,0.017858,0.01785796265909091,-3.7340909090494145e-08
steps,steps_20260913_130149,566,79.240001198,0.0151136,0.0151136125,1.2500000000359446e-08
steps,steps_20260913_130149,567,79.381996512,0.0122898,0.012289842090909093,4.2090909093198126e-08
steps,steps_20260913_130149,568,79.520005691,0.00954534,0.009545341431818182,1.4318181831146637e-09
steps,steps_20260913_130149,569,79.660004595,0.00676127,0.006761272318181819,2.3181818192483106e-09
steps,steps_20260913_130149,570,79.800018196,0.00397691,0.003976910954545455,9.545454548315346e-10
steps,steps_20260913_130149,571,79.940005748,0.00119307,0.001193067590909091,-2.4090909089662105e-09
steps,steps_20260913_130149,572,80.080037995,0.0,0.0,0.0
steps,steps_20260913_130149,573,80.220001576,0.0,0.0,0.0
steps,steps_20260913_130149,574,80.360021409,0.0,0.0,0.0
steps,steps_20260913_130149,575,80.501988787,0.0,0.0,0.0
steps,steps_20260913_130149,576,80.640008855,0.0,0.0,0.0
steps,steps_20260913_130149,577,80.78000411,0.0,0.0,0.0
steps,steps_20260913_130149,578,80.922022092,0.0,0.0,0.0
steps,steps_20260913_130149,579,81.06199931,0.0,0.0,0.0
steps,steps_20260913_130149,580,81.200001792,0.0,0.0,0.0
steps,steps_20260913_130149,581,81.34000057,0.0,0.0,0.0
steps,steps_20260913_130149,582,81.481987621,0.0,0.0,0.0
steps,steps_20260913_130149,583,81.622009396,0.0,0.0,0.0
steps,steps_20260913_130149,584,81.760001067,0.0,0.0,0.0
steps,steps_20260913_130149,585,81.900000912,0.0,0.0,0.0
steps,steps_20260913_130149,586,82.041997238,0.0,0.0,0.0
steps,steps_20260913_130149,587,82.181998145,0.0,0.0,0.0
steps,steps_20260913_130149,588,82.320002154,0.0,0.0,0.0
steps,steps_20260913_130149,589,82.462005503,0.0,0.0,0.0
steps,steps_20260913_130149,590,82.600000681,0.0,0.0,0.0
steps,steps_20260913_130149,591,82.740001865,0.0,0.0,0.0
steps,steps_20260913_130149,592,82.882001956,0.0,0.0,0.0
steps,steps_20260913_130149,593,83.020000622,0.0,0.0,0.0
steps,steps_20260913_130149,594,83.162005235,0.0,0.0,0.0
steps,steps_20260913_130149,595,83.301992617,0.0,0.0,0.0
steps,steps_20260913_130149,596,83.44000051,0.0,0.0,0.0
steps,steps_20260913_130149,597,83.581997884,0.0,0.0,0.0
steps,steps_20260913_130149,598,83.72000395,0.0,0.0,0.0
steps,steps_20260913_130149,599,83.860001234,0.0,0.0,0.0
steps,steps_20260913_130149,600,84.000034848,0.0,0.0,0.0
steps,steps_20260913_130149,601,84.140002968,0.0,0.0,0.0
steps,steps_20260913_130149,602,84.281988576,0.0,0.0,0.0
steps,steps_20260913_130149,603,84.422039802,0.0,0.0,0.0
steps,steps_20260913_130149,604,84.560010927,0.0,0.0,0.0
steps,steps_20260913_130149,605,84.701998405,0.0,0.0,0.0
steps,steps_20260913_130149,606,84.841997351,0.0,0.0,0.0
steps,steps_20260913_130149,607,84.982005758,0.0,0.0,0.0
steps,steps_20260913_130149,608,85.120008386,0.0,0.0,0.0
steps,steps_20260913_130149,609,85.260005812,0.0,0.0,0.0
steps,steps_20260913_130149,610,85.400006607,0.0,0.0,0.0
steps,steps_20260913_130149,611,85.540007113,0.0,0.0,0.0
steps,steps_20260913_130149,612,85.680003953,0.0,0.0,0.0
steps,steps_20260913_130149,613,85.820003871,0.0,0.0,0.0
steps,steps_20260913_130149,614,85.960002378,0.0,0.0,0.0
steps,steps_20260913_130149,615,86.100001569,0.0,0.0,0.0
steps,steps_20260913_130149,616,86.240024949,0.0,0.0,0.0
steps,steps_20260913_130149,617,86.380002543,0.0,0.0,0.0
steps,steps_20260913_130149,618,86.521995349,0.0,0.0,0.0
steps,steps_20260913_130149,619,86.660002667,0.0,0.0,0.0
steps,steps_20260913_130149,620,86.800003284,0.0,0.0,0.0
steps,steps_20260913_130149,621,86.940000678,0.0,0.0,0.0
steps,steps_20260913_130149,622,87.080000466,0.0,0.0,0.0
steps,steps_20260913_130149,623,87.222000827,0.0,0.0,0.0
steps,steps_20260913_130149,624,87.362002889,0.0,0.0,0.0
steps,steps_20260913_130149,625,87.50200005,0.0,0.0,0.0
steps,steps_20260913_130149,626,87.641997928,0.0,0.0,0.0
steps,steps_20260913_130149,627,87.780000958,0.0,0.0,0.0
steps,steps_20260913_130149,628,87.922003472,0.0,0.0,0.0
steps,steps_20260913_130149,629,88.06000054,0.0,0.0,0.0
steps,steps_20260913_130149,630,88.200000231,0.0,0.0,0.0
steps,steps_20260913_130149,631,88.340000705,0.0,0.0,0.0
steps,steps_20260913_130149,632,88.480004662,0.0,0.0,0.0
steps,steps_20260913_130149,633,88.620001504,0.0,0.0,0.0
steps,steps_20260913_130149,634,88.762000526,0.0,0.0,0.0
steps,steps_20260913_130149,635,88.900001079,0.0,0.0,0.0
steps,steps_20260913_130149,636,89.04200415,0.0,0.0,0.0
steps,steps_20260913_130149,637,89.180002088,0.0,0.0,0.0
steps,steps_20260913_130149,638,89.322000661,0.0,0.0,0.0
steps,steps_20260913_130149,639,89.460009292,0.0,0.0,0.0
steps,steps_20260913_130149,640,89.600000607,0.0,0.0,0.0
steps,steps_20260913_130149,641,89.740000612,0.0,0.0,0.0
steps,steps_20260913_130149,642,89.880018847,0.0,0.0,0.0
steps,steps_20260913_130149,643,90.020000382,0.0,0.0,0.0
steps,steps_20260913_130149,644,90.160004816,0.0,0.0,0.0
steps,steps_20260913_130149,645,90.3019997,0.0,0.0,0.0
steps,steps_20260913_130149,646,90.440003283,0.0,0.0,0.0
steps,steps_20260913_130149,647,90.582001077,0.0,0.0,0.0
steps,steps_20260913_130149,648,90.720034135,0.0,0.0,0.0
steps,steps_20260913_130149,649,90.860001555,0.0,0.0,0.0
steps,steps_20260913_130149,650,91.000006875,0.0,0.0,0.0
steps,steps_20260913_130149,651,91.142000621,0.0,0.0,0.0
steps,steps_20260913_130149,652,91.28000458,0.0,0.0,0.0
steps,steps_20260913_130149,653,91.421991093,0.0,0.0,0.0
steps,steps_20260913_130149,654,91.562010125,0.0,0.0,0.0
steps,steps_20260913_130149,655,91.700002756,0.0,0.0,0.0
steps,steps_20260913_130149,656,91.841999162,0.0,0.0,0.0
steps,steps_20260913_130149,657,91.980000269,0.0,0.0,0.0
steps,steps_20260913_130415,1,0.14000350699999942,0.0,0.0,0.0
steps,steps_20260913_130415,2,0.28000498900000004,0.0,0.0,0.0
steps,steps_20260913_130415,3,0.42199636999999957,0.0,0.0,0.0
steps,steps_20260913_130415,4,0.5600383620000002,0.0,0.0,0.0
steps,steps_20260913_130415,5,0.7000026429999995,0.0,0.0,0.0
steps,steps_20260913_130415,6,0.840000925,0.0,0.0,0.0
steps,steps_20260913_130415,7,0.9800003090000002,0.0,0.0,0.0
steps,steps_20260913_130415,8,1.1220068689999998,0.0,0.0,0.0
steps,steps_20260913_130415,9,1.2620094029999995,0.0,0.0,0.0
steps,steps_20260913_130415,10,1.400002251,0.0,0.0,0.0
steps,steps_20260913_130415,11,1.541997618,0.0,0.0,0.0
steps,steps_20260913_130415,12,1.6820025269999999,0.0,0.0,0.0
steps,steps_20260913_130415,13,1.8200201499999995,0.0,0.0,0.0
steps,steps_20260913_130415,14,1.960010401,0.0,0.0,0.0
steps,steps_20260913_130415,15,2.1000115719999997,0.0,0.0,0.0
steps,steps_20260913_130415,16,2.241999465,0.0,0.0,0.0
steps,steps_20260913_130415,17,2.3800021119999997,0.0,0.0,0.0
steps,steps_20260913_130415,18,2.520011748,0.0,0.0,0.0
steps,steps_20260913_130415,19,2.6600023769999996,0.0,0.0,0.0
steps,steps_20260913_130415,20,2.80199815,0.0,0.0,0.0
steps,steps_20260913_130415,21,2.9420044999999995,0.0,0.0,0.0
steps,steps_20260913_130415,22,3.080002073,0.0,0.0,0.0
steps,steps_20260913_130415,23,3.221983689,0.0,0.0,0.0
steps,steps_20260913_130415,24,3.361994717,0.0,0.0,0.0
steps,steps_20260913_130415,25,3.5019952189999994,0.0,0.0,0.0
steps,steps_20260913_130415,26,3.6419953619999994,0.0,0.0,0.0
steps,steps_20260913_130415,27,3.78200309,0.0,0.0,0.0
steps,steps_20260913_130415,28,3.9220001159999995,0.0,0.0,0.0
steps,steps_20260913_130415,29,4.061988726999999,0.0,0.0,0.0
steps,steps_20260913_130415,30,4.200011013999999,0.0,0.0,0.0
steps,steps_20260913_130415,31,4.341995432999999,0.0,0.0,0.0
steps,steps_20260913_130415,32,4.481993723,0.0,0.0,0.0
steps,steps_20260913_130415,33,4.620008597,0.0,0.0,0.0
steps,steps_20260913_130415,34,4.76199907,0.0,0.0,0.0
steps,steps_20260913_130415,35,4.900014234,0.0,0.0,0.0
steps,steps_20260913_130415,36,5.0419955089999995,0.0,0.0,0.0
steps,steps_20260913_130415,37,5.180008229,0.0,0.0,0.0
steps,steps_20260913_130415,38,5.3200031249999995,0.0,0.0,0.0
steps,steps_20260913_130415,39,5.46198886,0.0,0.0,0.0
steps,steps_20260913_130415,40,5.601993803999999,0.0,0.0,0.0
steps,steps_20260913_130415,41,5.741999859,0.0,0.0,0.0
steps,steps_20260913_130415,42,5.8800024319999995,0.0,0.0,0.0
steps,steps_20260913_130415,43,6.020011603,0.0,0.0,0.0
steps,steps_20260913_130415,44,6.16000204,0.0,0.0,0.0
steps,steps_20260913_130415,45,6.3000103339999995,0.0,0.0,0.0
steps,steps_20260913_130415,46,6.440012063999999,0.0,0.0,0.0
steps,steps_20260913_130415,47,6.582008458999999,0.0,0.0,0.0
steps,steps_20260913_130415,48,6.7220013729999994,0.0,0.0,0.0
steps,steps_20260913_130415,49,6.86199622,0.0,0.0,0.0
steps,steps_20260913_130415,50,7.0020000630000006,0.0,0.0,0.0
steps,steps_20260913_130415,51,7.142001712999999,0.0,0.0,0.0
steps,steps_20260913_130415,52,7.2820046220000005,0.0,0.0,0.0
steps,steps_20260913_130415,53,7.420000846999999,0.0,0.0,0.0
steps,steps_20260913_130415,54,7.560002059,0.0,0.0,0.0
steps,steps_20260913_130415,55,7.701996082999999,0.0,0.0,0.0
steps,steps_20260913_130415,56,7.842000860999999,0.0,0.0,0.0
steps,steps_20260913_130415,57,7.981994106,0.0,0.0,0.0
steps,steps_20260913_130415,58,8.121993944,0.00242602,0.002426015931818182,-4.068181817893507e-09
steps,steps_20260913_130415,59,8.260001472999999,0.00517048,0.005170483818181818,3.818181818458777e-09
steps,steps_20260913_130415,60,8.402001749,0.00799435,0.007994353022727272,3.022727271609349e-09
steps,steps_20260913_130415,61,8.540001918,0.0107387,0.010738674545454546,-2.545454545407888e-08
steps,steps_20260913_130415,62,8.680001278,0.0135228,0.013522752727272729,-4.727272727086951e-08
steps,steps_20260913_130415,63,8.820002182,0.0163069,0.016306861613636366,-3.8386363632875176e-08
steps,steps_20260913_130415,64,8.961995082,0.0191306,0.019130583977272728,-1.602272727344034e-08
steps,steps_20260913_130415,65,9.101995185,0.0219147,0.021914676954545454,-2.304545454467899e-08
steps,steps_20260913_130415,66,9.240028555,0.0246597,0.024659658704545458,-4.129545454201189e-08
steps,steps_20260913_130415,67,9.382000163999999,0.027483,0.02748295772727273,-4.227272727003184e-08
steps,steps_20260913_130415,68,9.521996617,0.030267,0.03026697815909091,-2.184090908824432e-08
steps,steps_20260913_130415,69,9.66000023,0.0330114,0.03301136825,-3.1750000004104884e-08
steps,steps_20260913_130415,70,9.801995781,0.0358351,0.035835143431818185,4.343181818355912e-08
steps,steps_20260913_130415,71,9.941996567,0.0386192,0.03861924993181818,4.993181818013781e-08
steps,steps_20260913_130415,72,10.082002433,0.0414035,0.041403457454545455,-4.254545454829284e-08
steps,steps_20260913_130415,73,10.220028376,0.0441483,0.04414829156818182,-8.431818181164896e-09
steps,steps_20260913_130415,74,10.360010793999999,0.046932,0.046932032795454555,3.279545455342481e-08
steps,steps_20260913_130415,75,10.500000173,0.0497159,0.049715912590909093,1.2590909093113112e-08
steps,steps_20260913_130415,76,10.640023077,0.0525005,0.052500458977272735,-4.102272726375089e-08
steps,steps_20260913_130415,77,10.780002876,0.0552841,0.05528414802272728,4.802272727394419e-08
steps,steps_20260913_130415,78,10.920003652,0.0580683,0.058068254363636364,-4.5636363639467437e-08
steps,steps_20260913_130415,79,11.062004668,0.0608921,0.060892138204545455,3.8204545457776184e-08
steps,steps_20260913_130415,80,11.200000665,0.0636364,0.0636363768409091,-2.315909089500856e-08
steps,steps_20260913_130415,81,11.341995691,0.0664601,0.06646014152272728,4.1522727284304395e-08
steps,steps_20260913_130415,82,11.480012199999999,0.0692048,0.06920478806818182,-1.1931818172383757e-08
steps,steps_20260913_130415,83,11.621992714,0.0720283,0.07202826415909092,-3.584090908781423e-08
steps,steps_20260913_130415,84,11.760001067000001,0.0747727,0.07477274843181818,4.8431818180927344e-08
steps,steps_20260913_130415,85,11.900002228999998,0.0775569,0.07755686256818183,-3.743181817283947e-08
steps,steps_20260913_130415,86,12.040001405999998,0.0803409,0.0803409370909091,3.709090909409518e-08
steps,steps_20260913_130415,87,12.181995424,0.0831647,0.08316468172727273,-1.82727272618477e-08
steps,steps_20260913_130415,88,12.320014864000001,0.0859094,0.08590938650000002,-1.3499999979016408e-08
steps,steps_20260913_130415,89,12.461994779000001,0.0887329,0.08873285065909092,-4.934090908070843e-08
steps,steps_20260913_130415,90,12.601994923,0.0915169,0.0915169444318182,4.4431818196910555e-08
steps,steps_20260913_130415,91,12.740011258,0.0942616,0.09426158747727273,-1.2522727271813139e-08
steps,steps_20260913_130415,92,12.881998138,0.0970852,0.09708519020454547,-9.795454530836523e-09
steps,steps_20260913_130415,93,13.021993472999998,0.0998692,0.09986918836363638,-1.1636363622669066e-08
steps,steps_20260913_130415,94,13.161994208,0.102653,0.10265329390909092,2.9390909092597006e-07
steps,steps_20260913_130415,95,13.300001141,0.105398,0.10539775002272729,-2.4997727271491854e-07
steps,steps_20260913_130415,96,13.440000439999999,0.108182,0.1081818269318182,-1.7306818179962935e-07
steps,steps_20260913_130415,97,13.582013072999999,0.111006,0.11100594177272728,-5.8227272711763867e-08
steps,steps_20260913_130415,98,13.722002011,0.11379,0.11378981265909092,-1.8734090907746026e-07
steps,steps_20260913_130415,99,13.860001079,0.116534,0.11653411238636364,1.1238636364596655e-07
steps,steps_20260913_130415,100,14.000010153999998,0.119318,0.11931838370454545,3.837045454563315e-07
steps,steps_20260913_130415,101,14.141997862,0.122142,0.12214200297727275,2.977272747783921e-09
steps,steps_20260913_130415,102,14.281992125999999,0.124926,0.12492597981818182,-2.0181818174980215e-08
steps,steps_20260913_130415,103,14.420002963999998,0.127671,0.1276705134090909,-4.865909090934206e-07
steps,steps_20260913_130415,104,14.561998168999999,0.130494,0.13049428175,2.81749999997416e-07
steps,steps_20260913_130415,105,14.702008184,0.133279,0.1332785718409091,-4.2815909090387905e-07
steps,steps_20260913_130415,106,14.841980146000001,0.136062,0.13606210513636366,1.0513636367059931e-07
steps,steps_20260913_130415,107,14.982002594,0.138847,0.13884664245454545,-3.575454545490242e-07
steps,steps_20260913_130415,108,15.120000817000001,0.141591,0.14159092531818185,-7.468181814629382e-08
steps,steps_20260913_130415,109,15.262003065999998,0.144415,0.1444148336590909,-1.6634090907463595e-07
steps,steps_20260913_130415,110,15.400001496000002,0.147159,0.14715912065909093,1.206590909130778e-07
steps,steps_20260913_130415,111,15.541994925000001,0.149983,0.1499828536818182,-1.463181817928927e-07
steps,steps_20260913_130415,112,15.682020495,0.152767,0.15276745304545455,4.5304545456814616e-07
steps,steps_20260913_130415,113,15.821995300000001,0.155551,0.15555104281818186,4.2818181861248306e-08
steps,steps_20260913_130415,114,15.961995229,0.158335,0.15833513245454545,1.3245454544286162e-07
steps,steps_20260913_130415,115,16.102000367,0.159091,0.15909090909090912,-9.090909089404242e-08
steps,steps_20260913_130415,116,16.242000183,0.159091,0.15909090909090912,-9.090909089404242e-08
steps,steps_20260913_130415,117,16.380025351,0.159091,0.15909090909090912,-9.090909089404242e-08
steps,steps_20260913_130415,118,16.522001877,0.154848,0.15484753025,-4.697500000094834e-07
steps,steps_20260913_130415,119,16.66003031,0.149856,0.1498564075909091,4.0759090910724716e-07
steps,steps_20260913_130415,120,16.801998558,0.159091,0.15909090909090912,-9.090909089404242e-08
steps,steps_20260913_130415,121,16.942009243,0.159091,0.15909090909090912,-9.090909089404242e-08
steps,steps_20260913_130415,122,17.082007244,0.159091,0.15909090909090912,-9.090909089404242e-08
steps,steps_20260913_130415,123,17.220001762,0.159091,0.15909090909090912,-9.090909089404242e-08
steps,steps_20260913_130415,124,17.360015322,0.158714,0.15871408859090913,8.85909091363768e-08
steps,steps_20260913_130415,125,17.500020143,0.158279,0.15827941165909093,4.116590909264417e-07
steps,steps_20260913_130415,126,17.642001100999998,0.159091,0.15909090909090912,-9.090909089404242e-08
steps,steps_20260913_130415,127,17.782000402,0.159091,0.15909090909090912,-9.090909089404242e-08
steps,steps_20260913_130415,128,17.921995683,0.15065,0.15064995988636365,-4.011363635703091e-08
steps,steps_20260913_130415,129,18.062011335,0.159091,0.15909090909090912,-9.090909089404242e-08
steps,steps_20260913_130415,130,18.201995807,0.159091,0.15909090909090912,-9.090909089404242e-08
steps,steps_20260913_130415,131,18.340000666999998,0.159091,0.15909090909090912,-9.090909089404242e-08
steps,steps_20260913_130415,132,18.48200107,0.159091,0.15909090909090912,-9.090909089404242e-08
steps,steps_20260913_130415,133,18.62000375,0.147728,0.1477276146818182,-3.853181818058715e-07
steps,steps_20260913_130415,134,18.760003039,0.159091,0.15909090909090912,-9.090909089404242e-08
steps,steps_20260913_130415,135,18.902033472,0.159091,0.15909090909090912,-9.090909089404242e-08
steps,steps_20260913_130415,136,19.041995836999998,0.159091,0.15909090909090912,-9.090909089404242e-08
steps,steps_20260913_130415,137,19.180010908,0.159091,0.15909090909090912,-9.090909089404242e-08
steps,steps_20260913_130415,138,19.321998245,0.159091,0.15909090909090912,-9.090909089404242e-08
steps,steps_20260913_130415,139,19.462013506999998,0.157626,0.15762576247727272,-2.3752272726440538e-07
steps,steps_20260913_130415,140,19.602001085,0.159091,0.15909090909090912,-9.090909089404242e-08
steps,steps_20260913_130415,141,19.740031474,0.159091,0.15909090909090912,-9.090909089404242e-08
steps,steps_20260913_130415,142,19.880061494,0.159091,0.15909090909090912,-9.090909089404242e-08
steps,steps_20260913_130415,143,20.020022958,0.157794,0.1577936539772727,-3.460227272766847e-07
steps,steps_20260913_130415,144,20.162002009,0.158604,0.15860407038636365,7.03863636541957e-08
steps,steps_20260913_130415,145,20.300019227,0.159091,0.15909090909090912,-9.090909089404242e-08
steps,steps_20260913_130415,146,20.440021382,0.159091,0.15909090909090912,-9.090909089404242e-08
steps,steps_20260913_130415,147,20.582000736,0.159091,0.15909090909090912,-9.090909089404242e-08
steps,steps_20260913_130415,148,20.720001696,0.158654,0.158653586,-4.139999999763777e-07
steps,steps_20260913_130415,149,20.860009364,0.156625,0.15662470265909093,-2.973409090611945e-07
steps,steps_20260913_130415,150,21.001998326,0.159091,0.15909090909090912,-9.090909089404242e-08
steps,steps_20260913_130415,151,21.141996453,0.159091,0.15909090909090912,-9.090909089404242e-08
steps,steps_20260913_130415,152,21.282006239,0.159091,0.15909090909090912,-9.090909089404242e-08
steps,steps_20260913_130415,153,21.422001562,0.158517,0.15851706277272729,6.277272729393601e-08
steps,steps_20260913_130415,154,21.561992244,0.157941,0.15794147377272727,4.737727272718928e-07
steps,steps_20260913_130415,155,21.701992264,0.158703,0.15870262895454548,-3.710454545280406e-07
steps,steps_20260913_130415,156,21.841996853,0.159091,0.15909090909090912,-9.090909089404242e-08
steps,steps_20260913_130415,157,21.981998516,0.159091,0.15909090909090912,-9.090909089404242e-08
steps,steps_20260913_130415,158,22.120022318,0.158325,0.1583252207727273,2.2077272729403852e-07
steps,steps_20260913_130415,159,22.260023226,0.158384,0.15838405736363637,5.7363636368767956e-08
steps,steps_20260913_130415,160,22.40199836,0.159091,0.15909090909090912,-9.090909089404242e-08
steps,steps_20260913_130415,161,22.541999606,0.159091,0.15909090909090912,-9.090909089404242e-08
steps,steps_20260913_130415,162,22.681995247,0.159091,0.15909090909090912,-9.090909089404242e-08
steps,steps_20260913_130415,163,22.820003255,0.159091,0.15909090909090912,-9.090909089404242e-08
steps,steps_20260913_130415,164,22.961996668,0.156751,0.15675065143181818,-3.485681818182762e-07
steps,steps_20260913_130415,165,23.100011122999998,0.158709,0.15870893086363638,-6.913636360628139e-08
steps,steps_20260913_130415,166,23.241995153,0.159091,0.15909090909090912,-9.090909089404242e-08
steps,steps_20260913_130415,167,23.380002887,0.159091,0.15909090909090912,-9.090909089404242e-08
steps,steps_20260913_130415,168,23.520067365,0.159091,0.15909090909090912,-9.090909089404242e-08
steps,steps_20260913_130415,169,23.660035475,0.157836,0.1578361506590909,1.5065909089728713e-07
steps,steps_20260913_130415,170,23.801991322,0.159091,0.15909090909090912,-9.090909089404242e-08
steps,steps_20260913_130415,171,23.941997112,0.159091,0.15909090909090912,-9.090909089404242e-08
steps,steps_20260913_130415,172,24.080024322,0.160682,0.16068230181818183,3.0181818183594444e-07
steps,steps_20260913_130415,173,24.221983948,0.163505,0.16350536252272727,3.6252272725412205e-07
steps,steps_20260913_130415,174,24.362001746,0.16629,0.16628980740909094,-1.925909090538802e-07
steps,steps_20260913_130415,175,24.502000892999998,0.169074,0.16907388145454547,-1.1854545453604537e-07
steps,steps_20260913_130415,176,24.641998667,0.171858,0.17185792797727276,-7.202272725437275e-08
steps,steps_20260913_130415,177,24.780151023,0.174605,0.1746052760454546,2.760454545780444e-07
steps,steps_20260913_130415,178,24.921997816,0.172883,0.17288284761363637,-1.523863636387901e-07
steps,steps_20260913_130415,179,25.061994777,0.171475,0.17147477247727277,-2.2752272721415778e-07
steps,steps_20260913_130415,180,25.201994611,0.180785,0.18078463263636368,-3.6736363631661995e-07
steps,steps_20260913_130415,181,25.341997037,0.185778,0.18577835022727276,3.502272727662348e-07
steps,steps_20260913_130415,182,25.481999067,0.188439,0.18843911354545453,1.1354545453867715e-07
steps,steps_20260913_130415,183,25.621993602,0.187108,0.18710767265909092,-3.273409090731594e-07
steps,steps_20260913_130415,184,25.76199478,0.186964,0.18696443213636366,4.321363636650144e-07
steps,steps_20260913_130415,185,25.901990958,0.188996,0.1889963102045455,3.1020454549501864e-07
steps,steps_20260913_130415,186,26.040000056,0.199659,0.1996590920227273,9.202272729935679e-08
steps,steps_20260913_130415,187,26.181999207,0.202483,0.20248293879545456,-6.120454543179221e-08
steps,steps_20260913_130415,188,26.321994679,0.205267,0.2052669396590909,-6.034090910267409e-08
steps,steps_20260913_130415,189,26.4619974,0.20718,0.2071797625227273,-2.374772727076202e-07
steps,steps_20260913_130415,190,26.601986226,0.209654,0.20965444754545454,4.4754545452940775e-07
steps,steps_20260913_130415,191,26.740007015,0.212013,0.2120131137727273,1.1377272729484744e-07
steps,steps_20260913_130415,192,26.880000468,0.213613,0.2136129583636364,-4.163636360687839e-08
steps,steps_20260913_130415,193,27.02199894,0.219187,0.2191874788409091,4.788409091183166e-07
steps,steps_20260913_130415,194,27.160003024999998,0.221932,0.22193187831818184,-1.2168181814931067e-07
steps,steps_20260913_130415,195,27.301998563999998,0.222135,0.22213498379545457,-1.620454542772265e-08
steps,steps_20260913_130415,196,27.441994050999998,0.225362,0.22536241859090914,4.185909091292128e-07
steps,steps_20260913_130415,197,27.58199399,0.224839,0.2248390895227273,8.952272728679489e-08
steps,steps_20260913_130415,198,27.721994928999997,0.230956,0.23095601390909093,1.3909090934571822e-08
steps,steps_20260913_130415,199,27.860003847999998,0.233365,0.23336460843181822,-3.915681817678873e-07
steps,steps_20260913_130415,200,28.002014869,0.237734,0.23773366272727275,-3.3727272724659585e-07
steps,steps_20260913_130415,201,28.141981584,0.238902,0.23890209890909095,9.890909094534273e-08
steps,steps_20260913_130415,202,28.280003356,0.241699,0.24169885329545457,-1.4670454542842215e-07
steps,steps_20260913_130415,203,28.421996453,0.241998,0.2419978302954546,-1.697045453885604e-07
steps,steps_20260913_130415,204,28.56199557,0.244465,0.24446457875000002,-4.2124999996562273e-07
steps,steps_20260913_130415,205,28.701997391,0.248202,0.24820177836363636,-2.2163636365091222e-07
steps,steps_20260913_130415,206,28.841997759999998,0.245401,0.24540073250000002,-2.674999999840999e-07
steps,steps_20260913_130415,207,28.980124807000003,0.258127,0.25812748197727275,4.819772727593374e-07
steps,steps_20260913_130415,208,29.120122090000002,0.260912,0.2609115187954546,-4.812045453772562e-07
steps,steps_20260913_130415,209,29.260130992,0.263696,0.2636957867727273,-2.1322727267181207e-07
steps,steps_20260913_130415,210,29.400159234,0.262708,0.2627082138863637,2.1388636367580816e-07
steps,steps_20260913_130415,211,29.540128305000003,0.260724,0.26072399754545456,-2.4545454557767243e-09
steps,steps_20260913_130415,212,29.680133232000003,0.264284,0.2642837707045455,-2.2929545451244593e-07
steps,steps_20260913_130415,213,29.820125849,0.262761,0.2627605248863637,-4.7511363632235515e-07
steps,steps_20260913_130415,214,29.960124866,0.273438,0.27343773688636364,-2.6311363637843144e-07
steps,steps_20260913_130415,215,30.100135856,0.273095,0.2730954706136364,4.7061363644962384e-07
steps,steps_20260913_130415,216,30.240130393,0.272965,0.27296541904545457,4.190454545582867e-07
steps,steps_20260913_130415,217,30.380132306999997,0.271256,0.27125578740909095,-2.125909090433531e-07
steps,steps_20260913_130415,218,30.520130315000003,0.278615,0.27861470525,-2.9475000001832896e-07
steps,steps_20260913_130415,219,30.660133211,0.278648,0.2786476730227273,-3.269772727021447e-07
steps,steps_20260913_130415,220,30.800156604999998,0.287616,0.2876156461818182,-3.5381818180857394e-07
steps,steps_20260913_130415,221,30.940151006999997,0.285812,0.2858122403181818,2.403181817989264e-07
steps,steps_20260913_130415,222,31.080125048,0.291454,0.29145378356818186,-2.1643181813413293e-07
steps,steps_20260913_130415,223,31.220130906999998,0.288115,0.2881150307954546,3.07954545752942e-08
steps,steps_20260913_130415,224,31.36013149,0.294291,0.2942910086136364,8.613636359733334e-09
steps,steps_20260913_130415,225,31.500129885999996,0.291962,0.2919615161590909,-4.838409091156848e-07
steps,steps_20260913_130415,226,31.640129221000002,0.310498,0.3104984559090909,4.5590909092396714e-07
steps,steps_20260913_130415,227,31.780129996,0.300285,0.30028451154545455,-4.884545454775235e-07
steps,steps_20260913_130415,228,31.920138023999996,0.307983,0.3079828606590909,-1.3934090908884755e-07
steps,steps_20260913_130415,229,32.060129032,0.297577,0.29757682404545455,-1.7595454543384292e-07
steps,steps_20260913_130415,230,32.200129048,0.307205,0.3072051169090909,1.1690909090811274e-07
steps,steps_20260913_130415,231,32.340123787,0.302394,0.30239385575,-1.44250000000401e-07
steps,steps_20260913_130415,232,32.480123236,0.304322,0.30432247347727276,4.7347727277768925e-07
steps,steps_20260913_130415,233,32.620130758,0.300346,0.3003461225227273,1.2252272729718072e-07
steps,steps_20260913_130415,234,32.760134603,0.306271,0.3062709783636364,-2.1636363589649932e-08
steps,steps_20260913_130415,235,32.900128136,0.300622,0.30062226090909094,2.609090909433398e-07
steps,steps_20260913_130415,236,33.040128594,0.31089,0.31088979536363637,-2.046363636321047e-07
steps,steps_20260913_130415,237,33.180125734,0.30145,0.301450290909091,2.909090909830603e-07
steps,steps_20260913_130415,238,33.320128722,0.308813,0.3088126296818182,-3.703181817860113e-07
steps,steps_20260913_130415,239,33.460142302,0.301766,0.30176644797727276,4.4797727277723354e-07
steps,steps_20260913_130415,240,33.600125309,0.306796,0.3067964586590909,4.586590908739474e-07
steps,steps_20260913_130415,241,33.740130304,0.298988,0.2989882041363637,2.041363637017568e-07
steps,steps_20260913_130415,242,33.880126062,0.309599,0.3095990850909091,8.509090909658568e-08
steps,steps_20260913_130415,243,34.020136322,0.301637,0.30163692379545454,-7.620454545165245e-08
steps,steps_20260913_130415,244,34.160124698,0.309231,0.3092308917727273,-1.0822727269932386e-07
steps,steps_20260913_130415,245,34.300127615,0.296521,0.29652088072727273,-1.1927272725031912e-07
steps,steps_20260913_130415,246,34.440135603,0.304496,0.30449564711363636,-3.5288636363040027e-07
steps,steps_20260913_130415,247,34.580127488,0.298717,0.2987171587272728,1.587272727698874e-07
steps,steps_20260913_130415,248,34.720131621,0.30765,0.30764989818181826,-1.0181818171917101e-07
steps,steps_20260913_130415,249,34.860142028,0.300985,0.30098487125,-1.2874999999468173e-07
steps,steps_20260913_130415,250,35.000110689,0.306539,0.30653863975,-3.6024999999773044e-07
steps,steps_20260913_130415,251,35.140129263,0.298322,0.2983215052045455,-4.947954544975985e-07
steps,steps_20260913_130415,252,35.28012957,0.310926,0.3109260989545455,9.89545455021279e-08
steps,steps_20260913_130415,253,35.420129537,0.30085,0.3008503724545455,3.7245454548306967e-07
steps,steps_20260913_130415,254,35.560123657,0.304548,0.3045484617954546,4.61795454598235e-07
steps,steps_20260913_130415,255,35.700130452,0.298994,0.29899359047727275,-4.095227272293833e-07
steps,steps_20260913_130415,256,35.840125031,0.306973,0.3069733349772728,3.3497727280895617e-07
steps,steps_20260913_130415,257,35.980148807,0.299346,0.29934640050000005,4.0050000005287245e-07
steps,steps_20260913_130415,258,36.120126715,0.309801,0.30980122918181824,2.2918181824538308e-07
steps,steps_20260913_130415,259,36.260125689,0.299672,0.2996720594318182,5.943181818901522e-08
steps,steps_20260913_130415,260,36.400124454,0.3093,0.3092997649318182,-2.3506818180862865e-07
steps,steps_20260913_130415,261,36.540128798,0.297648,0.2976484653863637,4.6538636366832975e-07
steps,steps_20260913_130415,262,36.680119216,0.312815,0.3128146047727273,-3.952272726870376e-07
steps,steps_20260913_130415,263,36.820131196,0.305511,0.30551137368181824,3.736818182664692e-07
steps,steps_20260913_130415,264,36.960129432,0.309262,0.3092624665454546,4.665454546026737e-07
steps,steps_20260913_130415,265,37.100126777999996,0.296744,0.29674447440909096,4.744090909558629e-07
steps,steps_20260913_130415,266,37.240131901,0.306631,0.3066313135454546,3.1354545459993943e-07
steps,steps_20260913_130415,267,37.380130308,0.302174,0.3021743123636364,3.1236363640108067e-07
steps,steps_20260913_130415,268,37.520126247,0.306902,0.3069016626136364,-3.37386363624681e-07
steps,steps_20260913_130415,269,37.660125664,0.298927,0.2989269439545455,-5.604545449955367e-08
steps,steps_20260913_130415,270,37.800127991,0.306633,0.3066330773863637,7.738636370602237e-08
steps,steps_20260913_130415,271,37.940137756,0.300685,0.3006848852954546,-1.1470454536199881e-07
steps,steps_20260913_130415,272,38.08014613,0.311786,0.3117855637272728,-4.362727272222422e-07
steps,steps_20260913_130415,273,38.220145662,0.304415,0.3044148984545455,-1.0154545448948227e-07
steps,steps_20260913_130415,274,38.360126921,0.307892,0.3078920297727273,2.9772727283550182e-08
steps,steps_20260913_130415,275,38.500131574,0.298607,0.29860691970454545,-8.029545456311737e-08
steps,steps_20260913_130415,276,38.640143297,0.309849,0.3098487593409091,-2.406590908776707e-07
steps,steps_20260913_130415,277,38.780130375,0.300813,0.30081331254545457,3.125454545727102e-07
steps,steps_20260913_130415,278,38.920129239,0.308313,0.30831331347727275,3.134772727508839e-07
steps,steps_20260913_130415,279,39.060125544,0.298324,0.2983237055909091,-2.944090908840735e-07
steps,steps_20260913_130415,280,39.200123669,0.306201,0.30620053640909095,-4.6359090905001565e-07
steps,steps_20260913_130415,281,39.34013156,0.299567,0.2995669151363637,-8.486363634041538e-08
steps,steps_20260913_130415,282,39.480136154,0.308914,0.30891397775,-2.2250000009105264e-08
steps,steps_20260913_130415,283,39.620138529,0.299822,0.29982205463636363,5.4636363655546916e-08
steps,steps_20260913_130415,284,39.760142105999996,0.309314,0.3093135816590909,-4.1834090908077215e-07
steps,steps_20260913_130415,285,39.900132908,0.299601,0.29960093227272727,-6.772727273451906e-08
steps,steps_20260913_130415,286,40.040130462,0.315187,0.3151874878409091,4.878409091135794e-07
steps,steps_20260913_130415,287,40.18012559,0.308468,0.3084675451136364,-4.548863636322231e-07
steps,steps_20260913_130415,288,40.320137078,0.314474,0.3144743036590909,3.03659090927777e-07
steps,steps_20260913_130415,289,40.460126921,0.308484,0.30848374597727274,-2.540227272418427e-07
steps,steps_20260913_130415,290,40.600140051,0.325383,0.3253826631363636,-3.3686363637430716e-07
steps,steps_20260913_130415,291,40.740129994,0.317655,0.31765515790909093,1.5790909091428773e-07
steps,steps_20260913_130415,292,40.880131946,0.326593,0.3265933443181819,3.443181818552077e-07
steps,steps_20260913_130415,293,41.020135338,0.317141,0.31714103065909094,3.0659090932694255e-08
steps,steps_20260913_130415,294,41.160133039,0.333822,0.3338222137727273,2.13772727297723e-07
steps,steps_20260913_130415,295,41.300125787,0.327672,0.3276724302727273,4.302727272809115e-07
steps,steps_20260913_130415,296,41.440127366,0.340311,0.3403105045454546,-4.954545453905723e-07
steps,steps_20260913_130415,297,41.580132887,0.324887,0.32488731959090905,3.1959090907029974e-07
steps,steps_20260913_130415,298,41.720125097,0.347189,0.3471889990227273,-9.772727072032694e-10
steps,steps_20260913_130415,299,41.860124256,0.343884,0.3438838419545455,-1.5804545450137653e-07
steps,steps_20260913_130415,300,42.000129477,0.337872,0.33787187938636365,-1.2061363635629263e-07
steps,steps_20260913_130415,301,42.140127137,0.329246,0.3292457248181818,-2.7518181816565956e-07
steps,steps_20260913_130415,302,42.280132147,0.346714,0.3467143231363637,3.2313636366687604e-07
steps,steps_20260913_130415,303,42.420127637,0.351135,0.351134754409091,-2.455909089982278e-07
steps,steps_20260913_130415,304,42.560128535,0.366218,0.3662178464318182,-1.5356818178213771e-07
steps,steps_20260913_130415,305,42.7001248,0.354135,0.3541349346818183,-6.531818169674963e-08
steps,steps_20260913_130415,306,42.840133602,0.359831,0.3598306463181818,-3.5368181822148514e-07
steps,steps_20260913_130415,307,42.980123461,0.358951,0.35895093102272735,-6.897727267141107e-08
steps,steps_20260913_130415,308,43.120155286,0.361846,0.3618458160227273,-1.8397727269414688e-07
steps,steps_20260913_130415,309,43.260125602,0.360616,0.3606155168636364,-4.831363635826591e-07
steps,steps_20260913_130415,310,43.400123345,0.370613,0.37061292004545454,-7.995454548437309e-08
steps,steps_20260913_130415,311,43.540126079,0.365334,0.36533411600000004,1.1600000004996502e-07
steps,steps_20260913_130415,312,43.680126882,0.377198,0.3771983437727273,3.4377272734031905e-07
steps,steps_20260913_130415,313,43.820135966,0.377459,0.37745945490909094,4.5490909095224907e-07
steps,steps_20260913_130415,314,43.960126818,0.38407,0.38406972147727275,-2.7852272727058036e-07
steps,steps_20260913_130415,315,44.10011797,0.376499,0.3764993694318182,3.694318182478895e-07
steps,steps_20260913_130415,316,44.240126234,0.390894,0.3908941629090909,1.6290909088390038e-07
steps,steps_20260913_130415,317,44.38012664,0.394039,0.3940389867272728,-1.3272727195090539e-08
steps,steps_20260913_130415,318,44.520123622999996,0.392657,0.39265688175,-1.182499999585751e-07
steps,steps_20260913_130415,319,44.660127049,0.376788,0.3767880570681818,5.706818179129769e-08
steps,steps_20260913_130415,320,44.800128085,0.397808,0.3978077711363637,-2.288636363201313e-07
steps,steps_20260913_130415,321,44.940122879,0.403963,0.40396323593181827,2.3593181824876908e-07
steps,steps_20260913_130415,322,45.080130757,0.407358,0.4073584139545455,4.139545454751037e-07
steps,steps_20260913_130415,323,45.220131488,0.400009,0.4000087447045455,-2.552954544987607e-07
steps,steps_20260913_130415,324,45.360127263,0.40726,0.40725953831818185,-4.616818181646387e-07
steps,steps_20260913_130415,325,45.500130209,0.419589,0.41958926004545455,2.6004545455871053e-07
steps,steps_20260913_130415,326,45.640128714,0.420944,0.420943859,-1.4100000000905055e-07
steps,steps_20260913_130415,327,45.78012531,0.398309,0.39830939543181826,3.9543181823420426e-07
steps,steps_20260913_130415,328,45.920125805,0.406202,0.40620176402272734,-2.3597727266677637e-07
steps,steps_20260913_130415,329,46.06012533,0.413431,0.4134308845227273,-1.1547727268856889e-07
steps,steps_20260913_130415,330,46.200125486,0.427918,0.4279183813863637,3.813863636570325e-07
steps,steps_20260913_130415,331,46.340125862,0.423544,0.4235440513181819,5.131818192616322e-08
steps,steps_20260913_130415,332,46.480128785,0.43931,0.43931044579545453,4.4579545455114555e-07
steps,steps_20260913_130415,333,46.62013892,0.43458,0.43457997768181816,-2.2318181858160813e-08
steps,steps_20260913_130415,334,46.760125588,0.434211,0.43421125093181817,2.50931818157607e-07
steps,steps_20260913_130415,335,46.900129711,0.426093,0.42609347502272726,4.7502272726429595e-07
steps,steps_20260913_130415,336,47.040136695,0.433936,0.43393647150000003,4.7150000004325676e-07
steps,steps_20260913_130415,337,47.180127955,0.436364,0.4363636363863637,-3.6361363625614374e-07
steps,steps_20260913_130415,338,47.320127085,0.436364,0.4363636363863637,-3.6361363625614374e-07
steps,steps_20260913_130415,339,47.460123016,0.436364,0.4363636363863637,-3.6361363625614374e-07
steps,steps_20260913_130415,340,47.60012508,0.436364,0.4363636363863637,-3.6361363625614374e-07
steps,steps_20260913_130415,341,47.740120989,0.436364,0.4363636363863637,-3.6361363625614374e-07
steps,steps_20260913_130415,342,47.880127584,0.436364,0.4363636363863637,-3.6361363625614374e-07
steps,steps_20260913_130415,343,48.020127811,0.436364,0.4363636363863637,-3.6361363625614374e-07
steps,steps_20260913_130415,344,48.160130728,0.436364,0.4363636363863637,-3.6361363625614374e-07
steps,steps_20260913_130415,345,48.300146532,0.437636,0.437636363659091,3.636590909517068e-07
steps,steps_20260913_130415,346,48.440132341,0.438909,0.4389090909318183,9.09318182973351e-08
steps,steps_20260913_130415,347,48.58012715,0.440182,0.4401818182045455,-1.8179545452357004e-07
steps,steps_20260913_130415,348,48.720133416,0.441455,0.4414545454772728,-4.5452272717794173e-07
steps,steps_20260913_130415,349,48.860127139,0.442727,0.44272727275000007,2.7275000008541994e-07
steps,steps_20260913_130415,350,49.000131696,0.444,0.4440000000227273,2.2727320025950348e-11
steps,steps_20260913_130415,351,49.140132415,0.412182,0.4121818182045455,-1.817954544680589e-07
steps,steps_20260913_130415,352,49.280128007,0.412182,0.4121818182045455,-1.817954544680589e-07
steps,steps_20260913_130415,353,49.420127196,0.412182,0.4121818182045455,-1.817954544680589e-07
steps,steps_20260913_130415,354,49.560128338,0.412182,0.4121818182045455,-1.817954544680589e-07
steps,steps_20260913_130415,355,49.700156966,0.412182,0.4121818182045455,-1.817954544680589e-07
steps,steps_20260913_130415,356,49.840127076,0.412182,0.4121818182045455,-1.817954544680589e-07
steps,steps_20260913_130415,357,49.980132105,0.412182,0.4121818182045455,-1.817954544680589e-07
steps,steps_20260913_130415,358,50.120126135,0.412182,0.4121818182045455,-1.817954544680589e-07
steps,steps_20260913_130415,359,50.260129141,0.412182,0.4121818182045455,-1.817954544680589e-07
steps,steps_20260913_130415,360,50.400133429,0.412182,0.4121818182045455,-1.817954544680589e-07
steps,steps_20260913_130415,361,50.540131073,0.413455,0.4134545454772728,-4.545227272334529e-07
steps,steps_20260913_130415,362,50.680133837,0.414727,0.4147272727500001,2.7275000008541994e-07
steps,steps_20260913_130415,363,50.820126102,0.416,0.4160000000227273,2.2727320025950348e-11
steps,steps_20260913_130415,364,50.960130298,0.417273,0.41727272729545456,-2.7270454544536804e-07
steps,steps_20260913_130415,365,51.100129586,0.418545,0.4185454545681819,4.545681818735048e-07
steps,steps_20260913_130415,366,51.240126291,0.419818,0.41981818184090913,1.818409091081108e-07
steps,steps_20260913_130415,367,51.380126061,0.421091,0.42109090911363645,-9.08863635462609e-08
steps,steps_20260913_130415,368,51.520127975,0.397727,0.39772727272727276,2.72727272765394e-07
steps,steps_20260913_130415,369,51.660132904,0.397727,0.39772727272727276,2.72727272765394e-07
steps,steps_20260913_130415,370,51.800112218,0.397727,0.39772727272727276,2.72727272765394e-07
steps,steps_20260913_130415,371,51.940123839,0.397727,0.39772727272727276,2.72727272765394e-07
steps,steps_20260913_130415,372,52.080127897,0.397727,0.39772727272727276,2.72727272765394e-07
steps,steps_20260913_130415,373,52.22013227,0.397727,0.39772727272727276,2.72727272765394e-07
steps,steps_20260913_130415,374,52.360131861,0.397727,0.39772727272727276,2.72727272765394e-07
steps,steps_20260913_130415,375,52.500126661,0.397727,0.39772727272727276,2.72727272765394e-07
steps,steps_20260913_130415,376,52.640123417,0.397727,0.39772727272727276,2.72727272765394e-07
steps,steps_20260913_130415,377,52.780121955,0.397727,0.39772727272727276,2.72727272765394e-07
steps,steps_20260913_130415,378,52.920129501,0.399,0.399,0.0
steps,steps_20260913_130415,379,53.060131744,0.400273,0.40027272727272734,-2.727272726543717e-07
steps,steps_20260913_130415,380,53.200126516,0.401545,0.4015454545454546,4.5454545460899e-07
steps,steps_20260913_130415,381,53.340130251,0.402818,0.40281818181818185,1.81818181843596e-07
steps,steps_20260913_130415,382,53.480130258,0.404091,0.4040909090909091,-9.090909086628685e-08
steps,steps_20260913_130415,383,53.620133551,0.397727,0.39772727272727276,2.72727272765394e-07
steps,steps_20260913_130415,384,53.760153405,0.397727,0.39772727272727276,2.72727272765394e-07
steps,steps_20260913_130415,385,53.900132643,0.397727,0.39772727272727276,2.72727272765394e-07
steps,steps_20260913_130415,386,54.04013247,0.397727,0.39772727272727276,2.72727272765394e-07
steps,steps_20260913_130415,387,54.180125304,0.397727,0.39772727272727276,2.72727272765394e-07
steps,steps_20260913_130415,388,54.320139979,0.397727,0.39772727272727276,2.72727272765394e-07
steps,steps_20260913_130415,389,54.460128523,0.397727,0.39772727272727276,2.72727272765394e-07
steps,steps_20260913_130415,390,54.600142443,0.397727,0.39772727272727276,2.72727272765394e-07
steps,steps_20260913_130415,391,54.740121628,0.397727,0.39772727272727276,2.72727272765394e-07
steps,steps_20260913_130415,392,54.880151188,0.397727,0.39772727272727276,2.72727272765394e-07
steps,steps_20260913_130415,393,55.020128129,0.399,0.399,0.0
steps,steps_20260913_130415,394,55.160127904,0.400273,0.40027272727272734,-2.727272726543717e-07
steps,steps_20260913_130415,395,55.300134442,0.401545,0.4015454545454546,4.5454545460899e-07
steps,steps_20260913_130415,396,55.440128826,0.397727,0.39772727272727276,2.72727272765394e-07
steps,steps_20260913_130415,397,55.580132576,0.397727,0.39772727272727276,2.72727272765394e-07
steps,steps_20260913_130415,398,55.720132879,0.397727,0.39772727272727276,2.72727272765394e-07
steps,steps_20260913_130415,399,55.860139266,0.397727,0.39772727272727276,2.72727272765394e-07
steps,steps_20260913_130415,400,56.00013779,0.397727,0.39772727272727276,2.72727272765394e-07
steps,steps_20260913_130415,401,56.140129175,0.397727,0.39772727272727276,2.72727272765394e-07
steps,steps_20260913_130415,402,56.280131883,0.397727,0.39772727272727276,2.72727272765394e-07
steps,steps_20260913_130415,403,56.420148995,0.397727,0.39772727272727276,2.72727272765394e-07
steps,steps_20260913_130415,404,56.560128994,0.397727,0.39772727272727276,2.72727272765394e-07
steps,steps_20260913_130415,405,56.700126856,0.397727,0.39772727272727276,2.72727272765394e-07
steps,steps_20260913_130415,406,56.840131985,0.397727,0.39772727272727276,2.72727272765394e-07
steps,steps_20260913_130415,407,56.980154346,0.397727,0.39772727272727276,2.72727272765394e-07
steps,steps_20260913_130415,408,57.120135762,0.397727,0.39772727272727276,2.72727272765394e-07
steps,steps_20260913_130415,409,57.260136475,0.397727,0.39772727272727276,2.72727272765394e-07
steps,steps_20260913_130415,410,57.400133536,0.396692,0.39669166600000005,-3.3399999993521945e-07
steps,steps_20260913_130415,411,57.540155739,0.39454,0.39453977897727277,-2.2102272723145688e-07
steps,steps_20260913_130415,412,57.680134925,0.392546,0.39254552209090915,-4.779090908568762e-07
steps,steps_20260913_130415,413,57.820129814,0.385792,0.3857924469318182,4.4693181816546357e-07
steps,steps_20260913_130415,414,57.960148226,0.367601,0.36760120122727274,2.012272727336395e-07
steps,steps_20260913_130415,415,58.100139516,0.356034,0.35603407620454547,7.620454545165245e-08
steps,steps_20260913_130415,416,58.240115835,0.350613,0.35061339870454544,3.9870454543455836e-07
steps,steps_20260913_130415,417,58.380125621,0.360251,0.36025086570454545,-1.3429545453469416e-07
steps,steps_20260913_130415,418,58.520127293,0.362146,0.3621459796818182,-2.0318181803702373e-08
steps,steps_20260913_130415,419,58.660132037,0.352052,0.3520515725681818,-4.274318181618497e-07
steps,steps_20260913_130415,420,58.800131493,0.33223,0.3322303539545455,3.539545454511739e-07
steps,steps_20260913_130415,421,58.940128761,0.332544,0.3325439517272728,-4.827272720442366e-08
steps,steps_20260913_130415,422,59.080131037,0.327958,0.327958361659091,3.616590909527595e-07
steps,steps_20260913_130415,423,59.220117488,0.325533,0.32553265945454546,-3.4054545455797225e-07
steps,steps_20260913_130415,424,59.360135798,0.31397,0.3139697462045455,-2.537954545411836e-07
steps,steps_20260913_130415,425,59.500128519,0.319163,0.3191631174772727,1.1747727274302733e-07
steps,steps_20260913_130415,426,59.640133267,0.311275,0.31127487475000004,-1.252499999826462e-07
steps,steps_20260913_130415,427,59.780128692,0.303037,0.30303695402272735,-4.597727265576168e-08
steps,steps_20260913_130415,428,59.92013184099999,0.29216,0.2921600969318182,9.693181823866581e-08
steps,steps_20260913_130415,429,60.060131129999995,0.290837,0.29083712620454544,1.2620454542533466e-07
steps,steps_20260913_130415,430,60.200140208,0.28555,0.28554978788636365,-2.1211363637752e-07
steps,steps_20260913_130415,431,60.340130437999996,0.286429,0.2864293340681819,3.340681818952973e-07
steps,steps_20260913_130415,432,60.480135268999994,0.277576,0.27757599450000003,-5.4999999554716794e-09
steps,steps_20260913_130415,433,60.620128082,0.272015,0.2720150941136364,9.411363638411885e-08
steps,steps_20260913_130415,434,60.760133887,0.283166,0.28316584179545456,-1.5820454540849127e-07
steps,steps_20260913_130415,435,60.90011318,0.269118,0.26911799934090913,-6.590908929737793e-10
steps,steps_20260913_130415,436,61.040133067999996,0.276813,0.2768128893409091,-1.1065909089058579e-07
steps,steps_20260913_130415,437,61.180132017,0.2589,0.2588996107727273,-3.892272727457069e-07
steps,steps_20260913_130415,438,61.320126812000005,0.265677,0.2656767745227273,-2.254772726861809e-07
steps,steps_20260913_130415,439,61.460131561999994,0.260108,0.26010840386363643,4.0386363642230805e-07
steps,steps_20260913_130415,440,61.600125272999996,0.25454,0.25454047213636366,4.7213636367171574e-07
steps,steps_20260913_130415,441,61.740122070999995,0.248972,0.24897241759090913,4.175909091297392e-07
steps,steps_20260913_130415,442,61.880133612,0.243404,0.24340377679545455,-2.2320454545754487e-07
steps,steps_20260913_130415,443,62.020125181000004,0.237748,0.2377481726136364,1.7261363641218885e-07
steps,steps_20260913_130415,444,62.160127808999995,0.232108,0.23210832765909092,3.2765909091514445e-07
steps,steps_20260913_130415,445,62.300125998000006,0.224597,0.22459695490909093,-4.509090906212876e-08
steps,steps_20260913_130415,446,62.440125433,0.220904,0.22090434290909092,3.429090909279342e-07
steps,steps_20260913_130415,447,62.580124598000005,0.215321,0.2153206091590909,-3.908409091091247e-07
steps,steps_20260913_130415,448,62.720128996999996,0.209995,0.20999486947727275,-1.3052272723745872e-07
steps,steps_20260913_130415,449,62.860127051,0.204427,0.20442676497727272,-2.3502272727959905e-07
steps,steps_20260913_130415,450,63.00013375299999,0.198858,0.1988583166818182,3.1668181818544916e-07
steps,steps_20260913_130415,451,63.140128564,0.181791,0.1817906748636364,-3.2513636361031217e-07
steps,steps_20260913_130415,452,63.280127013000005,0.169229,0.1692290152954546,1.5295454597330504e-08
steps,steps_20260913_130415,453,63.420128827999996,0.182154,0.18215396706818182,-3.293181818908586e-08
steps,steps_20260913_130415,454,63.560114979,0.176586,0.1765863360227273,3.3602272730970384e-07
steps,steps_20260913_130415,455,63.700127353000006,0.171018,0.17101766213636366,-3.3786363634602523e-07
steps,steps_20260913_130415,456,63.840133973,0.164674,0.16467442886363637,4.288636363813936e-07
steps,steps_20260913_130415,457,63.98013594099999,0.159881,0.1598809569318182,-4.306818179866667e-08
steps,steps_20260913_130415,458,64.120119853,0.140841,0.14084111872727276,1.1872727276318606e-07
steps,steps_20260913_130415,459,64.26012891299999,0.131129,0.13112911970454547,1.1970454547038933e-07
steps,steps_20260913_130415,460,64.400134947,0.133891,0.13389127102272727,2.7102272726065024e-07
steps,steps_20260913_130415,461,64.54013257,0.148591,0.14859130188636363,3.0188636362948884e-07
steps,steps_20260913_130415,462,64.680129387,0.159091,0.15909090909090912,-9.090909089404242e-08
steps,steps_20260913_130415,463,64.820150216,0.159091,0.15909090909090912,-9.090909089404242e-08
steps,steps_20260913_130415,464,64.960128284,0.159091,0.15909090909090912,-9.090909089404242e-08
steps,steps_20260913_130415,465,65.100128482,0.159091,0.15909090909090912,-9.090909089404242e-08
steps,steps_20260913_130415,466,65.24013986400001,0.159091,0.15909090909090912,-9.090909089404242e-08
steps,steps_20260913_130415,467,65.380178494,0.159091,0.15909090909090912,-9.090909089404242e-08
steps,steps_20260913_130415,468,65.52013529199999,0.159091,0.15909090909090912,-9.090909089404242e-08
steps,steps_20260913_130415,469,65.66013336399999,0.159091,0.15909090909090912,-9.090909089404242e-08
steps,steps_20260913_130415,470,65.80013727,0.159091,0.15909090909090912,-9.090909089404242e-08
steps,steps_20260913_130415,471,65.94013447699999,0.159091,0.15909090909090912,-9.090909089404242e-08
steps,steps_20260913_130415,472,66.08012807,0.159091,0.15909090909090912,-9.090909089404242e-08
steps,steps_20260913_130415,473,66.22013046500001,0.159091,0.15909090909090912,-9.090909089404242e-08
steps,steps_20260913_130415,474,66.360137668,0.159091,0.15909090909090912,-9.090909089404242e-08
steps,steps_20260913_130415,475,66.500133312,0.159091,0.15909090909090912,-9.090909089404242e-08
steps,steps_20260913_130415,476,66.64012969699999,0.159091,0.15909090909090912,-9.090909089404242e-08
steps,steps_20260913_130415,477,66.780157903,0.159091,0.15909090909090912,-9.090909089404242e-08
steps,steps_20260913_130415,478,66.92013443299999,0.159091,0.15909090909090912,-9.090909089404242e-08
steps,steps_20260913_130415,479,67.06012928300001,0.159091,0.15909090909090912,-9.090909089404242e-08
steps,steps_20260913_130415,480,67.20013184000001,0.159091,0.15909090909090912,-9.090909089404242e-08
steps,steps_20260913_130415,481,67.34014223,0.159091,0.15909090909090912,-9.090909089404242e-08
steps,steps_20260913_130415,482,67.480138573,0.159091,0.15909090909090912,-9.090909089404242e-08
steps,steps_20260913_130415,483,67.620132885,0.159091,0.15909090909090912,-9.090909089404242e-08
steps,steps_20260913_130415,484,67.76013178400001,0.159091,0.15909090909090912,-9.090909089404242e-08
steps,steps_20260913_130415,485,67.900112646,0.159091,0.15909090909090912,-9.090909089404242e-08
steps,steps_20260913_130415,486,68.040149225,0.159091,0.15909090909090912,-9.090909089404242e-08
steps,steps_20260913_130415,487,68.180127917,0.159091,0.15909090909090912,-9.090909089404242e-08
steps,steps_20260913_130415,488,68.320128918,0.159091,0.15909090909090912,-9.090909089404242e-08
steps,steps_20260913_130415,489,68.46013273700001,0.159091,0.15909090909090912,-9.090909089404242e-08
steps,steps_20260913_130415,490,68.600154256,0.159091,0.15909090909090912,-9.090909089404242e-08
steps,steps_20260913_130415,491,68.740127782,0.159091,0.15909090909090912,-9.090909089404242e-08
steps,steps_20260913_130415,492,68.880130009,0.159091,0.15909090909090912,-9.090909089404242e-08
steps,steps_20260913_130415,493,69.0201246,0.159091,0.15909090909090912,-9.090909089404242e-08
steps,steps_20260913_130415,494,69.160129479,0.159091,0.15909090909090912,-9.090909089404242e-08
steps,steps_20260913_130415,495,69.300136425,0.159091,0.15909090909090912,-9.090909089404242e-08
steps,steps_20260913_130415,496,69.44012818600001,0.159091,0.15909090909090912,-9.090909089404242e-08
steps,steps_20260913_130415,497,69.58012907899999,0.159091,0.15909090909090912,-9.090909089404242e-08
steps,steps_20260913_130415,498,69.720126687,0.159091,0.15909090909090912,-9.090909089404242e-08
steps,steps_20260913_130415,499,69.86013225299999,0.159091,0.15909090909090912,-9.090909089404242e-08
steps,steps_20260913_130415,500,70.00013063200001,0.159091,0.15909090909090912,-9.090909089404242e-08
steps,steps_20260913_130415,501,70.140135208,0.159091,0.15909090909090912,-9.090909089404242e-08
steps,steps_20260913_130415,502,70.28012699199999,0.159091,0.15909090909090912,-9.090909089404242e-08
steps,steps_20260913_130415,503,70.420132731,0.159091,0.15909090909090912,-9.090909089404242e-08
steps,steps_20260913_130415,504,70.56012236199999,0.159091,0.15909090909090912,-9.090909089404242e-08
steps,steps_20260913_130415,505,70.70012814,0.159091,0.15909090909090912,-9.090909089404242e-08
steps,steps_20260913_130415,506,70.84012627999999,0.159091,0.15909090909090912,-9.090909089404242e-08
steps,steps_20260913_130415,507,70.980127769,0.159091,0.15909090909090912,-9.090909089404242e-08
steps,steps_20260913_130415,508,71.12017873299999,0.159091,0.15909090909090912,-9.090909089404242e-08
steps,steps_20260913_130415,509,71.260126291,0.159091,0.15909090909090912,-9.090909089404242e-08
steps,steps_20260913_130415,510,71.40012489399999,0.159091,0.15909090909090912,-9.090909089404242e-08
steps,steps_20260913_130415,511,71.540128152,0.159091,0.15909090909090912,-9.090909089404242e-08
steps,steps_20260913_130415,512,71.68011999800001,0.159091,0.15909090909090912,-9.090909089404242e-08
steps,steps_20260913_130415,513,71.82012468799999,0.159091,0.15909090909090912,-9.090909089404242e-08
steps,steps_20260913_130415,514,71.96012777499999,0.159091,0.15909090909090912,-9.090909089404242e-08
steps,steps_20260913_130415,515,72.10013613500001,0.1571,0.15709956547727275,-4.3452272724398e-07
steps,steps_20260913_130415,516,72.240184382,0.154315,0.1543145150909091,-4.849090909087028e-07
steps,steps_20260913_130415,517,72.38015332500001,0.151531,0.1515310417727273,4.177272730498949e-08
steps,steps_20260913_130415,518,72.520140696,0.148747,0.14874720206818182,2.020681818259984e-07
steps,steps_20260913_130415,519,72.66013308000001,0.145963,0.14596326261363637,2.6261363636481683e-07
steps,steps_20260913_130415,520,72.800131706,0.143179,0.14317919906818183,1.9906818182757746e-07
steps,steps_20260913_130415,521,72.94013944,0.140395,0.14039495431818183,-4.568181816155814e-08
steps,steps_20260913_130415,522,73.080137164,0.137611,0.13761090875,-9.125000000054229e-08
steps,steps_20260913_130415,523,73.22014134700001,0.134827,0.13482673463636366,-2.6536363634255267e-07
steps,steps_20260913_130415,524,73.36012697800001,0.132043,0.13204292945454546,-7.054545453355487e-08
steps,steps_20260913_130415,525,73.500136836,0.129259,0.12925864254545455,-3.5745454546320943e-07
steps,steps_20260913_130415,526,73.64013770700001,0.126475,0.12647453429545458,-4.657045454270481e-07
steps,steps_20260913_130415,527,73.780162967,0.12369,0.12368994097727273,-5.902272726121538e-08
steps,steps_20260913_130415,528,73.920138097,0.120906,0.1209063446818182,3.4468181819846677e-07
steps,steps_20260913_130415,529,74.060128376,0.118122,0.11812244706818183,4.470681818219413e-07
steps,steps_20260913_130415,530,74.20012388200001,0.115338,0.11533844556818183,4.455681818366086e-07
steps,steps_20260913_130415,531,74.34012886100001,0.112554,0.11255425554545453,2.5554545453332356e-07
steps,steps_20260913_130415,532,74.480128022,0.10977,0.1097701813409091,1.8134090909449618e-07
steps,steps_20260913_130415,533,74.62014828100001,0.106986,0.10698568761363636,-3.123863636378399e-07
steps,steps_20260913_130415,534,74.76013241499999,0.104202,0.1042019121818182,-8.781818180980672e-08
steps,steps_20260913_130415,535,74.90012890400001,0.101418,0.10141789111363639,-1.0888636360617543e-07
steps,steps_20260913_130415,536,75.04012961800001,0.0986338,0.09863378604545456,-1.3954545435845844e-08
steps,steps_20260913_130415,537,75.18014575000001,0.0958494,0.09584937425000002,-2.5749999979507443e-08
steps,steps_20260913_130415,538,75.320127937,0.0930656,0.09306563763636365,3.763636365061718e-08
steps,steps_20260913_130415,539,75.460125417,0.0902816,0.0902815968409091,-3.1590909055356775e-09
steps,steps_20260913_130415,540,75.600130468,0.0874974,0.08749740554545454,5.545454540012429e-09
steps,steps_20260913_130415,541,75.74011404699999,0.0847136,0.0847136410909091,4.1090909105867546e-08
steps,steps_20260913_130415,542,75.88014590399999,0.0819289,0.08192891668181819,1.6681818190700248e-08
steps,steps_20260913_130415,543,76.020129674,0.0791451,0.07914514856818183,4.856818183740508e-08
steps,steps_20260913_130415,544,76.16012802099999,0.0763611,0.07636109043181818,-9.568181816299592e-09
steps,steps_20260913_130415,545,76.300133544,0.0735769,0.07357688975000001,-1.0249999987665959e-08
steps,steps_20260913_130415,546,76.440128999,0.0707929,0.07079288920454546,-1.0795454544187955e-08
steps,steps_20260913_130415,547,76.58012433299999,0.0680089,0.06800889104545456,-8.954545438477624e-09
steps,steps_20260913_130415,548,76.72013341600001,0.0652246,0.06522461956818182,1.9568181824913822e-08
steps,steps_20260913_130415,549,76.86014643300001,0.0624403,0.06244026981818182,-3.018181817665555e-08
steps,steps_20260913_130415,550,77.000142058,0.0596563,0.059656265931818185,-3.406818181728166e-08
steps,steps_20260913_130415,551,77.14012862300001,0.0568724,0.056872442136363645,4.2136363648248576e-08
steps,steps_20260913_130415,552,77.280127188,0.0540884,0.05408837986363637,-2.013636363207283e-08
steps,steps_20260913_130415,553,77.42012569900001,0.0513043,0.05130431854545455,1.8545454553986485e-08
steps,steps_20260913_130415,554,77.56012475899999,0.0485202,0.04852024625000001,4.625000001035051e-08
steps,steps_20260913_130415,555,77.700128186,0.0457361,0.04573608725000001,-1.2749999993288963e-08
steps,steps_20260913_130415,556,77.84013601699999,0.0429518,0.04295184059090909,4.0590909092252936e-08
steps,steps_20260913_130415,557,77.98015848899999,0.0401673,0.04016730279545455,2.7954545483988014e-09
steps,steps_20260913_130415,558,78.120129413,0.0373838,0.03738379002272727,-9.977272730221642e-09
steps,steps_20260913_130415,559,78.260132088,0.0345996,0.03459964597727273,4.5977272732089514e-08
steps,steps_20260913_130415,560,78.400143227,0.0318153,0.031815333613636365,3.361363636739112e-08
steps,steps_20260913_130415,561,78.540127211,0.0290316,0.02903156120454546,-3.879545453985833e-08
steps,steps_20260913_130415,562,78.680127537,0.0262475,0.026247463772727273,-3.622727272681314e-08
steps,steps_20260913_130415,563,78.820125991,0.0234634,0.023463403568181822,3.5681818229271745e-09
steps,steps_20260913_130415,564,78.960124815,0.0206793,0.02067933604545455,3.6045454548244704e-08
steps,steps_20260913_130415,565,79.10013078700001,0.0178951,0.017895126454545458,2.6454545457021972e-08
steps,steps_20260913_130415,566,79.240129449,0.0151111,0.015111062113636366,-3.788636363487308e-08
steps,steps_20260913_130415,567,79.380141428,0.0123267,0.012326733045454548,3.304545454808905e-08
steps,steps_20260913_130415,568,79.520126731,0.00954293,0.009542934386363638,4.38636363862821e-09
steps,steps_20260913_130415,569,79.660130189,0.00675877,0.006758774590909091,4.590909091252426e-09
steps,steps_20260913_130415,570,79.800124746,0.00397479,0.003974792022727273,2.0227272730030665e-09
steps,steps_20260913_130415,571,79.94012921500001,0.00119061,0.001190612181818182,2.1818181820693755e-09
steps,steps_20260913_130415,572,80.08012477599999,0.0,0.0,0.0
steps,steps_20260913_130415,573,80.220131694,0.0,0.0,0.0
steps,steps_20260913_130415,574,80.36013301899999,0.0,0.0,0.0
steps,steps_20260913_130415,575,80.500136999,0.0,0.0,0.0
steps,steps_20260913_130415,576,80.64012718199999,0.0,0.0,0.0
steps,steps_20260913_130415,577,80.78012538499999,0.0,0.0,0.0
steps,steps_20260913_130415,578,80.920163169,0.0,0.0,0.0
steps,steps_20260913_130415,579,81.06012872400001,0.0,0.0,0.0
steps,steps_20260913_130415,580,81.20014364299999,0.0,0.0,0.0
steps,steps_20260913_130415,581,81.34012686599999,0.0,0.0,0.0
steps,steps_20260913_130415,582,81.480129621,0.0,0.0,0.0
steps,steps_20260913_130415,583,81.62012682400001,0.0,0.0,0.0
steps,steps_20260913_130415,584,81.760124829,0.0,0.0,0.0
steps,steps_20260913_130415,585,81.90012364500001,0.0,0.0,0.0
steps,steps_20260913_130415,586,82.040128074,0.0,0.0,0.0
steps,steps_20260913_130415,587,82.180129897,0.0,0.0,0.0
steps,steps_20260913_130415,588,82.32016254999999,0.0,0.0,0.0
steps,steps_20260913_130415,589,82.460124896,0.0,0.0,0.0
steps,steps_20260913_130415,590,82.600126553,0.0,0.0,0.0
steps,steps_20260913_130415,591,82.740128371,0.0,0.0,0.0
steps,steps_20260913_130415,592,82.88013097000001,0.0,0.0,0.0
steps,steps_20260913_130415,593,83.02012783699999,0.0,0.0,0.0
steps,steps_20260913_130415,594,83.160127219,0.0,0.0,0.0
steps,steps_20260913_130415,595,83.30012206,0.0,0.0,0.0
steps,steps_20260913_130415,596,83.44013515,0.0,0.0,0.0
steps,steps_20260913_130415,597,83.580125875,0.0,0.0,0.0
steps,steps_20260913_130415,598,83.72013657,0.0,0.0,0.0
steps,steps_20260913_130415,599,83.86014442999999,0.0,0.0,0.0
steps,steps_20260913_130415,600,84.000127459,0.0,0.0,0.0
steps,steps_20260913_130415,601,84.140115455,0.0,0.0,0.0
steps,steps_20260913_130415,602,84.28013488900001,0.0,0.0,0.0
steps,steps_20260913_130415,603,84.420127694,0.0,0.0,0.0
steps,steps_20260913_130415,604,84.56013100199999,0.0,0.0,0.0
steps,steps_20260913_130415,605,84.700125601,0.0,0.0,0.0
steps,steps_20260913_130415,606,84.84013422999999,0.0,0.0,0.0
steps,steps_20260913_130415,607,84.980130513,0.0,0.0,0.0
steps,steps_20260913_130415,608,85.12013118499999,0.0,0.0,0.0
steps,steps_20260913_130415,609,85.26013114099999,0.0,0.0,0.0
steps,steps_20260913_130415,610,85.40012890400001,0.0,0.0,0.0
steps,steps_20260913_130415,611,85.54012594599999,0.0,0.0,0.0
steps,steps_20260913_130415,612,85.68013445099999,0.0,0.0,0.0
steps,steps_20260913_130415,613,85.820130751,0.0,0.0,0.0
steps,steps_20260913_130415,614,85.96013191099999,0.0,0.0,0.0
steps,steps_20260913_130415,615,86.10012697799999,0.0,0.0,0.0
steps,steps_20260913_130415,616,86.24016026499999,0.0,0.0,0.0
steps,steps_20260913_130415,617,86.38012941599999,0.0,0.0,0.0
steps,steps_20260913_130415,618,86.520114036,0.0,0.0,0.0
steps,steps_20260913_130415,619,86.66012857199999,0.0,0.0,0.0
steps,steps_20260913_130415,620,86.80015053599999,0.0,0.0,0.0
steps,steps_20260913_130415,621,86.94012910699999,0.0,0.0,0.0
steps,steps_20260913_130415,622,87.080126544,0.0,0.0,0.0
steps,steps_20260913_130415,623,87.22013820699999,0.0,0.0,0.0
steps,steps_20260913_130415,624,87.360141008,0.0,0.0,0.0
steps,steps_20260913_130415,625,87.50013025000001,0.0,0.0,0.0
steps,steps_20260913_130415,626,87.64012611199999,0.0,0.0,0.0
steps,steps_20260913_130415,627,87.780136975,0.0,0.0,0.0
steps,steps_20260913_130415,628,87.92012805799999,0.0,0.0,0.0
steps,steps_20260913_130415,629,88.06013524,0.0,0.0,0.0
steps,steps_20260913_130415,630,88.200132981,0.0,0.0,0.0
steps,steps_20260913_130415,631,88.340129604,0.0,0.0,0.0
steps,steps_20260913_130415,632,88.48013681500001,0.0,0.0,0.0
steps,steps_20260913_130415,633,88.620126933,0.0,0.0,0.0
steps,steps_20260913_130415,634,88.760134435,0.0,0.0,0.0
steps,steps_20260913_130415,635,88.90015517,0.0,0.0,0.0
steps,steps_20260913_130415,636,89.04012703500001,0.0,0.0,0.0
steps,steps_20260913_130415,637,89.18013480299999,0.0,0.0,0.0
steps,steps_20260913_130415,638,89.320144798,0.0,0.0,0.0
steps,steps_20260913_130415,639,89.46012963000001,0.0,0.0,0.0
steps,steps_20260913_130415,640,89.600128851,0.0,0.0,0.0
steps,steps_20260913_130415,641,89.74013446999999,0.0,0.0,0.0
steps,steps_20260913_130415,642,89.880127958,0.0,0.0,0.0
steps,steps_20260913_130415,643,90.020157496,0.0,0.0,0.0
steps,steps_20260913_130415,644,90.16013908,0.0,0.0,0.0
steps,steps_20260913_130415,645,90.300133955,0.0,0.0,0.0
steps,steps_20260913_130415,646,90.440164175,0.0,0.0,0.0
steps,steps_20260913_130415,647,90.58012626499999,0.0,0.0,0.0
steps,steps_20260913_130415,648,90.720131434,0.0,0.0,0.0
steps,steps_20260913_130415,649,90.86012993599999,0.0,0.0,0.0
steps,steps_20260913_130415,650,91.00014289399999,0.0,0.0,0.0
steps,steps_20260913_130415,651,91.14012927600001,0.0,0.0,0.0
steps,steps_20260913_130415,652,91.280124957,0.0,0.0,0.0
steps,steps_20260913_130415,653,91.42013423399999,0.0,0.0,0.0
steps,steps_20260913_130415,654,91.56012769099999,0.0,0.0,0.0
steps,steps_20260913_130415,655,91.70012826499999,0.0,0.0,0.0
steps,steps_20260913_130415,656,91.840133211,0.0,0.0,0.0
steps,steps_20260913_130415,657,91.980128372,0.0,0.0,0.0
steps,steps_20260913_130640,1,0.140001174,0.0,0.0,0.0
steps,steps_20260913_130640,2,0.28199653199999997,0.0,0.0,0.0
steps,steps_20260913_130640,3,0.42000288200000035,0.0,0.0,0.0
steps,steps_20260913_130640,4,0.5600026539999998,0.0,0.0,0.0
steps,steps_20260913_130640,5,0.7019964779999999,0.0,0.0,0.0
steps,steps_20260913_130640,6,0.8419971610000001,0.0,0.0,0.0
steps,steps_20260913_130640,7,0.9800113160000006,0.0,0.0,0.0
steps,steps_20260913_130640,8,1.1200250710000006,0.0,0.0,0.0
steps,steps_20260913_130640,9,1.260001225,0.0,0.0,0.0
steps,steps_20260913_130640,10,1.4000061500000003,0.0,0.0,0.0
steps,steps_20260913_130640,11,1.5400019270000005,0.0,0.0,0.0
steps,steps_20260913_130640,12,1.6820002289999998,0.0,0.0,0.0
steps,steps_20260913_130640,13,1.820001349,0.0,0.0,0.0
steps,steps_20260913_130640,14,1.9600052640000003,0.0,0.0,0.0
steps,steps_20260913_130640,15,2.1000046680000004,0.0,0.0,0.0
steps,steps_20260913_130640,16,2.2400049630000005,0.0,0.0,0.0
steps,steps_20260913_130640,17,2.3800023890000004,0.0,0.0,0.0
steps,steps_20260913_130640,18,2.522002973,0.0,0.0,0.0
steps,steps_20260913_130640,19,2.660002671,0.0,0.0,0.0
steps,steps_20260913_130640,20,2.8019987850000003,0.0,0.0,0.0
steps,steps_20260913_130640,21,2.940013972,0.0,0.0,0.0
steps,steps_20260913_130640,22,3.0819952200000005,0.0,0.0,0.0
steps,steps_20260913_130640,23,3.220004244,0.0,0.0,0.0
steps,steps_20260913_130640,24,3.3600162210000004,0.0,0.0,0.0
steps,steps_20260913_130640,25,3.5019915060000004,0.0,0.0,0.0
steps,steps_20260913_130640,26,3.6400188720000006,0.0,0.0,0.0
steps,steps_20260913_130640,27,3.7819960570000006,0.0,0.0,0.0
steps,steps_20260913_130640,28,3.921999683000001,0.0,0.0,0.0
steps,steps_20260913_130640,29,4.061994192,0.0,0.0,0.0
steps,steps_20260913_130640,30,4.201995396000001,0.0,0.0,0.0
steps,steps_20260913_130640,31,4.341995802,0.0,0.0,0.0
steps,steps_20260913_130640,32,4.480005371000001,0.0,0.0,0.0
steps,steps_20260913_130640,33,4.621996745000001,0.0,0.0,0.0
steps,steps_20260913_130640,34,4.76003448,0.0,0.0,0.0
steps,steps_20260913_130640,35,4.9000077619999995,0.0,0.0,0.0
steps,steps_20260913_130640,36,5.042007882,0.0,0.0,0.0
steps,steps_20260913_130640,37,5.182002113999999,0.0,0.0,0.0
steps,steps_20260913_130640,38,5.320001826,0.0,0.0,0.0
steps,steps_20260913_130640,39,5.460004582,0.0,0.0,0.0
steps,steps_20260913_130640,40,5.600000124999999,0.0,0.0,0.0
steps,steps_20260913_130640,41,5.7400041139999995,0.0,0.0,0.0
steps,steps_20260913_130640,42,5.881998342999999,0.0,0.0,0.0
steps,steps_20260913_130640,43,6.020002133,0.0,0.0,0.0
steps,steps_20260913_130640,44,6.161996447,0.0,0.0,0.0
steps,steps_20260913_130640,45,6.300002957,0.0,0.0,0.0
steps,steps_20260913_130640,46,6.440016904,0.0,0.0,0.0
steps,steps_20260913_130640,47,6.580001282,0.0,0.0,0.0
steps,steps_20260913_130640,48,6.721994291,0.0,0.0,0.0
steps,steps_20260913_130640,49,6.862002657,0.0,0.0,0.0
steps,steps_20260913_130640,50,7.000000889000001,0.0,0.0,0.0
steps,steps_20260913_130640,51,7.140015126,0.0,0.0,0.0
steps,steps_20260913_130640,52,7.280001653999999,0.0,0.0,0.0
steps,steps_20260913_130640,53,7.420000142000001,0.0,0.0,0.0
steps,steps_20260913_130640,54,7.560003188,0.0,0.0,0.0
steps,steps_20260913_130640,55,7.702006408000001,0.0,0.0,0.0
steps,steps_20260913_130640,56,7.84000904,0.0,0.0,0.0
steps,steps_20260913_130640,57,7.980003712,0.0,0.0,0.0
steps,steps_20260913_130640,58,8.120001742,0.0023864,0.002386398318181818,-1.6818181816820321e-09
steps,steps_20260913_130640,59,8.261996202,0.00521015,0.0052101517045454555,1.7045454553041295e-09
steps,steps_20260913_130640,60,8.401996004,0.00799424,0.007994238636363638,-1.3636363618146907e-09
steps,steps_20260913_130640,61,8.540001248,0.0107387,0.010738661181818184,-3.8818181816516195e-08
steps,steps_20260913_130640,62,8.682001778,0.0135625,0.01356253531818182,3.5318181820093164e-08
steps,steps_20260913_130640,63,8.82002359,0.0163073,0.016307287340909093,-1.2659090907474191e-08
steps,steps_20260913_130640,64,8.960001705,0.0190909,0.019090942977272728,4.297727272672969e-08
steps,steps_20260913_130640,65,9.100002037,0.021875,0.02187504056818182,4.056818182079924e-08
steps,steps_20260913_130640,66,9.24000244,0.0246591,0.024659139431818182,3.94318181821951e-08
steps,steps_20260913_130640,67,9.38001148,0.0274434,0.02744341011363637,1.0113636369352141e-08
steps,steps_20260913_130640,68,9.520003194000001,0.0302273,0.030227336204545454,3.620454545535945e-08
steps,steps_20260913_130640,69,9.660023914,0.0330118,0.03301183915909091,3.915909090740355e-08
steps,steps_20260913_130640,70,9.80199939,0.0358352,0.03583521518181818,1.5181818184550888e-08
steps,steps_20260913_130640,71,9.940002651,0.0385796,0.03857959811363637,-1.8863636278010354e-09
steps,steps_20260913_130640,72,10.080000591000001,0.0413636,0.041363648136363645,4.813636364509044e-08
steps,steps_20260913_130640,73,10.221994259,0.0441874,0.044187385772727274,-1.422727272798463e-08
steps,steps_20260913_130640,74,10.360000761,0.0469318,0.046931833295454556,3.329545455316163e-08
steps,steps_20260913_130640,75,10.500003586,0.049716,0.049715980363636364,-1.96363636392749e-08
steps,steps_20260913_130640,76,10.640011989,0.0525002,0.052500238477272726,3.847727272909829e-08
steps,steps_20260913_130640,77,10.780001167,0.0552841,0.05528411413636364,1.4136363635230964e-08
steps,steps_20260913_130640,78,10.920000944,0.0580682,0.05806820059090909,5.909090924904881e-10
steps,steps_20260913_130640,79,11.06199481,0.0608919,0.06089194220454546,4.2204545462609655e-08
steps,steps_20260913_130640,80,11.201996154,0.0636761,0.06367605984090909,-4.015909091381609e-08
steps,steps_20260913_130640,81,11.340003693,0.0664205,0.06642052804545456,2.8045454569802786e-08
steps,steps_20260913_130640,82,11.481997349,0.0692443,0.06924426552272728,-3.4477272717325924e-08
steps,steps_20260913_130640,83,11.621996815000001,0.0720283,0.07202834577272728,4.577272727512849e-08
steps,steps_20260913_130640,84,11.762003204,0.0748126,0.07481256379545455,-3.6204545458828896e-08
steps,steps_20260913_130640,85,11.901996217999999,0.0775965,0.07759651565909093,1.5659090926711805e-08
steps,steps_20260913_130640,86,12.04000545,0.080341,0.08034101743181819,1.7431818197244375e-08
steps,steps_20260913_130640,87,12.180005573,0.0831251,0.08312511088636364,1.0886363643880514e-08
steps,steps_20260913_130640,88,12.320002265000001,0.0859091,0.0859091359318182,3.593181820138458e-08
steps,steps_20260913_130640,89,12.460000670000001,0.0886932,0.08869319518181817,-4.818181825738677e-09
steps,steps_20260913_130640,90,12.60000168,0.0914773,0.09147730613636364,6.136363639441811e-09
steps,steps_20260913_130640,91,12.740002589000001,0.0942614,0.09426141518181819,1.5181818191489782e-08
steps,steps_20260913_130640,92,12.881995680000001,0.0970851,0.09708514136363638,4.136363639106744e-08
steps,steps_20260913_130640,93,13.020001704,0.0998296,0.0998295793409091,-2.0659090910202238e-08
steps,steps_20260913_130640,94,13.161997271999999,0.102653,0.1026533548409091,3.5484090910031796e-07
steps,steps_20260913_130640,95,13.300000251999998,0.105398,0.10539773236363638,-2.6763636362669985e-07
steps,steps_20260913_130640,96,13.441996054999999,0.108222,0.10822151247727274,-4.875227272577165e-07
steps,steps_20260913_130640,97,13.580000077,0.110966,0.11096591068181819,-8.931818180901718e-08
steps,steps_20260913_130640,98,13.720000641,0.11375,0.11375001272727275,1.2727272749590846e-08
steps,steps_20260913_130640,99,13.860001654,0.116534,0.1165341238409091,1.2384090909700607e-07
steps,steps_20260913_130640,100,14.00000294,0.119318,0.11931824020454546,2.402045454624746e-07
steps,steps_20260913_130640,101,14.142004536,0.122142,0.12214213565909092,1.3565909091906025e-07
steps,steps_20260913_130640,102,14.28201141,0.124926,0.12492636322727274,3.6322727274551436e-07
steps,steps_20260913_130640,103,14.422003384000002,0.12771,0.12771029456818184,2.945681818466994e-07
steps,steps_20260913_130640,104,14.561998756,0.130494,0.13049429336363638,2.9336363638332585e-07
steps,steps_20260913_130640,105,14.700001028,0.133239,0.13323865672727273,-3.432727272711933e-07
steps,steps_20260913_130640,106,14.841996492000002,0.136062,0.13606243015909092,4.301590909305819e-07
steps,steps_20260913_130640,107,14.98000117,0.138807,0.13880684140909094,-1.585909090717763e-07
steps,steps_20260913_130640,108,15.120000885000001,0.141591,0.14159092675,-7.324999998226112e-08
steps,steps_20260913_130640,109,15.260001472,0.144375,0.1443750292727273,2.9272727297691148e-08
steps,steps_20260913_130640,110,15.401995945000001,0.147199,0.14719878297727276,-2.170227272335623e-07
steps,steps_20260913_130640,111,15.542000396,0.149983,0.1499829623409091,-3.765909090125419e-08
steps,steps_20260913_130640,112,15.680001076000002,0.152727,0.15272729404545457,2.9404545456857e-07
steps,steps_20260913_130640,113,15.820012177,0.155512,0.15551160577272727,-3.942272727430751e-07
steps,steps_20260913_130640,114,15.960000643999999,0.158295,0.15829546727272728,4.672727272891919e-07
steps,steps_20260913_130640,115,16.101999993,0.159091,0.15909090909090912,-9.090909089404242e-08
steps,steps_20260913_130640,116,16.241990164999997,0.159091,0.15909090909090912,-9.090909089404242e-08
steps,steps_20260913_130640,117,16.381999962000002,0.159091,0.15909090909090912,-9.090909089404242e-08
steps,steps_20260913_130640,118,16.520015156,0.159091,0.15909090909090912,-9.090909089404242e-08
steps,steps_20260913_130640,119,16.662006740000002,0.159091,0.15909090909090912,-9.090909089404242e-08
steps,steps_20260913_130640,120,16.802000800000002,0.159091,0.15909090909090912,-9.090909089404242e-08
steps,steps_20260913_130640,121,16.940010774999998,0.159091,0.15909090909090912,-9.090909089404242e-08
steps,steps_20260913_130640,122,17.081997039999997,0.159091,0.15909090909090912,-9.090909089404242e-08
steps,steps_20260913_130640,123,17.221983340999998,0.149622,0.14962222227272728,2.222727272793712e-07
steps,steps_20260913_130640,124,17.360000818000003,0.159091,0.15909090909090912,-9.090909089404242e-08
steps,steps_20260913_130640,125,17.501997578999998,0.159091,0.15909090909090912,-9.090909089404242e-08
steps,steps_20260913_130640,126,17.642003156999998,0.159091,0.15909090909090912,-9.090909089404242e-08
steps,steps_20260913_130640,127,17.781994792,0.159091,0.15909090909090912,-9.090909089404242e-08
steps,steps_20260913_130640,128,17.921999841999998,0.159091,0.15909090909090912,-9.090909089404242e-08
steps,steps_20260913_130640,129,18.061998648,0.155893,0.15589266572727273,-3.342727272759305e-07
steps,steps_20260913_130640,130,18.200000047000003,0.158471,0.1584705008409091,-4.991590908942634e-07
steps,steps_20260913_130640,131,18.340003727000003,0.159091,0.15909090909090912,-9.090909089404242e-08
steps,steps_20260913_130640,132,18.481994326,0.159091,0.15909090909090912,-9.090909089404242e-08
steps,steps_20260913_130640,133,18.621993685,0.159091,0.15909090909090912,-9.090909089404242e-08
steps,steps_20260913_130640,134,18.760000308000002,0.158268,0.15826826081818185,2.6081818185752503e-07
steps,steps_20260913_130640,135,18.900001203000002,0.159091,0.15909090909090912,-9.090909089404242e-08
steps,steps_20260913_130640,136,19.040002463,0.159091,0.15909090909090912,-9.090909089404242e-08
steps,steps_20260913_130640,137,19.181997203999998,0.159091,0.15909090909090912,-9.090909089404242e-08
steps,steps_20260913_130640,138,19.322014154999998,0.159091,0.15909090909090912,-9.090909089404242e-08
steps,steps_20260913_130640,139,19.460007071,0.159091,0.15909090909090912,-9.090909089404242e-08
steps,steps_20260913_130640,140,19.601996379,0.159091,0.15909090909090912,-9.090909089404242e-08
steps,steps_20260913_130640,141,19.74000632,0.159091,0.15909090909090912,-9.090909089404242e-08
steps,steps_20260913_130640,142,19.88001902,0.159091,0.15909090909090912,-9.090909089404242e-08
steps,steps_20260913_130640,143,20.02000393,0.157683,0.1576825440909091,-4.5590909089621157e-07
steps,steps_20260913_130640,144,20.161994307999997,0.158703,0.15870328679545456,2.867954545515694e-07
steps,steps_20260913_130640,145,20.301996441,0.159091,0.15909090909090912,-9.090909089404242e-08
steps,steps_20260913_130640,146,20.440001858000002,0.159091,0.15909090909090912,-9.090909089404242e-08
steps,steps_20260913_130640,147,20.581997275,0.159091,0.15909090909090912,-9.090909089404242e-08
steps,steps_20260913_130640,148,20.721992805,0.150773,0.15077333695454548,3.369545454878775e-07
steps,steps_20260913_130640,149,20.861981522,0.159012,0.15901187447727272,-1.2552272726784608e-07
steps,steps_20260913_130640,150,21.001988005999998,0.159091,0.15909090909090912,-9.090909089404242e-08
steps,steps_20260913_130640,151,21.140019735000003,0.159091,0.15909090909090912,-9.090909089404242e-08
steps,steps_20260913_130640,152,21.282009044,0.159091,0.15909090909090912,-9.090909089404242e-08
steps,steps_20260913_130640,153,21.421985650000003,0.159091,0.15909090909090912,-9.090909089404242e-08
steps,steps_20260913_130640,154,21.562016563,0.158128,0.15812790938636365,-9.061363634432773e-08
steps,steps_20260913_130640,155,21.701996770999997,0.158101,0.15810142663636365,4.2663636365403157e-07
steps,steps_20260913_130640,156,21.841999701,0.159091,0.15909090909090912,-9.090909089404242e-08
steps,steps_20260913_130640,157,21.980000943,0.159091,0.15909090909090912,-9.090909089404242e-08
steps,steps_20260913_130640,158,22.121995251,0.157299,0.15729853506818184,-4.6493181815598916e-07
steps,steps_20260913_130640,159,22.261995800999998,0.157223,0.15722310656818184,1.0656818183463201e-07
steps,steps_20260913_130640,160,22.402019150999998,0.159091,0.15909090909090912,-9.090909089404242e-08
steps,steps_20260913_130640,161,22.542004343000002,0.159091,0.15909090909090912,-9.090909089404242e-08
steps,steps_20260913_130640,162,22.68199869,0.159091,0.15909090909090912,-9.090909089404242e-08
steps,steps_20260913_130640,163,22.820004865999998,0.159091,0.15909090909090912,-9.090909089404242e-08
steps,steps_20260913_130640,164,22.960001189000003,0.158023,0.15802343613636363,4.361363636351534e-07
steps,steps_20260913_130640,165,23.102003568999997,0.159091,0.15909090909090912,-9.090909089404242e-08
steps,steps_20260913_130640,166,23.240016124999997,0.159091,0.15909090909090912,-9.090909089404242e-08
steps,steps_20260913_130640,167,23.381991684,0.159091,0.15909090909090912,-9.090909089404242e-08
steps,steps_20260913_130640,168,23.520014320999998,0.157002,0.15700224670454546,2.467045454590533e-07
steps,steps_20260913_130640,169,23.660001473,0.155654,0.155653974,-2.5999999986314748e-08
steps,steps_20260913_130640,170,23.802002066,0.159091,0.15909090909090912,-9.090909089404242e-08
steps,steps_20260913_130640,171,23.941994639999997,0.159091,0.15909090909090912,-9.090909089404242e-08
steps,steps_20260913_130640,172,24.080003229,0.160682,0.16068188245454543,-1.175454545643273e-07
steps,steps_20260913_130640,173,24.220000239,0.163466,0.16346591386363635,-8.61363636528445e-08
steps,steps_20260913_130640,174,24.360000890000002,0.16625,0.16625001765909092,1.7659090911781306e-08
steps,steps_20260913_130640,175,24.501993837,0.169074,0.16907374113636367,-2.588636363320962e-07
steps,steps_20260913_130640,176,24.641994267999998,0.171858,0.17185784063636364,-1.593636363705908e-07
steps,steps_20260913_130640,177,24.780003422,0.174602,0.17460234081818185,3.4081818184317214e-07
steps,steps_20260913_130640,178,24.921995590999998,0.177426,0.17742604870454548,4.8704545480005024e-08
steps,steps_20260913_130640,179,25.06199341,0.179827,0.17982682979545456,-1.7020454542993058e-07
steps,steps_20260913_130640,180,25.200008410000002,0.180662,0.18066244922727273,4.492272727418811e-07
steps,steps_20260913_130640,181,25.340020914999997,0.185739,0.18573905222727274,5.2227272756555365e-08
steps,steps_20260913_130640,182,25.480012867,0.187298,0.18729783275,-1.6724999998829482e-07
steps,steps_20260913_130640,183,25.620002757,0.185836,0.1858363729090909,3.729090909121435e-07
steps,steps_20260913_130640,184,25.760011311,0.189392,0.18939236718181818,3.67181818172746e-07
steps,steps_20260913_130640,185,25.902001331,0.19416,0.19415968663636365,-3.1336363634504316e-07
steps,steps_20260913_130640,186,26.041998806000002,0.199699,0.19969883993181822,-1.600681817648386e-07
steps,steps_20260913_130640,187,26.180001073,0.202,0.20199988756818185,-1.1243181816111836e-07
steps,steps_20260913_130640,188,26.32000224,0.205227,0.2052273172727273,3.172727273126341e-07
steps,steps_20260913_130640,189,26.461997385000004,0.207362,0.2073620095909091,9.590909122447755e-09
steps,steps_20260913_130640,190,26.600000800000004,0.208447,0.2084468479545455,-1.5204545450453466e-07
steps,steps_20260913_130640,191,26.740002187,0.212509,0.21250854465909094,-4.55340909061297e-07
steps,steps_20260913_130640,192,26.881999012,0.216403,0.21640338952272728,3.89522727267666e-07
steps,steps_20260913_130640,193,27.020013806,0.218549,0.21854874665909094,-2.5334090905659856e-07
steps,steps_20260913_130640,194,27.160000713000002,0.220554,0.2205540199545455,1.995454548819886e-08
steps,steps_20260913_130640,195,27.302001998,0.223577,0.2235772852727273,2.8527272730172193e-07
steps,steps_20260913_130640,196,27.442000866999997,0.226021,0.22602111906818184,1.1906818184193035e-07
steps,steps_20260913_130640,197,27.580000124,0.228896,0.22889602797727274,2.7977272748502813e-08
steps,steps_20260913_130640,198,27.72200232,0.230574,0.23057436993181818,3.699318181782374e-07
steps,steps_20260913_130640,199,27.862001770999996,0.234238,0.23423826156818184,2.615681818363136e-07
steps,steps_20260913_130640,200,28.000009544,0.23694,0.23694039075000004,3.9075000002330995e-07
steps,steps_20260913_130640,201,28.14199694,0.238954,0.23895363688636365,-3.6311363635355143e-07
steps,steps_20260913_130640,202,28.281998901,0.242202,0.24220227961363638,2.7961363638362435e-07
steps,steps_20260913_130640,203,28.420000869,0.245295,0.2452950180227273,1.802272728279597e-08
steps,steps_20260913_130640,204,28.561999258,0.246546,0.24654600838636365,8.386363659074192e-09
steps,steps_20260913_130640,205,28.700002337999997,0.248758,0.24875827995454547,2.7995454546236864e-07
steps,steps_20260913_130640,206,28.840013555999995,0.251929,0.2519291507727273,1.5077272730312785e-07
steps,steps_20260913_130640,207,28.982002146999996,0.254391,0.25439123134090913,2.3134090915144512e-07
steps,steps_20260913_130640,208,29.120013326999995,0.257392,0.257392352,3.519999999812562e-07
steps,steps_20260913_130640,209,29.261981763,0.258322,0.2583219109545455,-8.90454545099395e-08
steps,steps_20260913_130640,210,29.401996269999998,0.262108,0.2621078055909091,-1.9440909088119795e-07
steps,steps_20260913_130640,211,29.542008916,0.262233,0.26223332290909096,3.229090909662169e-07
steps,steps_20260913_130640,212,29.680001368999996,0.264188,0.2641879262272728,-7.377272720487937e-08
steps,steps_20260913_130640,213,29.821997148,0.265989,0.2659889182045455,-8.179545446518333e-08
steps,steps_20260913_130640,214,29.961996321999997,0.271565,0.27156485475,-1.4525000002763022e-07
steps,steps_20260913_130640,215,30.100001063999997,0.270104,0.27010401822727276,1.822727274669589e-08
steps,steps_20260913_130640,216,30.240022591999995,0.275412,0.27541166131818184,-3.3868181814611376e-07
steps,steps_20260913_130640,217,30.381995705,0.274824,0.2748236637045455,-3.362954545393926e-07
steps,steps_20260913_130640,218,30.522001095999997,0.280156,0.2801563154090909,3.154090909007756e-07
steps,steps_20260913_130640,219,30.660010018999998,0.281286,0.2812863013863637,3.0138636369914096e-07
steps,steps_20260913_130640,220,30.801996793999997,0.284103,0.28410336738636366,3.6738636366440147e-07
steps,steps_20260913_130640,221,30.940004113999997,0.287164,0.28716392011363634,-7.988636363531754e-08
steps,steps_20260913_130640,222,31.081996677,0.289174,0.2891737033181818,-2.966818181682207e-07
steps,steps_20260913_130640,223,31.221994873999996,0.295146,0.2951459768409091,-2.3159090922764136e-08
steps,steps_20260913_130640,224,31.360003870999996,0.29226,0.29225952206818184,-4.779318181769021e-07
steps,steps_20260913_130640,225,31.502001174,0.30039,0.30038994029545457,-5.970454541870396e-08
steps,steps_20260913_130640,226,31.640002871,0.297057,0.29705728484090915,2.8484090913716287e-07
steps,steps_20260913_130640,227,31.780000424,0.304794,0.30479404740909094,4.740909093081669e-08
steps,steps_20260913_130640,228,31.920000029,0.300111,0.30011061738636363,-3.8261363638492085e-07
steps,steps_20260913_130640,229,32.060024596,0.309643,0.3096431477045455,1.4770454548340695e-07
steps,steps_20260913_130640,230,32.202003904,0.298295,0.2982951605454546,1.6054545459720515e-07
steps,steps_20260913_130640,231,32.341994682999996,0.314,0.3139995019318182,-4.980681818089749e-07
steps,steps_20260913_130640,232,32.482000074999995,0.30231,0.3023097801818182,-2.1981818182359447e-07
steps,steps_20260913_130640,233,32.621996644999996,0.304472,0.30447190311363637,-9.688636365412506e-08
steps,steps_20260913_130640,234,32.760004711,0.299045,0.2990451741136364,1.7411363639752153e-07
steps,steps_20260913_130640,235,32.901997185999996,0.301932,0.3019315160909091,-4.83909090853718e-07
steps,steps_20260913_130640,236,33.042008015,0.303392,0.30339172468181824,-2.7531818175274836e-07
steps,steps_20260913_130640,237,33.181997621,0.303856,0.30385599347727277,-6.522727247215698e-09
steps,steps_20260913_130640,238,33.321999057,0.306714,0.3067143796818182,3.796818182077999e-07
steps,steps_20260913_130640,239,33.461995549,0.299759,0.2997590839090909,8.390909089772691e-08
steps,steps_20260913_130640,240,33.601983028999996,0.307394,0.30739367925000005,-3.2074999994913256e-07
steps,steps_20260913_130640,241,33.741999336,0.300362,0.30036203638636366,3.638636364433623e-08
steps,steps_20260913_130640,242,33.882001441999996,0.309986,0.3099859345227273,-6.547727265937553e-08
steps,steps_20260913_130640,243,34.020001523,0.298616,0.2986162355909091,2.3559090911451364e-07
steps,steps_20260913_130640,244,34.160001048,0.304013,0.3040125187272728,-4.812727271708006e-07
steps,steps_20260913_130640,245,34.300002284,0.296254,0.2962544795,4.794999999835348e-07
steps,steps_20260913_130640,246,34.442004233999995,0.30744,0.3074401153409091,1.153409091014801e-07
steps,steps_20260913_130640,247,34.580002424,0.302121,0.30212081820454545,-1.8179545452357004e-07
steps,steps_20260913_130640,248,34.722001129,0.310541,0.3105413918409091,3.9184090910859837e-07
steps,steps_20260913_130640,249,34.860002664999996,0.297858,0.2978576656363637,-3.343636363339897e-07
steps,steps_20260913_130640,250,35.001995991,0.310157,0.3101568412727273,-1.5872727271437626e-07
steps,steps_20260913_130640,251,35.141996573,0.29834,0.2983402488181819,2.488181818915969e-07
steps,steps_20260913_130640,252,35.281996006,0.309882,0.30988229156818187,2.9156818187603406e-07
steps,steps_20260913_130640,253,35.42000395,0.301255,0.30125452954545456,-4.704545454314868e-07
steps,steps_20260913_130640,254,35.560002554,0.307671,0.3076711201136364,1.2011363642594475e-07
steps,steps_20260913_130640,255,35.702009431,0.299003,0.2990028764545455,-1.235454545334136e-07
steps,steps_20260913_130640,256,35.840001863,0.309987,0.3099865053409091,-4.946590909105097e-07
steps,steps_20260913_130640,257,35.981996525,0.30083,0.3008301162045455,1.1620454548610937e-07
steps,steps_20260913_130640,258,36.122021126,0.309411,0.3094111233181818,1.2331818183275445e-07
steps,steps_20260913_130640,259,36.261997459,0.299373,0.29937331168181824,3.116818182435921e-07
steps,steps_20260913_130640,260,36.400001279,0.307045,0.3070450386818182,3.868181819299821e-08
steps,steps_20260913_130640,261,36.540006125,0.30195,0.3019496449772728,-3.5502272721643635e-07
steps,steps_20260913_130640,262,36.682001672,0.300769,0.30076875945454545,-2.405454545550967e-07
steps,steps_20260913_130640,263,36.820000463999996,0.301701,0.3017011884090909,1.884090908843561e-07
steps,steps_20260913_130640,264,36.960001262999995,0.303439,0.3034388957727273,-1.0422727270142929e-07
steps,steps_20260913_130640,265,37.100029653,0.303885,0.30388525315909093,2.531590909127246e-07
steps,steps_20260913_130640,266,37.241993352,0.300974,0.3009737967727273,-2.0322727273258678e-07
steps,steps_20260913_130640,267,37.381999571,0.304684,0.30468435756818185,3.575681818412946e-07
steps,steps_20260913_130640,268,37.520004033,0.301081,0.3010807324318182,-2.675681817776443e-07
steps,steps_20260913_130640,269,37.661998346,0.306688,0.3066881748636364,1.7486363640406566e-07
steps,steps_20260913_130640,270,37.802001561,0.2977,0.2977004255909091,4.255909090700172e-07
steps,steps_20260913_130640,271,37.940004762,0.306144,0.3061439189772728,-8.102272724963555e-08
steps,steps_20260913_130640,272,38.080015226,0.299831,0.2998307413181818,-2.586818181882222e-07
steps,steps_20260913_130640,273,38.222000703999996,0.302798,0.302797859,-1.4100000000905055e-07
steps,steps_20260913_130640,274,38.360015808,0.301526,0.30152621481818187,2.1481818185398183e-07
steps,steps_20260913_130640,275,38.500001998,0.302106,0.30210639756818186,3.975681818757515e-07
steps,steps_20260913_130640,276,38.640004663,0.304569,0.3045687773863637,-2.2261363630260433e-07
steps,steps_20260913_130640,277,38.780002139,0.298937,0.2989372446136364,2.446136364020468e-07
steps,steps_20260913_130640,278,38.920001559,0.305454,0.30545356386363637,-4.361363636351534e-07
steps,steps_20260913_130640,279,39.060000777,0.300968,0.3009680917727273,9.177272730642727e-08
steps,steps_20260913_130640,280,39.200008216,0.305537,0.3055366626136364,-3.37386363624681e-07
steps,steps_20260913_130640,281,39.34000348,0.30197,0.30197017470454546,1.7470454544143976e-07
steps,steps_20260913_130640,282,39.481995724,0.299493,0.2994934121136364,4.1211363638327114e-07
steps,steps_20260913_130640,283,39.622003053,0.301122,0.3011218814545455,-1.185454545082898e-07
steps,steps_20260913_130640,284,39.760005285,0.30514,0.3051403005,3.0049999999448573e-07
steps,steps_20260913_130640,285,39.900001544,0.301451,0.30145100077272724,7.727272155477749e-10
steps,steps_20260913_130640,286,40.040003307,0.311288,0.311287558909091,-4.410909090202253e-07
steps,steps_20260913_130640,287,40.180022625,0.307404,0.3074040545227273,5.452272727746177e-08
steps,steps_20260913_130640,288,40.322044321,0.322584,0.3225837040681819,-2.959318181061654e-07
steps,steps_20260913_130640,289,40.460005272,0.310513,0.3105131056363637,1.056363637119695e-07
steps,steps_20260913_130640,290,40.600005416,0.318552,0.31855225054545455,2.505454545498331e-07
steps,steps_20260913_130640,291,40.74000394,0.3134,0.3133998405681819,-1.5943181813637963e-07
steps,steps_20260913_130640,292,40.88202861,0.328066,0.3280663533636364,3.533636363517445e-07
steps,steps_20260913_130640,293,41.020001701,0.322921,0.3229213579772728,3.579772727690944e-07
steps,steps_20260913_130640,294,41.160007605,0.331327,0.3313266738409092,-3.261590907910339e-07
steps,steps_20260913_130640,295,41.300000612,0.327808,0.3278079615681818,-3.8431818172313115e-08
steps,steps_20260913_130640,296,41.441998608999995,0.326702,0.3267016989090909,-3.010909090939151e-07
steps,steps_20260913_130640,297,41.58002734,0.332321,0.332320677659091,-3.2234090896476886e-07
steps,steps_20260913_130640,298,41.720006311999995,0.332026,0.33202602840909096,2.8409090968573025e-08
steps,steps_20260913_130640,299,41.862004561,0.342106,0.34210602061363643,2.0613636408928215e-08
steps,steps_20260913_130640,300,42.000002570999996,0.338034,0.3380340405909092,4.059090918939745e-08
steps,steps_20260913_130640,301,42.140001483,0.346914,0.34691372831818185,-2.71681818153624e-07
steps,steps_20260913_130640,302,42.281997456,0.341398,0.3413976338181819,-3.661818180900056e-07
steps,steps_20260913_130640,303,42.422003859,0.362112,0.36211242502272734,4.250227273461249e-07
steps,steps_20260913_130640,304,42.562010041,0.351652,0.35165233043181815,3.304318181296395e-07
steps,steps_20260913_130640,305,42.701999697,0.359558,0.35955768847727276,-3.1152272722545504e-07
steps,steps_20260913_130640,306,42.840003339999996,0.350091,0.35009087765909097,-1.2234090901452888e-07
steps,steps_20260913_130640,307,42.982002185,0.360265,0.36026529063636364,2.9063636364234924e-07
steps,steps_20260913_130640,308,43.120006102,0.355752,0.35575243613636365,4.361363636351534e-07
steps,steps_20260913_130640,309,43.260005891,0.363369,0.3633694831136364,4.831136364291666e-07
steps,steps_20260913_130640,310,43.402001436999996,0.365188,0.3651881454772728,1.4547727278380052e-07
steps,steps_20260913_130640,311,43.542000869999995,0.368331,0.36833076700000006,-2.3299999996062581e-07
steps,steps_20260913_130640,312,43.682001985,0.370443,0.37044292456818184,-7.543181818059352e-08
steps,steps_20260913_130640,313,43.821990043,0.368992,0.3689915720909091,-4.2790909088319395e-07
steps,steps_20260913_130640,314,43.96000812,0.377407,0.377406608409091,-3.9159090897689097e-07
steps,steps_20260913_130640,315,44.100003508,0.374192,0.3741920054090909,5.409090897412483e-09
steps,steps_20260913_130640,316,44.241998267,0.386865,0.3868650591590909,5.9159090903815326e-08
steps,steps_20260913_130640,317,44.381997512,0.380466,0.3804658691590909,-1.3084090910719937e-07
steps,steps_20260913_130640,318,44.521996666999996,0.399678,0.3996775885454546,-4.1145454537927506e-07
steps,steps_20260913_130640,319,44.660003726999996,0.387975,0.38797489850000005,-1.0149999996045267e-07
steps,steps_20260913_130640,320,44.802003268,0.413676,0.4136762014318182,2.01431818225295e-07
steps,steps_20260913_130640,321,44.941997707999995,0.401507,0.4015074431136364,4.431136363947097e-07
steps,steps_20260913_130640,322,45.080000081,0.403664,0.4036641,1.0000000000287557e-07
steps,steps_20260913_130640,323,45.220001421999996,0.397593,0.39759341697727274,4.16977272765795e-07
steps,steps_20260913_130640,324,45.3600022,0.40472,0.40471996265909094,-3.73409090870247e-08
steps,steps_20260913_130640,325,45.501987928999995,0.3976,0.3976003916818182,3.916818182014836e-07
steps,steps_20260913_130640,326,45.640002181999996,0.403955,0.4039546606136364,-3.393863636236283e-07
steps,steps_20260913_130640,327,45.780003811,0.409345,0.40934458329545453,-4.167045454805951e-07
steps,steps_20260913_130640,328,45.920004608,0.408726,0.4087259843863637,-1.5613636272782117e-08
steps,steps_20260913_130640,329,46.061996574999995,0.412604,0.4126035007500001,-4.992499999523226e-07
steps,steps_20260913_130640,330,46.200001792,0.423263,0.42326290093181823,-9.906818176919074e-08
steps,steps_20260913_130640,331,46.341996896,0.418785,0.41878526168181823,2.6168181821439873e-07
steps,steps_20260913_130640,332,46.480013709,0.430082,0.43008246956818186,4.6956818183785387e-07
steps,steps_20260913_130640,333,46.621997871,0.42367,0.423669940909091,-5.9090908999248626e-08
steps,steps_20260913_130640,334,46.760000626,0.430057,0.43005698161363637,-1.8386363653810633e-08
steps,steps_20260913_130640,335,46.900001322,0.427632,0.4276320479772728,4.797727276573127e-08
steps,steps_20260913_130640,336,47.041995793,0.433769,0.4337690303863637,3.0386363703005514e-08
steps,steps_20260913_130640,337,47.180005159,0.43037,0.43036956597727277,-4.340227272026098e-07
steps,steps_20260913_130640,338,47.320002865,0.449329,0.4493290330454546,3.304545459492658e-08
steps,steps_20260913_130640,339,47.460014119,0.443163,0.44316322384090917,2.2384090919702615e-07
steps,steps_20260913_130640,340,47.60202443,0.464992,0.4649917783636364,-2.2163636359540106e-07
steps,steps_20260913_130640,341,47.740001488,0.449091,0.44909090911363636,-9.08863636572832e-08
steps,steps_20260913_130640,342,47.880003371,0.447597,0.4475965257272728,-4.742727272022407e-07
steps,steps_20260913_130640,343,48.022003691,0.442029,0.4420285973409091,-4.0265909090342333e-07
steps,steps_20260913_130640,344,48.160007240999995,0.443417,0.4434172525681818,2.525681818132952e-07
steps,steps_20260913_130640,345,48.30000493,0.446433,0.4464332207045455,2.2070454547273854e-07
steps,steps_20260913_130640,346,48.440003051,0.44886,0.4488597958409091,-2.041590908552493e-07
steps,steps_20260913_130640,347,48.580024472,0.447851,0.4478512013181819,2.01318181902721e-07
steps,steps_20260913_130640,348,48.720000770999995,0.449091,0.44909090911363636,-9.08863636572832e-08
steps,steps_20260913_130640,349,48.860002697999995,0.448084,0.44808441252272735,4.1252272736658213e-07
steps,steps_20260913_130640,350,49.001995651,0.449091,0.44909090911363636,-9.08863636572832e-08
steps,steps_20260913_130640,351,49.142004527,0.417273,0.41727272729545456,-2.7270454544536804e-07
steps,steps_20260913_130640,352,49.282003706,0.417273,0.41727272729545456,-2.7270454544536804e-07
steps,steps_20260913_130640,353,49.420006305,0.417273,0.41727272729545456,-2.7270454544536804e-07
steps,steps_20260913_130640,354,49.560005986,0.417273,0.41727272729545456,-2.7270454544536804e-07
steps,steps_20260913_130640,355,49.702002737,0.417273,0.41727272729545456,-2.7270454544536804e-07
steps,steps_20260913_130640,356,49.840003459,0.417273,0.41727272729545456,-2.7270454544536804e-07
steps,steps_20260913_130640,357,49.980006525,0.417273,0.41727272729545456,-2.7270454544536804e-07
steps,steps_20260913_130640,358,50.120031413999996,0.417273,0.41727272729545456,-2.7270454544536804e-07
steps,steps_20260913_130640,359,50.260003342,0.417273,0.41727272729545456,-2.7270454544536804e-07
steps,steps_20260913_130640,360,50.400004935999995,0.417273,0.41727272729545456,-2.7270454544536804e-07
steps,steps_20260913_130640,361,50.540002834,0.418545,0.4185454545681819,4.545681818735048e-07
steps,steps_20260913_130640,362,50.68000696,0.419818,0.41981818184090913,1.818409091081108e-07
steps,steps_20260913_130640,363,50.820001874999996,0.421091,0.42109090911363645,-9.08863635462609e-08
steps,steps_20260913_130640,364,50.962002679,0.422364,0.4223636363863637,-3.636136363116549e-07
steps,steps_20260913_130640,365,51.101994892,0.397727,0.39772727272727276,2.72727272765394e-07
steps,steps_20260913_130640,366,51.240001843,0.397727,0.39772727272727276,2.72727272765394e-07
steps,steps_20260913_130640,367,51.380001359,0.397727,0.39772727272727276,2.72727272765394e-07
steps,steps_20260913_130640,368,51.520017627,0.397727,0.39772727272727276,2.72727272765394e-07
steps,steps_20260913_130640,369,51.661999062999996,0.397727,0.39772727272727276,2.72727272765394e-07
steps,steps_20260913_130640,370,51.801996134999996,0.397727,0.39772727272727276,2.72727272765394e-07
steps,steps_20260913_130640,371,51.940005338,0.397727,0.39772727272727276,2.72727272765394e-07
steps,steps_20260913_130640,372,52.08000378,0.397727,0.39772727272727276,2.72727272765394e-07
steps,steps_20260913_130640,373,52.221996771,0.397727,0.39772727272727276,2.72727272765394e-07
steps,steps_20260913_130640,374,52.360031817999996,0.397727,0.39772727272727276,2.72727272765394e-07
steps,steps_20260913_130640,375,52.500001033,0.399,0.399,0.0
steps,steps_20260913_130640,376,52.640005149,0.400273,0.40027272727272734,-2.727272726543717e-07
steps,steps_20260913_130640,377,52.781997039,0.401545,0.4015454545454546,4.5454545460899e-07
steps,steps_20260913_130640,378,52.921997849,0.402818,0.40281818181818185,1.81818181843596e-07
steps,steps_20260913_130640,379,53.061984489,0.404091,0.4040909090909091,-9.090909086628685e-08
steps,steps_20260913_130640,380,53.202018958,0.405364,0.4053636363636364,-3.636363635761697e-07
steps,steps_20260913_130640,381,53.34000322,0.406636,0.4066363636363637,3.63636363687192e-07
steps,steps_20260913_130640,382,53.480007109,0.407909,0.407909090909091,9.090909097730915e-08
steps,steps_20260913_130640,383,53.620000001,0.409182,0.40918181818181826,-1.818181817325737e-07
steps,steps_20260913_130640,384,53.76200515,0.410455,0.41045454545454546,-4.5454545455347883e-07
steps,steps_20260913_130640,385,53.901994853,0.411727,0.4117272727272728,2.72727272765394e-07
steps,steps_20260913_130640,386,54.040001342,0.413,0.41300000000000003,5.551115123125783e-17
steps,steps_20260913_130640,387,54.1800024,0.414273,0.41427272727272735,-2.727272726543717e-07
steps,steps_20260913_130640,388,54.322017003,0.415545,0.4155454545454546,4.5454545460899e-07
steps,steps_20260913_130640,389,54.46000334,0.416818,0.4168181818181819,1.8181818189910715e-07
steps,steps_20260913_130640,390,54.602003290999995,0.418091,0.4180909090909091,-9.090909086628685e-08
steps,steps_20260913_130640,391,54.741998543,0.419364,0.4193636363636364,-3.6363636363168084e-07
steps,steps_20260913_130640,392,54.880002726,0.420636,0.4206363636363637,3.63636363687192e-07
steps,steps_20260913_130640,393,55.020006411,0.421909,0.42190909090909096,9.090909097730915e-08
steps,steps_20260913_130640,394,55.160002324,0.423182,0.42318181818181827,-1.818181817325737e-07
steps,steps_20260913_130640,395,55.30001018,0.424455,0.42445454545454553,-4.545454544979677e-07
steps,steps_20260913_130640,396,55.440007598,0.425727,0.42572727272727284,2.7272727282090514e-07
steps,steps_20260913_130640,397,55.580003407,0.427,0.42700000000000005,5.551115123125783e-17
steps,steps_20260913_130640,398,55.722006461999996,0.397727,0.39772727272727276,2.72727272765394e-07
steps,steps_20260913_130640,399,55.86001451,0.397727,0.39772727272727276,2.72727272765394e-07
steps,steps_20260913_130640,400,56.00199506,0.397727,0.39772727272727276,2.72727272765394e-07
steps,steps_20260913_130640,401,56.140000861,0.397727,0.39772727272727276,2.72727272765394e-07
steps,steps_20260913_130640,402,56.280002855,0.397727,0.39772727272727276,2.72727272765394e-07
steps,steps_20260913_130640,403,56.420025261999996,0.397727,0.39772727272727276,2.72727272765394e-07
steps,steps_20260913_130640,404,56.562003395,0.397727,0.39772727272727276,2.72727272765394e-07
steps,steps_20260913_130640,405,56.700000386,0.397727,0.39772727272727276,2.72727272765394e-07
steps,steps_20260913_130640,406,56.840003165,0.397727,0.39772727272727276,2.72727272765394e-07
steps,steps_20260913_130640,407,56.980013432999996,0.397727,0.39772727272727276,2.72727272765394e-07
steps,steps_20260913_130640,408,57.122004286999996,0.399,0.399,0.0
steps,steps_20260913_130640,409,57.260003968999996,0.400273,0.40027272727272734,-2.727272726543717e-07
steps,steps_20260913_130640,410,57.400023315999995,0.400074,0.40007423559090916,2.355909091700248e-07
steps,steps_20260913_130640,411,57.541997083,0.38202,0.3820195654545455,-4.345454545084948e-07
steps,steps_20260913_130640,412,57.680005365,0.372758,0.3727579742727273,-2.5727272701114856e-08
steps,steps_20260913_130640,413,57.822004668,0.362219,0.36221920604545454,2.060454545316226e-07
steps,steps_20260913_130640,414,57.960001451,0.361809,0.3618087438636364,-2.5613636361887515e-07
steps,steps_20260913_130640,415,58.100005433999996,0.363252,0.3632519010909091,-9.890909091758715e-08
steps,steps_20260913_130640,416,58.240001811,0.358981,0.35898079031818186,-2.0968181813074693e-07
steps,steps_20260913_130640,417,58.380000583,0.356093,0.3560931889772727,1.8897727271927067e-07
steps,steps_20260913_130640,418,58.520000036999996,0.3431,0.3431001623636364,1.6236363636901174e-07
steps,steps_20260913_130640,419,58.660001255,0.340706,0.3407062123181818,2.1231818181366435e-07
steps,steps_20260913_130640,420,58.800003933999996,0.330609,0.33060945129545455,4.512954545621284e-07
steps,steps_20260913_130640,421,58.940002097,0.342132,0.3421321290227273,1.2902272733539277e-07
steps,steps_20260913_130640,422,59.082002990999996,0.331938,0.33193777590909096,-2.240909090511778e-07
steps,steps_20260913_130640,423,59.221995655,0.326373,0.32637278736363645,-2.126363635723827e-07
steps,steps_20260913_130640,424,59.360013449,0.312616,0.31261608906818183,8.906818182996545e-08
steps,steps_20260913_130640,425,59.500006854999995,0.307987,0.3079872884772728,2.8847727279179836e-07
steps,steps_20260913_130640,426,59.640001534,0.303038,0.30303835672727275,3.5672727277669125e-07
steps,steps_20260913_130640,427,59.780002774,0.301898,0.3018976653636364,-3.346363636191896e-07
steps,steps_20260913_130640,428,59.920002832,0.297412,0.2974117664318182,-2.335681817955404e-07
steps,steps_20260913_130640,429,60.061997528,0.295188,0.295188222,2.219999999941713e-07
steps,steps_20260913_130640,430,60.200002738,0.289162,0.28916212261363633,1.2261363635523992e-07
steps,steps_20260913_130640,431,60.340000812999996,0.283902,0.28390232277272726,3.227727272681058e-07
steps,steps_20260913_130640,432,60.48000074,0.276893,0.27689316295454547,1.6295454546844113e-07
steps,steps_20260913_130640,433,60.620003532000005,0.286824,0.2868235545,-4.4550000000143086e-07
steps,steps_20260913_130640,434,60.76199542,0.272465,0.27246528161363637,2.8161363635481607e-07
steps,steps_20260913_130640,435,60.90001748299999,0.282386,0.28238566825,-3.3175000002660937e-07
steps,steps_20260913_130640,436,61.041993392,0.264162,0.26416219947727276,1.994772727553773e-07
steps,steps_20260913_130640,437,61.182003013999996,0.27117,0.2711703345909091,3.3459090909016e-07
steps,steps_20260913_130640,438,61.322014478999996,0.265602,0.26560169681818185,-3.031818181509216e-07
steps,steps_20260913_130640,439,61.460001146,0.260114,0.2601135907045455,-4.092954545287242e-07
steps,steps_20260913_130640,440,61.600014605000005,0.248361,0.24836130104545454,3.0104545453712994e-07
steps,steps_20260913_130640,441,61.742006397999994,0.247747,0.24774678695454544,-2.1304545455569368e-07
steps,steps_20260913_130640,442,61.88000123,0.2419,0.24190043325000002,4.332500000148176e-07
steps,steps_20260913_130640,443,62.02000473099999,0.235086,0.23508576175000004,-2.3824999995092355e-07
steps,steps_20260913_130640,444,62.161997955,0.223875,0.22387505731818183,5.731818183973836e-08
steps,steps_20260913_130640,445,62.30000010199999,0.226705,0.22670454131818182,-4.586818181662178e-07
steps,steps_20260913_130640,446,62.440001486999996,0.221136,0.22113630445454546,3.044545454633507e-07
steps,steps_20260913_130640,447,62.58000281899999,0.215568,0.21556806965909095,6.965909093992195e-08
steps,steps_20260913_130640,448,62.72199597899999,0.209921,0.2099206144318182,-3.8556818179880104e-07
steps,steps_20260913_130640,449,62.862018513,0.204352,0.20435153645454548,-4.6354545452098606e-07
steps,steps_20260913_130640,450,63.002007373999994,0.198784,0.19878379754545455,-2.0245454543377228e-07
steps,steps_20260913_130640,451,63.140000721,0.187087,0.18708690715909093,-9.284090907168974e-08
steps,steps_20260913_130640,452,63.28000105,0.165618,0.16561785656818184,-1.4343181814480133e-07
steps,steps_20260913_130640,453,63.420002903000004,0.182159,0.1821589754090909,-2.459090908679684e-08
steps,steps_20260913_130640,454,63.561998847000005,0.176173,0.17617341540909093,4.1540909093140677e-07
steps,steps_20260913_130640,455,63.70000302099999,0.167242,0.16724193325000003,-6.674999997180464e-08
steps,steps_20260913_130640,456,63.84000328,0.165454,0.165454415,4.1500000000360693e-07
steps,steps_20260913_130640,457,63.980002285000005,0.159886,0.15988627279545456,2.727954545589384e-07
steps,steps_20260913_130640,458,64.12199696600001,0.140614,0.14061420338636363,2.0338636363970153e-07
steps,steps_20260913_130640,459,64.260004425,0.131129,0.13112907706818183,7.706818183628172e-08
steps,steps_20260913_130640,460,64.401996525,0.13402,0.13402026368181819,2.6368181818559044e-07
steps,steps_20260913_130640,461,64.54199679700001,0.148845,0.14884459163636363,-4.083636363783061e-07
steps,steps_20260913_130640,462,64.682000656,0.159091,0.15909090909090912,-9.090909089404242e-08
steps,steps_20260913_130640,463,64.82002476000001,0.159091,0.15909090909090912,-9.090909089404242e-08
steps,steps_20260913_130640,464,64.960002711,0.159091,0.15909090909090912,-9.090909089404242e-08
steps,steps_20260913_130640,465,65.102000925,0.159091,0.15909090909090912,-9.090909089404242e-08
steps,steps_20260913_130640,466,65.240002636,0.159091,0.15909090909090912,-9.090909089404242e-08
steps,steps_20260913_130640,467,65.38000525000001,0.159091,0.15909090909090912,-9.090909089404242e-08
steps,steps_20260913_130640,468,65.52000211000001,0.159091,0.15909090909090912,-9.090909089404242e-08
steps,steps_20260913_130640,469,65.662002661,0.159091,0.15909090909090912,-9.090909089404242e-08
steps,steps_20260913_130640,470,65.800000411,0.159091,0.15909090909090912,-9.090909089404242e-08
steps,steps_20260913_130640,471,65.94000005800001,0.159091,0.15909090909090912,-9.090909089404242e-08
steps,steps_20260913_130640,472,66.082002582,0.159091,0.15909090909090912,-9.090909089404242e-08
steps,steps_20260913_130640,473,66.22199853800001,0.159091,0.15909090909090912,-9.090909089404242e-08
steps,steps_20260913_130640,474,66.360001861,0.159091,0.15909090909090912,-9.090909089404242e-08
steps,steps_20260913_130640,475,66.50000353600001,0.159091,0.15909090909090912,-9.090909089404242e-08
steps,steps_20260913_130640,476,66.64199717000001,0.159091,0.15909090909090912,-9.090909089404242e-08
steps,steps_20260913_130640,477,66.78200069,0.159091,0.15909090909090912,-9.090909089404242e-08
steps,steps_20260913_130640,478,66.921998356,0.159091,0.15909090909090912,-9.090909089404242e-08
steps,steps_20260913_130640,479,67.060003894,0.159091,0.15909090909090912,-9.090909089404242e-08
steps,steps_20260913_130640,480,67.200015659,0.159091,0.15909090909090912,-9.090909089404242e-08
steps,steps_20260913_130640,481,67.34199863,0.159091,0.15909090909090912,-9.090909089404242e-08
steps,steps_20260913_130640,482,67.480001047,0.159091,0.15909090909090912,-9.090909089404242e-08
steps,steps_20260913_130640,483,67.620006364,0.159091,0.15909090909090912,-9.090909089404242e-08
steps,steps_20260913_130640,484,67.76001488700001,0.159091,0.15909090909090912,-9.090909089404242e-08
steps,steps_20260913_130640,485,67.900013379,0.159091,0.15909090909090912,-9.090909089404242e-08
steps,steps_20260913_130640,486,68.040003182,0.159091,0.15909090909090912,-9.090909089404242e-08
steps,steps_20260913_130640,487,68.18000385500001,0.159091,0.15909090909090912,-9.090909089404242e-08
steps,steps_20260913_130640,488,68.320006389,0.159091,0.15909090909090912,-9.090909089404242e-08
steps,steps_20260913_130640,489,68.46001282200001,0.159091,0.15909090909090912,-9.090909089404242e-08
steps,steps_20260913_130640,490,68.601997056,0.159091,0.15909090909090912,-9.090909089404242e-08
steps,steps_20260913_130640,491,68.742001767,0.159091,0.15909090909090912,-9.090909089404242e-08
steps,steps_20260913_130640,492,68.88000170500001,0.159091,0.15909090909090912,-9.090909089404242e-08
steps,steps_20260913_130640,493,69.020001854,0.159091,0.15909090909090912,-9.090909089404242e-08
steps,steps_20260913_130640,494,69.16199691,0.159091,0.15909090909090912,-9.090909089404242e-08
steps,steps_20260913_130640,495,69.300010473,0.159091,0.15909090909090912,-9.090909089404242e-08
steps,steps_20260913_130640,496,69.440004474,0.159091,0.15909090909090912,-9.090909089404242e-08
steps,steps_20260913_130640,497,69.58199677500001,0.159091,0.15909090909090912,-9.090909089404242e-08
steps,steps_20260913_130640,498,69.721997922,0.159091,0.15909090909090912,-9.090909089404242e-08
steps,steps_20260913_130640,499,69.86001930200001,0.159091,0.15909090909090912,-9.090909089404242e-08
steps,steps_20260913_130640,500,70.000000876,0.159091,0.15909090909090912,-9.090909089404242e-08
steps,steps_20260913_130640,501,70.14200384600001,0.159091,0.15909090909090912,-9.090909089404242e-08
steps,steps_20260913_130640,502,70.280005511,0.159091,0.15909090909090912,-9.090909089404242e-08
steps,steps_20260913_130640,503,70.420006157,0.159091,0.15909090909090912,-9.090909089404242e-08
steps,steps_20260913_130640,504,70.56000035800001,0.159091,0.15909090909090912,-9.090909089404242e-08
steps,steps_20260913_130640,505,70.700002267,0.159091,0.15909090909090912,-9.090909089404242e-08
steps,steps_20260913_130640,506,70.840030516,0.159091,0.15909090909090912,-9.090909089404242e-08
steps,steps_20260913_130640,507,70.98000590400001,0.159091,0.15909090909090912,-9.090909089404242e-08
steps,steps_20260913_130640,508,71.121993203,0.159091,0.15909090909090912,-9.090909089404242e-08
steps,steps_20260913_130640,509,71.260004819,0.159091,0.15909090909090912,-9.090909089404242e-08
steps,steps_20260913_130640,510,71.400002232,0.159091,0.15909090909090912,-9.090909089404242e-08
steps,steps_20260913_130640,511,71.54199689800001,0.159091,0.15909090909090912,-9.090909089404242e-08
steps,steps_20260913_130640,512,71.68000139300001,0.159091,0.15909090909090912,-9.090909089404242e-08
steps,steps_20260913_130640,513,71.82000127900001,0.159091,0.15909090909090912,-9.090909089404242e-08
steps,steps_20260913_130640,514,71.960001766,0.159091,0.15909090909090912,-9.090909089404242e-08
steps,steps_20260913_130640,515,72.10001476400001,0.157102,0.15710197904545453,-2.095454545991693e-08
steps,steps_20260913_130640,516,72.240000026,0.154318,0.15431818134090908,1.813409090667406e-07
steps,steps_20260913_130640,517,72.38199243000001,0.151494,0.1514944686818182,4.6868181821646537e-07
steps,steps_20260913_130640,518,72.52198414600001,0.148711,0.1487105425909091,-4.574090909092998e-07
steps,steps_20260913_130640,519,72.66200079100001,0.145926,0.14592612061363638,1.206136363840482e-07
steps,steps_20260913_130640,520,72.802004236,0.143142,0.14314196113636365,-3.8863636336872176e-08
steps,steps_20260913_130640,521,72.940002354,0.140398,0.1403976805,-3.1949999998448497e-07
steps,steps_20260913_130640,522,73.08200020800001,0.137574,0.1375738595,-1.4049999999543594e-07
steps,steps_20260913_130640,523,73.222001621,0.13479,0.1347897404318182,-2.5956818178185515e-07
steps,steps_20260913_130640,524,73.36000070200001,0.132045,0.13204544054545456,4.405454545608478e-07
steps,steps_20260913_130640,525,73.500015446,0.129261,0.12926105643181818,5.6431818190594285e-08
steps,steps_20260913_130640,526,73.642017675,0.126437,0.12643714856818183,1.4856818184028064e-07
steps,steps_20260913_130640,527,73.78000179200001,0.123693,0.12369314618181819,1.461818181919261e-07
steps,steps_20260913_130640,528,73.922002218,0.120869,0.12086927411363638,2.741136363726415e-07
steps,steps_20260913_130640,529,74.062001998,0.118085,0.11808518750000001,1.8750000001233058e-07
steps,steps_20260913_130640,530,74.200001548,0.115341,0.11534087822727274,-1.2177272726288102e-07
steps,steps_20260913_130640,531,74.34200169100001,0.112517,0.11251701188636366,1.1886363657231946e-08
steps,steps_20260913_130640,532,74.480001125,0.109773,0.1097727048409091,-2.9515909089061765e-07
steps,steps_20260913_130640,533,74.62000126400001,0.106989,0.10698861122727274,-3.887727272611219e-07
steps,steps_20260913_130640,534,74.76002776600001,0.104204,0.10420399325000002,-6.749999989508204e-09
steps,steps_20260913_130640,535,74.90000097000001,0.10142,0.10142043529545455,4.352954545566723e-07
steps,steps_20260913_130640,536,75.040004846,0.0986363,0.09863626722727274,-3.277272725421554e-08
steps,steps_20260913_130640,537,75.18199847300001,0.0958125,0.09581253038636364,3.038636364749436e-08
steps,steps_20260913_130640,538,75.321997339,0.0930285,0.09302846206818183,-3.793181817257629e-08
steps,steps_20260913_130640,539,75.46001706700001,0.0902838,0.09028375156818183,-4.8431818167049556e-08
steps,steps_20260913_130640,540,75.602004257,0.0874601,0.08746014263636365,4.26363636479854e-08
steps,steps_20260913_130640,541,75.741996842,0.0846762,0.08467619920454546,-7.954545355737253e-10
steps,steps_20260913_130640,542,75.8800044,0.0819317,0.0819317306818182,3.0681818197209054e-08
steps,steps_20260913_130640,543,76.02199779,0.079108,0.07910799845454546,-1.5454545421178523e-09
steps,steps_20260913_130640,544,76.160001245,0.0763636,0.07636361154545455,1.1545454550732082e-08
steps,steps_20260913_130640,545,76.30202199300001,0.0735393,0.07353933538636365,3.5386363644862584e-08
steps,steps_20260913_130640,546,76.440001519,0.0707954,0.07079542431818182,2.4318181829352525e-08
steps,steps_20260913_130640,547,76.58200294400001,0.0679715,0.06797153236363637,3.2363636368049065e-08
steps,steps_20260913_130640,548,76.721996241,0.0651876,0.06518757477272728,-2.5227272715255822e-08
steps,steps_20260913_130640,549,76.861999291,0.0624034,0.06240342325000001,2.3250000015517802e-08
steps,steps_20260913_130640,550,77.00000139800001,0.0596591,0.05965906306818182,-3.693181818004154e-08
steps,steps_20260913_130640,551,77.140001659,0.056875,0.05687496706818183,-3.293181817520807e-08
steps,steps_20260913_130640,552,77.280007968,0.0540908,0.05409075063636364,-4.9363636359101015e-08
steps,steps_20260913_130640,553,77.42199618100001,0.0512671,0.0512671213409091,2.1340909095446392e-08
steps,steps_20260913_130640,554,77.560001012,0.0485227,0.04852270706818182,7.068181817615482e-09
steps,steps_20260913_130640,555,77.700001959,0.0457386,0.04573859738636365,-2.6136363490136816e-09
steps,steps_20260913_130640,556,77.84199690300001,0.0429148,0.04291483429545455,3.429545454569638e-08
steps,steps_20260913_130640,557,77.980003772,0.0401704,0.040170379454545456,-2.054545454599488e-08
steps,steps_20260913_130640,558,78.12002560900001,0.0373859,0.03738585438636364,-4.561363636107485e-08
steps,steps_20260913_130640,559,78.262014506,0.0345622,0.03456221156818182,1.1568181822185775e-08
steps,steps_20260913_130640,560,78.402000615,0.0317784,0.03177839684090909,-3.1590909055356775e-09
steps,steps_20260913_130640,561,78.541994558,0.0289944,0.028994426363636364,2.6363636364268306e-08
steps,steps_20260913_130640,562,78.68200311400001,0.0262102,0.026210165386363636,-3.461363636339532e-08
steps,steps_20260913_130640,563,78.822001912,0.0234261,0.023426098340909092,-1.6590909063252113e-09
steps,steps_20260913_130640,564,78.961996551,0.0206421,0.020642114022727275,1.4022727274493052e-08
steps,steps_20260913_130640,565,79.100005866,0.0178976,0.01789761065909091,1.065909091199635e-08
steps,steps_20260913_130640,566,79.242002651,0.0150738,0.015073810977272728,1.0977272727960563e-08
steps,steps_20260913_130640,567,79.38000008600001,0.0123295,0.012329543704545455,4.370454545488123e-08
steps,steps_20260913_130640,568,79.520000514,0.00954544,0.009545444363636364,4.36363636370507e-09
steps,steps_20260913_130640,569,79.660000611,0.00676135,0.006761351545454546,1.5454545455872992e-09
steps,steps_20260913_130640,570,79.80000201200001,0.00397723,0.003977232636363636,2.636363636079886e-09
steps,steps_20260913_130640,571,79.94000236900001,0.00119313,0.0011931347272727273,4.727272727347159e-09
steps,steps_20260913_130640,572,80.082002134,0.0,0.0,0.0
steps,steps_20260913_130640,573,80.22200259,0.0,0.0,0.0
steps,steps_20260913_130640,574,80.36000017900001,0.0,0.0,0.0
steps,steps_20260913_130640,575,80.500003741,0.0,0.0,0.0
steps,steps_20260913_130640,576,80.64001287100001,0.0,0.0,0.0
steps,steps_20260913_130640,577,80.78199630600001,0.0,0.0,0.0
steps,steps_20260913_130640,578,80.922001471,0.0,0.0,0.0
steps,steps_20260913_130640,579,81.061996901,0.0,0.0,0.0
steps,steps_20260913_130640,580,81.20000285500001,0.0,0.0,0.0
steps,steps_20260913_130640,581,81.34198844400001,0.0,0.0,0.0
steps,steps_20260913_130640,582,81.482008198,0.0,0.0,0.0
steps,steps_20260913_130640,583,81.62200048000001,0.0,0.0,0.0
steps,steps_20260913_130640,584,81.76199110900001,0.0,0.0,0.0
steps,steps_20260913_130640,585,81.90000132,0.0,0.0,0.0
steps,steps_20260913_130640,586,82.04199433100001,0.0,0.0,0.0
steps,steps_20260913_130640,587,82.18199955700001,0.0,0.0,0.0
steps,steps_20260913_130640,588,82.320000365,0.0,0.0,0.0
steps,steps_20260913_130640,589,82.46001340400001,0.0,0.0,0.0
steps,steps_20260913_130640,590,82.602002737,0.0,0.0,0.0
steps,steps_20260913_130640,591,82.74001733600001,0.0,0.0,0.0
steps,steps_20260913_130640,592,82.88202045,0.0,0.0,0.0
steps,steps_20260913_130640,593,83.021996922,0.0,0.0,0.0
steps,steps_20260913_130640,594,83.16199919600001,0.0,0.0,0.0
steps,steps_20260913_130640,595,83.30199679500001,0.0,0.0,0.0
steps,steps_20260913_130640,596,83.44200181500001,0.0,0.0,0.0
steps,steps_20260913_130640,597,83.58199782700001,0.0,0.0,0.0
steps,steps_20260913_130640,598,83.72000171,0.0,0.0,0.0
steps,steps_20260913_130640,599,83.86200153700001,0.0,0.0,0.0
steps,steps_20260913_130640,600,84.00199928400001,0.0,0.0,0.0
steps,steps_20260913_130640,601,84.14000383300001,0.0,0.0,0.0
steps,steps_20260913_130640,602,84.282012656,0.0,0.0,0.0
steps,steps_20260913_130640,603,84.420004995,0.0,0.0,0.0
steps,steps_20260913_130640,604,84.560007905,0.0,0.0,0.0
steps,steps_20260913_130640,605,84.70000015100001,0.0,0.0,0.0
steps,steps_20260913_130640,606,84.84199508500001,0.0,0.0,0.0
steps,steps_20260913_130640,607,84.98000557200001,0.0,0.0,0.0
steps,steps_20260913_130640,608,85.122002764,0.0,0.0,0.0
steps,steps_20260913_130640,609,85.260002199,0.0,0.0,0.0
steps,steps_20260913_130640,610,85.400004523,0.0,0.0,0.0
steps,steps_20260913_130640,611,85.540000081,0.0,0.0,0.0
steps,steps_20260913_130640,612,85.68200365,0.0,0.0,0.0
steps,steps_20260913_130640,613,85.820000659,0.0,0.0,0.0
steps,steps_20260913_130640,614,85.961997052,0.0,0.0,0.0
steps,steps_20260913_130640,615,86.10000265100001,0.0,0.0,0.0
steps,steps_20260913_130640,616,86.241988851,0.0,0.0,0.0
steps,steps_20260913_130640,617,86.381996583,0.0,0.0,0.0
steps,steps_20260913_130640,618,86.521995797,0.0,0.0,0.0
steps,steps_20260913_130640,619,86.662010284,0.0,0.0,0.0
steps,steps_20260913_130640,620,86.80200023500001,0.0,0.0,0.0
steps,steps_20260913_130640,621,86.940014589,0.0,0.0,0.0
steps,steps_20260913_130640,622,87.081996434,0.0,0.0,0.0
steps,steps_20260913_130640,623,87.220007987,0.0,0.0,0.0
steps,steps_20260913_130640,624,87.361992216,0.0,0.0,0.0
steps,steps_20260913_130640,625,87.501996782,0.0,0.0,0.0
steps,steps_20260913_130640,626,87.640016171,0.0,0.0,0.0
steps,steps_20260913_130640,627,87.780002972,0.0,0.0,0.0
steps,steps_20260913_130640,628,87.922007277,0.0,0.0,0.0
steps,steps_20260913_130640,629,88.062000599,0.0,0.0,0.0
steps,steps_20260913_130640,630,88.20200626500001,0.0,0.0,0.0
steps,steps_20260913_130640,631,88.34002399900001,0.0,0.0,0.0
steps,steps_20260913_130640,632,88.48000760000001,0.0,0.0,0.0
steps,steps_20260913_130640,633,88.620030673,0.0,0.0,0.0
steps,steps_20260913_130640,634,88.76199421000001,0.0,0.0,0.0
steps,steps_20260913_130640,635,88.90000476300001,0.0,0.0,0.0
steps,steps_20260913_130640,636,89.041988449,0.0,0.0,0.0
steps,steps_20260913_130640,637,89.18000054800001,0.0,0.0,0.0
steps,steps_20260913_130640,638,89.320000479,0.0,0.0,0.0
steps,steps_20260913_130640,639,89.462002497,0.0,0.0,0.0
steps,steps_20260913_130640,640,89.600001847,0.0,0.0,0.0
steps,steps_20260913_130640,641,89.74200704,0.0,0.0,0.0
steps,steps_20260913_130640,642,89.880004325,0.0,0.0,0.0
steps,steps_20260913_130640,643,90.020005229,0.0,0.0,0.0
steps,steps_20260913_130640,644,90.161995038,0.0,0.0,0.0
steps,steps_20260913_130640,645,90.30200623600001,0.0,0.0,0.0
steps,steps_20260913_130640,646,90.44000286100001,0.0,0.0,0.0
steps,steps_20260913_130640,647,90.58000106200001,0.0,0.0,0.0
steps,steps_20260913_130640,648,90.720003242,0.0,0.0,0.0
steps,steps_20260913_130640,649,90.86000078100001,0.0,0.0,0.0
steps,steps_20260913_130640,650,91.00199869400001,0.0,0.0,0.0
steps,steps_20260913_130640,651,91.14000249700001,0.0,0.0,0.0
steps,steps_20260913_130640,652,91.28000238,0.0,0.0,0.0
steps,steps_20260913_130640,653,91.42000618300001,0.0,0.0,0.0
steps,steps_20260913_130640,654,91.56000026400001,0.0,0.0,0.0
steps,steps_20260913_130640,655,91.702001824,0.0,0.0,0.0
steps,steps_20260913_130640,656,91.84200419300001,0.0,0.0,0.0
steps,steps_20260913_130640,657,91.980021703,0.0,0.0,0.0
varying,varying_20260913_130859,1,0.1400043490000007,0.00650592,0.006505922818181818,2.818181818117771e-09
varying,varying_20260913_130859,2,0.28000564500000014,0.0232907,0.023290710863636363,1.086363636201848e-08
varying,varying_20260913_130859,3,0.4219989040000005,0.0413626,0.041362580318181824,-1.9681818175243393e-08
varying,varying_20260913_130859,4,0.5600019430000005,0.0589266,0.05892660343181818,3.4318181768577816e-09
varying,varying_20260913_130859,5,0.7019949290000005,0.0769984,0.07699843804545455,3.804545455066144e-08
varying,varying_20260913_130859,6,0.8400038390000004,0.0945632,0.09456320840909092,8.409090923588991e-09
varying,varying_20260913_130859,7,0.9800275050000007,0.0954545,0.09545454545454546,4.5454545460899e-08
varying,varying_20260913_130859,8,1.1200128950000003,0.0954545,0.09545454545454546,4.5454545460899e-08
varying,varying_20260913_130859,9,1.260000723,0.0954545,0.09545454545454546,4.5454545460899e-08
varying,varying_20260913_130859,10,1.4019989000000006,0.0954545,0.09545454545454546,4.5454545460899e-08
varying,varying_20260913_130859,11,1.5420625910000005,0.0954545,0.09545454545454546,4.5454545460899e-08
varying,varying_20260913_130859,12,1.6800259760000005,0.0954545,0.09545454545454546,4.5454545460899e-08
varying,varying_20260913_130859,13,1.822005915,0.0954545,0.09545454545454546,4.5454545460899e-08
varying,varying_20260913_130859,14,1.9600765660000006,0.0954545,0.09545454545454546,4.5454545460899e-08
varying,varying_20260913_130859,15,2.10000841,0.0954545,0.09545454545454546,4.5454545460899e-08
varying,varying_20260913_130859,16,2.240000051,0.0954545,0.09545454545454546,4.5454545460899e-08
varying,varying_20260913_130859,17,2.3820044980000006,0.0954545,0.09545454545454546,4.5454545460899e-08
varying,varying_20260913_130859,18,2.520003505,0.0954545,0.09545454545454546,4.5454545460899e-08
varying,varying_20260913_130859,19,2.662000551,0.0954545,0.09545454545454546,4.5454545460899e-08
varying,varying_20260913_130859,20,2.8019997870000006,0.0954545,0.09545454545454546,4.5454545460899e-08
varying,varying_20260913_130859,21,2.9400043400000007,0.0954545,0.09545454545454546,4.5454545460899e-08
varying,varying_20260913_130859,22,3.0800023140000006,0.0954545,0.09545454545454546,4.5454545460899e-08
varying,varying_20260913_130859,23,3.2220028050000007,0.0954545,0.09545454545454546,4.5454545460899e-08
varying,varying_20260913_130859,24,3.3620002170000003,0.0954545,0.09545454545454546,4.5454545460899e-08
varying,varying_20260913_130859,25,3.500005613000001,0.0954545,0.09545454545454546,4.5454545460899e-08
varying,varying_20260913_130859,26,3.6400255660000003,0.0954545,0.09545454545454546,4.5454545460899e-08
varying,varying_20260913_130859,27,3.7819946150000012,0.0954545,0.09545454545454546,4.5454545460899e-08
varying,varying_20260913_130859,28,3.922001903000001,0.0954545,0.09545454545454546,4.5454545460899e-08
varying,varying_20260913_130859,29,4.061999614,0.0954545,0.09545454545454546,4.5454545460899e-08
varying,varying_20260913_130859,30,4.201998396,0.0954545,0.09545454545454546,4.5454545460899e-08
varying,varying_20260913_130859,31,4.34000128,0.0954545,0.09545454545454546,4.5454545460899e-08
varying,varying_20260913_130859,32,4.481984826000001,0.0954545,0.09545454545454546,4.5454545460899e-08
varying,varying_20260913_130859,33,4.622003449,0.0954545,0.09545454545454546,4.5454545460899e-08
varying,varying_20260913_130859,34,4.760002664000001,0.0954545,0.09545454545454546,4.5454545460899e-08
varying,varying_20260913_130859,35,4.900003070000001,0.0954545,0.09545454545454546,4.5454545460899e-08
varying,varying_20260913_130859,36,5.040003883,0.0954545,0.09545454545454546,4.5454545460899e-08
varying,varying_20260913_130859,37,5.182002776,0.0954545,0.09545454545454546,4.5454545460899e-08
varying,varying_20260913_130859,38,5.320004530000001,0.0954545,0.09545454545454546,4.5454545460899e-08
varying,varying_20260913_130859,39,5.462019572,0.0954545,0.09545454545454546,4.5454545460899e-08
varying,varying_20260913_130859,40,5.602003284000001,0.0954545,0.09545454545454546,4.5454545460899e-08
varying,varying_20260913_130859,41,5.7419952400000005,0.0954545,0.09545454545454546,4.5454545460899e-08
varying,varying_20260913_130859,42,5.880007729,0.0954545,0.09545454545454546,4.5454545460899e-08
varying,varying_20260913_130859,43,6.020008534,0.0954545,0.09545454545454546,4.5454545460899e-08
varying,varying_20260913_130859,44,6.162005926,0.0954545,0.09545454545454546,4.5454545460899e-08
varying,varying_20260913_130859,45,6.301998052000001,0.0954545,0.09545454545454546,4.5454545460899e-08
varying,varying_20260913_130859,46,6.441999409,0.0954545,0.09545454545454546,4.5454545460899e-08
varying,varying_20260913_130859,47,6.580003149,0.0954545,0.09545454545454546,4.5454545460899e-08
varying,varying_20260913_130859,48,6.720005796,0.0954545,0.09545454545454546,4.5454545460899e-08
varying,varying_20260913_130859,49,6.862002708000001,0.0954545,0.09545454545454546,4.5454545460899e-08
varying,varying_20260913_130859,50,7.001997786,0.0954545,0.09545454545454546,4.5454545460899e-08
varying,varying_20260913_130859,51,7.142006105000001,0.0954545,0.09545454545454546,4.5454545460899e-08
varying,varying_20260913_130859,52,7.2819989000000005,0.0954545,0.09545454545454546,4.5454545460899e-08
varying,varying_20260913_130859,53,7.420000083000001,0.0954545,0.09545454545454546,4.5454545460899e-08
varying,varying_20260913_130859,54,7.562001686000001,0.0954545,0.09545454545454546,4.5454545460899e-08
varying,varying_20260913_130859,55,7.700003633000001,0.0954545,0.09545454545454546,4.5454545460899e-08
varying,varying_20260913_130859,56,7.840005688000001,0.0954545,0.09545454545454546,4.5454545460899e-08
varying,varying_20260913_130859,57,7.982002955,0.0954545,0.09545454545454546,4.5454545460899e-08
varying,varying_20260913_130859,58,8.122001015999999,0.0973955,0.09739547077272728,-2.92272727131504e-08
varying,varying_20260913_130859,59,8.260003403999999,0.099591,0.0995909631818182,-3.68181817950175e-08
varying,varying_20260913_130859,60,8.402007442000002,0.10185,0.10185011836363637,1.1836363637829361e-07
varying,varying_20260913_130859,61,8.542000042000002,0.104077,0.10407727336363637,2.733636363660974e-07
varying,varying_20260913_130859,62,8.682021640999999,0.106305,0.10630488972727274,-1.1027272725505632e-07
varying,varying_20260913_130859,63,8.820003641,0.1085,0.10850005790909091,5.7909090911412164e-08
varying,varying_20260913_130859,64,8.96000021,0.110727,0.11072727606818182,2.7606818181480364e-07
varying,varying_20260913_130859,65,9.102001114,0.112986,0.11298638129545456,3.8129545455733993e-07
varying,varying_20260913_130859,66,9.242007244,0.115214,0.11521375154545456,-2.484545454373155e-07
varying,varying_20260913_130859,67,9.380025200999999,0.117409,0.11740949181818183,4.918181818330813e-07
varying,varying_20260913_130859,68,9.520004960000001,0.119636,0.11963644254545454,4.4254545453203953e-07
varying,varying_20260913_130859,69,9.660000699000001,0.121864,0.1218636475,-3.524999999948708e-07
varying,varying_20260913_130859,70,9.802002180999999,0.124123,0.12412276195454545,-2.3804545454253478e-07
varying,varying_20260913_130859,71,9.940001136,0.126318,0.12631819995454546,1.9995454544896596e-07
varying,varying_20260913_130859,72,10.080005531000001,0.128546,0.1285455425227273,-4.574772727028442e-07
varying,varying_20260913_130859,73,10.220002067,0.130773,0.13077276020454548,-2.39795454520797e-07
varying,varying_20260913_130859,74,10.361999127,0.133032,0.1330318043409091,-1.956590909013567e-07
varying,varying_20260913_130859,75,10.500005283,0.135227,0.13522735672727274,3.567272727211801e-07
varying,varying_20260913_130859,76,10.641985402,0.137486,0.13748613136363635,1.313636363575732e-07
varying,varying_20260913_130859,77,10.782005435000002,0.139714,0.13971372290909093,-2.770909090787921e-07
varying,varying_20260913_130859,78,10.920002996000001,0.141909,0.14190913863636365,1.386363636390886e-07
varying,varying_20260913_130859,79,11.062007569000002,0.144168,0.14416830225000002,3.022500000282591e-07
varying,varying_20260913_130859,80,11.200003986999999,0.146364,0.1463636998409091,-3.0015909088798587e-07
varying,varying_20260913_130859,81,11.340004082,0.148591,0.148590974,-2.6000000014070324e-08
varying,varying_20260913_130859,82,11.480021127,0.150819,0.15081851797727275,-4.820227272606115e-07
varying,varying_20260913_130859,83,11.620002195000001,0.153045,0.15304548954545458,4.895454545905675e-07
varying,varying_20260913_130859,84,11.762001057000003,0.155305,0.15530456231818185,-4.376818181495157e-07
varying,varying_20260913_130859,85,11.901999363000002,0.157532,0.15753180800000002,-1.919999999822064e-07
varying,varying_20260913_130859,86,12.040006499,0.159727,0.15972737613636367,3.7613636366673475e-07
varying,varying_20260913_130859,87,12.182000554000002,0.161986,0.16198637238636368,3.7238636368952527e-07
varying,varying_20260913_130859,88,12.320015690000002,0.164182,0.16418206779545458,6.779545458357461e-08
varying,varying_20260913_130859,89,12.4600008,0.166409,0.16640910363636366,1.0363636365751105e-07
varying,varying_20260913_130859,90,12.600001532,0.168636,0.16863638797727276,3.8797727275330374e-07
varying,varying_20260913_130859,91,12.740001848000002,0.170864,0.1708636657954546,-3.3420454539911937e-07
varying,varying_20260913_130859,92,12.882007748000003,0.168191,0.16819079136363638,-2.0863636362999927e-07
varying,varying_20260913_130859,93,13.022005554,0.17535,0.17535008829545456,8.829545455890653e-08
varying,varying_20260913_130859,94,13.162003689000002,0.177577,0.1775773314318182,3.314318181846243e-07
varying,varying_20260913_130859,95,13.301998780000002,0.179805,0.17980452604545455,-4.7395454544352233e-07
varying,varying_20260913_130859,96,13.440003292,0.182,0.18200005234090913,5.234090913464051e-08
varying,varying_20260913_130859,97,13.580006557,0.184227,0.1842273770909091,3.770909091094232e-07
varying,varying_20260913_130859,98,13.720004069000002,0.181808,0.18180832600000002,3.26000000022697e-07
varying,varying_20260913_130859,99,13.860002404000003,0.181886,0.18188591797727274,-8.20227272491092e-08
varying,varying_20260913_130859,100,14.002022936000003,0.185661,0.18566111136363636,1.1136363636810032e-07
varying,varying_20260913_130859,101,14.142000581000001,0.193168,0.19316819104545457,1.910454545672735e-07
varying,varying_20260913_130859,102,14.280003338,0.195364,0.19536368950000002,-3.104999999892222e-07
varying,varying_20260913_130859,103,14.422002039000002,0.194998,0.19499750025,-4.997499999936927e-07
varying,varying_20260913_130859,104,14.562003406000002,0.191579,0.19157887222727274,-1.2777272725972288e-07
varying,varying_20260913_130859,105,14.702011039000002,0.193004,0.19300437879545457,3.787954545586558e-07
varying,varying_20260913_130859,106,14.840027698,0.204273,0.2042731679545455,1.6795454549356492e-07
varying,varying_20260913_130859,107,14.98200684,0.206532,0.206531927,-7.29999999893316e-08
varying,varying_20260913_130859,108,15.122001587,0.206894,0.20689361684090912,-3.831590908720539e-07
varying,varying_20260913_130859,109,15.262002058,0.206939,0.20693932350000005,3.235000000378907e-07
varying,varying_20260913_130859,110,15.400013946000001,0.212489,0.21248930690909093,3.0690909091912744e-07
varying,varying_20260913_130859,111,15.541997909000003,0.214354,0.21435365397727277,-3.4602272722117355e-07
varying,varying_20260913_130859,112,15.680020165000002,0.215644,0.21564432559090913,3.2559090912265276e-07
varying,varying_20260913_130859,113,15.822004157000002,0.217917,0.21791660275000005,-3.972499999504997e-07
varying,varying_20260913_130859,114,15.960006885000002,0.219496,0.21949558654545454,-4.134545454614891e-07
varying,varying_20260913_130859,115,16.100001599000002,0.218228,0.21822825690909092,2.5690909091768965e-07
varying,varying_20260913_130859,116,16.241990519,0.218693,0.2186928846136364,-1.1538636360275412e-07
varying,varying_20260913_130859,117,16.380000353,0.218498,0.21849761468181822,-3.8531818177811594e-07
varying,varying_20260913_130859,118,16.520008004,0.219152,0.21915239213636367,3.9213636365831306e-07
varying,varying_20260913_130859,119,16.660005429,0.214931,0.2149314715227273,4.71522727280016e-07
varying,varying_20260913_130859,120,16.800003657,0.214654,0.21465357788636363,-4.221136363780076e-07
varying,varying_20260913_130859,121,16.942003940000003,0.219767,0.21976691497727274,-8.502272724753013e-08
varying,varying_20260913_130859,122,17.080005353,0.219559,0.21955919379545458,1.9379545457276492e-07
varying,varying_20260913_130859,123,17.220003851,0.217943,0.21794328165909094,2.816590909393568e-07
varying,varying_20260913_130859,124,17.360005697000002,0.218869,0.21886928429545455,2.842954545390075e-07
varying,varying_20260913_130859,125,17.500002772000002,0.217927,0.21792662404545457,-3.7595454543959406e-07
varying,varying_20260913_130859,126,17.642002694000002,0.22015,0.22015034713636364,3.471363636264879e-07
varying,varying_20260913_130859,127,17.780004561000002,0.218701,0.21870115384090913,1.5384090912284876e-07
varying,varying_20260913_130859,128,17.921998579,0.217313,0.21731279070454548,-2.0929545452297305e-07
varying,varying_20260913_130859,129,18.060004716,0.222678,0.22267819811363637,1.98113636384889e-07
varying,varying_20260913_130859,130,18.202005612,0.218541,0.2185412959545455,2.959545454817025e-07
varying,varying_20260913_130859,131,18.340009047000002,0.218197,0.2181965306818182,-4.693181817894132e-07
varying,varying_20260913_130859,132,18.480017504000003,0.217825,0.21782455100000003,-4.4899999995795525e-07
varying,varying_20260913_130859,133,18.620015882,0.220726,0.22072559488636367,-4.051136363314445e-07
varying,varying_20260913_130859,134,18.762006586000002,0.217773,0.21777307077272728,7.077272728972517e-08
varying,varying_20260913_130859,135,18.900003697000002,0.220032,0.2200315700227273,-4.299772727034412e-07
varying,varying_20260913_130859,136,19.040000086000003,0.216853,0.21685345834090913,4.5834090914298464e-07
varying,varying_20260913_130859,137,19.182072178000002,0.22005,0.22004957879545456,-4.2120454543659314e-07
varying,varying_20260913_130859,138,19.320001573000003,0.219203,0.21920255843181818,-4.4156818182483626e-07
varying,varying_20260913_130859,139,19.460005258000002,0.219618,0.2196176297954546,-3.7020454540792613e-07
varying,varying_20260913_130859,140,19.600004358,0.218786,0.21878592225000001,-7.77499999937703e-08
varying,varying_20260913_130859,141,19.740010707,0.218501,0.21850115572727277,1.5572727277146647e-07
varying,varying_20260913_130859,142,19.880005037,0.217388,0.21738840088636363,4.0088636363289076e-07
varying,varying_20260913_130859,143,20.020000198,0.217795,0.21779525138636366,2.513863636699476e-07
varying,varying_20260913_130859,144,20.1620046,0.219736,0.21973638988636368,3.8988636369419183e-07
varying,varying_20260913_130859,145,20.301999551,0.220239,0.22023932715909092,3.271590909292854e-07
varying,varying_20260913_130859,146,20.442008646,0.218988,0.21898776788636365,-2.3211363633923732e-07
varying,varying_20260913_130859,147,20.580004127000002,0.221547,0.22154677125,-2.287499999975573e-07
varying,varying_20260913_130859,148,20.722002908,0.21728,0.21727984552272725,-1.5447727275130774e-07
varying,varying_20260913_130859,149,20.862002958,0.222727,0.22272727272727275,2.727272727376384e-07
varying,varying_20260913_130859,150,21.000006014,0.219039,0.21903949279545457,4.927954545541624e-07
varying,varying_20260913_130859,151,21.142005145000002,0.218856,0.21885634877272728,3.487727272821761e-07
varying,varying_20260913_130859,152,21.281992603000003,0.218896,0.21889648947727275,4.89477272741512e-07
varying,varying_20260913_130859,153,21.422006528,0.219199,0.21919919954545455,1.995454545489217e-07
varying,varying_20260913_130859,154,21.562007664000003,0.218613,0.21861259206818187,-4.079318181304803e-07
varying,varying_20260913_130859,155,21.700004160000002,0.219695,0.21969488975,-1.1024999999054153e-07
varying,varying_20260913_130859,156,21.842004242,0.218939,0.21893885729545456,-1.4270454543052757e-07
varying,varying_20260913_130859,157,21.982002781000002,0.219624,0.21962386663636366,-1.333636363565205e-07
varying,varying_20260913_130859,158,22.122006168000002,0.220352,0.22035161065909092,-3.893409090682809e-07
varying,varying_20260913_130859,159,22.262025875000003,0.219236,0.2192355580227273,-4.4197727269712495e-07
varying,varying_20260913_130859,160,22.401995141,0.218855,0.21885504963636365,4.9636363658178695e-08
varying,varying_20260913_130859,161,22.540000098,0.218749,0.21874925322727273,2.5322727273402457e-07
varying,varying_20260913_130859,162,22.680034495,0.21761,0.21760970890909093,-2.910909090714231e-07
varying,varying_20260913_130859,163,22.822005636,0.219092,0.21909170325000002,-2.967499999895207e-07
varying,varying_20260913_130859,164,22.962007137,0.21896,0.21896022813636368,2.2813636368912427e-07
varying,varying_20260913_130859,165,23.100009091,0.220147,0.22014745040909092,4.504090909129843e-07
varying,varying_20260913_130859,166,23.240018462000002,0.218131,0.21813063045454548,-3.6954545451495235e-07
varying,varying_20260913_130859,167,23.380004340000003,0.219173,0.21917297356818183,-2.6431818178629385e-08
varying,varying_20260913_130859,168,23.520000715000002,0.218584,0.21858425845454546,2.584545454598075e-07
varying,varying_20260913_130859,169,23.66000422,0.219678,0.2196782106590909,2.1065909089346135e-07
varying,varying_20260913_130859,170,23.800003676000003,0.219401,0.21940102561363636,2.5613636350785285e-08
varying,varying_20260913_130859,171,23.940004878,0.217288,0.21728775679545456,-2.4320454544701775e-07
varying,varying_20260913_130859,172,24.080000347000002,0.22148,0.22147962756818185,-3.724318181630437e-07
varying,varying_20260913_130859,173,24.220007469000002,0.22485,0.22484983293181818,-1.6706818181666527e-07
varying,varying_20260913_130859,174,24.360003099,0.227164,0.22716393890909092,-6.109090908146264e-08
varying,varying_20260913_130859,175,24.500003835,0.229953,0.22995316479545455,1.6479545456027367e-07
varying,varying_20260913_130859,176,24.640019298000002,0.232168,0.23216780840909093,-1.9159090908216214e-07
varying,varying_20260913_130859,177,24.782004704000002,0.233107,0.23310681959090912,-1.8040909088856694e-07
varying,varying_20260913_130859,178,24.920002866,0.237853,0.2378531374545455,1.37454545495741e-07
varying,varying_20260913_130859,179,25.060001619,0.237955,0.23795516165909092,1.616590909192528e-07
varying,varying_20260913_130859,180,25.200003656,0.24022,0.24021958004545457,-4.199545454164344e-07
varying,varying_20260913_130859,181,25.340004712000002,0.241845,0.24184517604545458,1.7604545457516885e-07
varying,varying_20260913_130859,182,25.480004306,0.246413,0.24641316159090912,1.615909091257084e-07
varying,varying_20260913_130859,183,25.620003277000002,0.247581,0.2475811381590909,1.3815909091774436e-07
varying,varying_20260913_130859,184,25.760004498,0.24979,0.24978955463636368,-4.4536363633107534e-07
varying,varying_20260913_130859,185,25.900014569,0.250416,0.2504163540454546,3.5404545456474423e-07
varying,varying_20260913_130859,186,26.041998878,0.254164,0.2541641262045455,1.262045454808458e-07
varying,varying_20260913_130859,187,26.182003787000003,0.257726,0.2577263135681818,3.135681818089431e-07
varying,varying_20260913_130859,188,26.320004801,0.258783,0.2587833668636364,3.6686363641402764e-07
varying,varying_20260913_130859,189,26.462005417,0.260821,0.26082140572727275,4.0572727272314424e-07
varying,varying_20260913_130859,190,26.602006818,0.260424,0.26042408954545454,8.954545455130969e-08
varying,varying_20260913_130859,191,26.740004875,0.264092,0.2640916032045455,-3.9679545449367026e-07
varying,varying_20260913_130859,192,26.880002848,0.268396,0.26839618415909094,1.8415909092128757e-07
varying,varying_20260913_130859,193,27.020002625,0.267798,0.26779799995454545,-4.5454529029598234e-11
varying,varying_20260913_130859,194,27.16202566,0.271227,0.2712274420227273,4.4202272730942127e-07
varying,varying_20260913_130859,195,27.302006504,0.271605,0.2716052722727273,2.7227272730856455e-07
varying,varying_20260913_130859,196,27.440008430000002,0.273841,0.2738413685,3.685000000142047e-07
varying,varying_20260913_130859,197,27.580004968,0.276207,0.27620682965909094,-1.7034090904477495e-07
varying,varying_20260913_130859,198,27.720000634999998,0.279284,0.2792843333636364,3.3336363641778277e-07
varying,varying_20260913_130859,199,27.860004462,0.280977,0.2809769928636364,-7.136363555648728e-09
varying,varying_20260913_130859,200,28.000003798,0.285325,0.2853250853409091,8.534090911727077e-08
varying,varying_20260913_130859,201,28.142001377,0.285185,0.28518476270454546,-2.3729545456374623e-07
varying,varying_20260913_130859,202,28.282000081,0.289945,0.2899449028636364,-9.7136363619299e-08
varying,varying_20260913_130859,203,28.422011725000004,0.288523,0.28852285652272724,-1.4347727272934208e-07
varying,varying_20260913_130859,204,28.562001203999998,0.294267,0.29426722086363644,2.2086363643536444e-07
varying,varying_20260913_130859,205,28.702003705000003,0.293833,0.29383309056818185,9.056818184305371e-08
varying,varying_20260913_130859,206,28.842034314000003,0.299423,0.29942334243181823,3.4243181823434554e-07
varying,varying_20260913_130859,207,28.980004711,0.297008,0.29700797795454553,-2.204545446193862e-08
varying,varying_20260913_130859,208,29.120005353000003,0.303478,0.3034777174545455,-2.8254545453298974e-07
varying,varying_20260913_130859,209,29.260005660000004,0.303385,0.30338479197727275,-2.0802272726605509e-07
varying,varying_20260913_130859,210,29.400004193,0.304641,0.3046409779318182,-2.206818178196457e-08
varying,varying_20260913_130859,211,29.541997368000004,0.306061,0.3060610563181818,5.631818178475356e-08
varying,varying_20260913_130859,212,29.680000888000002,0.311259,0.31125914829545454,1.4829545452732518e-07
varying,varying_20260913_130859,213,29.822004474000003,0.314234,0.3142340843409091,8.434090909004155e-08
varying,varying_20260913_130859,214,29.962006664,0.31531,0.31531049184090915,4.918409091669851e-07
varying,varying_20260913_130859,215,30.100003133,0.321122,0.3211216099318182,-3.900681818103102e-07
varying,varying_20260913_130859,216,30.242003134,0.315294,0.3152944209545455,4.2095454549917477e-07
varying,varying_20260913_130859,217,30.382006076000003,0.323656,0.32365645884090916,4.5884090915659925e-07
varying,varying_20260913_130859,218,30.520000558,0.319633,0.31963349743181824,4.974318182360271e-07
varying,varying_20260913_130859,219,30.662003225,0.330024,0.3300241303863637,1.3038636370588108e-07
varying,varying_20260913_130859,220,30.802007369000002,0.32374,0.32374011329545455,1.1329545451799206e-07
varying,varying_20260913_130859,221,30.942000689000004,0.333673,0.33367297361363635,-2.6386363649599787e-08
varying,varying_20260913_130859,222,31.080004870000003,0.32818,0.32818015554545454,1.555454545165702e-07
varying,varying_20260913_130859,223,31.221999104,0.340287,0.3402871414090909,1.4140909088133924e-07
varying,varying_20260913_130859,224,31.362002308,0.333236,0.33323553613636364,-4.6386363633521555e-07
varying,varying_20260913_130859,225,31.502000586999998,0.344447,0.34444708072727276,8.072727275543201e-08
varying,varying_20260913_130859,226,31.640003757000002,0.337969,0.33796913929545463,1.392954546153291e-07
varying,varying_20260913_130859,227,31.780000704000003,0.348991,0.34899091181818187,-8.818181812531023e-08
varying,varying_20260913_130859,228,31.921999067,0.341306,0.3413059926818182,-7.3181817827894236e-09
varying,varying_20260913_130859,229,32.061999308000004,0.353484,0.35348447829545454,4.782954545201612e-07
varying,varying_20260913_130859,230,32.200014096000004,0.341151,0.3411512486136364,2.486136363999414e-07
varying,varying_20260913_130859,231,32.342003527,0.352569,0.35256904995454547,4.995454544465261e-08
varying,varying_20260913_130859,232,32.480003313000005,0.346151,0.3461507364318182,-2.635681817797497e-07
varying,varying_20260913_130859,233,32.622016256,0.343702,0.3437015799318182,-4.2006818179451955e-07
varying,varying_20260913_130859,234,32.761998393,0.336675,0.3366746308863637,-3.691136363226377e-07
varying,varying_20260913_130859,235,32.902019677,0.342093,0.3420926149772728,-3.850227272006457e-07
varying,varying_20260913_130859,236,33.042004088,0.340553,0.34055309972727277,9.972727277318683e-08
varying,varying_20260913_130859,237,33.180009334000005,0.345164,0.3451642472727273,2.472727272939679e-07
varying,varying_20260913_130859,238,33.320001767,0.342379,0.3423791755681818,1.7556818182606904e-07
varying,varying_20260913_130859,239,33.461998902000005,0.347287,0.3472871542954546,1.542954545796782e-07
varying,varying_20260913_130859,240,33.6020032,0.340896,0.34089605947727275,5.947727277355597e-08
varying,varying_20260913_130859,241,33.740002944000004,0.346818,0.3468184650000001,4.6500000006055586e-07
varying,varying_20260913_130859,242,33.880000313000004,0.339196,0.3391959433863636,-5.6613636389979405e-08
varying,varying_20260913_130859,243,34.020005047,0.353465,0.3534653625681819,3.625681819219295e-07
varying,varying_20260913_130859,244,34.160002103000004,0.346467,0.34646691131818186,-8.868181816668042e-08
varying,varying_20260913_130859,245,34.300005259,0.352612,0.35261161981818184,-3.801818181381478e-07
varying,varying_20260913_130859,246,34.440039398,0.343797,0.3437966001590909,-3.998409091043875e-07
varying,varying_20260913_130859,247,34.580006528,0.344604,0.34460350686363644,-4.931363635773955e-07
varying,varying_20260913_130859,248,34.720005102,0.336252,0.33625177822727276,-2.21772727238001e-07
varying,varying_20260913_130859,249,34.861999250000004,0.345266,0.3452655601818182,-4.398181818188185e-07
varying,varying_20260913_130859,250,35.000007332,0.341317,0.34131669775000006,-3.022499999172368e-07
varying,varying_20260913_130859,251,35.140021924,0.34744,0.3474402210681818,2.2106818176048648e-07
varying,varying_20260913_130859,252,35.280003613,0.340557,0.34055699952272733,-4.772726658330839e-10
varying,varying_20260913_130859,253,35.42200242,0.346525,0.34652500972727274,9.72727270953655e-09
varying,varying_20260913_130859,254,35.560028993,0.341742,0.3417421518636364,1.5186363638841627e-07
varying,varying_20260913_130859,255,35.702004095,0.34623,0.3462304817045455,4.817045455296487e-07
varying,varying_20260913_130859,256,35.841998625,0.338094,0.33809428306818184,2.830681818388747e-07
varying,varying_20260913_130859,257,35.982003146000004,0.346637,0.3466366349090909,-3.6509090906022834e-07
varying,varying_20260913_130859,258,36.122003018,0.338365,0.33836479679545456,-2.0320454546807198e-07
varying,varying_20260913_130859,259,36.262004162000004,0.344502,0.3445017696590909,-2.3034090906870475e-07
varying,varying_20260913_130859,260,36.400004075,0.340065,0.3400648430454546,-1.569545454160881e-07
varying,varying_20260913_130859,261,36.540005988000004,0.343722,0.34372233811363634,3.3811363631119917e-07
varying,varying_20260913_130859,262,36.68201151,0.342823,0.3428233992272728,3.992272727959545e-07
varying,varying_20260913_130859,263,36.822010478,0.3446,0.3445997500909091,-2.4990909092137414e-07
varying,varying_20260913_130859,264,36.96002447,0.34033,0.34032990647727274,-9.352272728468947e-08
varying,varying_20260913_130859,265,37.100003283,0.334684,0.33468404677272734,4.677272735786886e-08
varying,varying_20260913_130859,266,37.241999702,0.333531,0.3335310199772728,1.9977272780469235e-08
varying,varying_20260913_130859,267,37.380002149,0.350307,0.3503069321818182,-6.781818179257826e-08
varying,varying_20260913_130859,268,37.520001586,0.348418,0.3484177163409092,-2.836590908272818e-07
varying,varying_20260913_130859,269,37.662004497,0.350403,0.3504027405454546,-2.5945454540377e-07
varying,varying_20260913_130859,270,37.802001002000004,0.337752,0.33775197925000006,-2.074999994050586e-08
varying,varying_20260913_130859,271,37.941997087000004,0.346905,0.34690511386363637,1.1386363635290664e-07
varying,varying_20260913_130859,272,38.082004116,0.343049,0.34304875834090914,-2.4165909084938875e-07
varying,varying_20260913_130859,273,38.222030049000004,0.352358,0.3523578407045455,-1.592954544937797e-07
varying,varying_20260913_130859,274,38.362007131,0.341301,0.3413010680227273,6.802272728423375e-08
varying,varying_20260913_130859,275,38.502013868,0.348876,0.3488756851363637,-3.1486363633037584e-07
varying,varying_20260913_130859,276,38.641997469,0.338877,0.33887662947727276,-3.705227272221556e-07
varying,varying_20260913_130859,277,38.780003242,0.349334,0.3493336359545455,-3.640454545039695e-07
varying,varying_20260913_130859,278,38.920011507,0.343211,0.34321084445454547,-1.555454545165702e-07
varying,varying_20260913_130859,279,39.061986727000004,0.348559,0.34855856731818186,-4.3268181815214746e-07
varying,varying_20260913_130859,280,39.201996129,0.339316,0.33931635165909096,3.5165909095802306e-07
varying,varying_20260913_130859,281,39.340000948000004,0.350486,0.3504860357727273,3.577272728039205e-08
varying,varying_20260913_130859,282,39.480013184,0.344566,0.3445656915909091,-3.0840909087670454e-07
varying,varying_20260913_130859,283,39.620001767,0.349685,0.3496846737045455,-3.2629545454465614e-07
varying,varying_20260913_130859,284,39.762002659000004,0.340233,0.34023251579545455,-4.842045454589439e-07
varying,varying_20260913_130859,285,39.901998072,0.359298,0.3592980688181818,6.881818181980748e-08
varying,varying_20260913_130859,286,40.042001748000004,0.351868,0.3518678427727273,-1.57227272701288e-07
varying,varying_20260913_130859,287,40.181996883000004,0.342849,0.3428490184318182,1.8431818182840232e-08
varying,varying_20260913_130859,288,40.322006434,0.341633,0.3416328118636364,-1.881363635991562e-07
varying,varying_20260913_130859,289,40.460001349,0.347023,0.34702291543181824,-8.456818179070069e-08
varying,varying_20260913_130859,290,40.602003284,0.347683,0.34768286859090913,-1.314090908866028e-07
varying,varying_20260913_130859,291,40.740013154,0.360712,0.3607122917045455,2.91704545518634e-07
varying,varying_20260913_130859,292,40.881998195,0.354021,0.3540208343636364,-1.6563636356936584e-07
varying,varying_20260913_130859,293,41.020001988000004,0.368357,0.3683566415454546,-3.5845454537941634e-07
varying,varying_20260913_130859,294,41.160008305,0.357574,0.35757368325000005,-3.16749999951238e-07
varying,varying_20260913_130859,295,41.301998544,0.357343,0.35734324309090915,2.4309090912444375e-07
varying,varying_20260913_130859,296,41.442055584,0.350082,0.35008156002272733,-4.399772726704221e-07
varying,varying_20260913_130859,297,41.580017194,0.367084,0.3670836175681818,-3.824318182132913e-07
varying,varying_20260913_130859,298,41.722002071,0.361699,0.36169916856818185,1.685681818575091e-07
varying,varying_20260913_130859,299,41.861999349,0.379222,0.37922221272727274,2.127272727414642e-07
varying,varying_20260913_130859,300,42.000002643,0.366395,0.3663946762954545,-3.237045455017906e-07
varying,varying_20260913_130859,301,42.140003578,0.362646,0.36264593034090914,-6.96590908844108e-08
varying,varying_20260913_130859,302,42.282004345000004,0.357685,0.35768529729545456,2.9729545458767603e-07
varying,varying_20260913_130859,303,42.422003116,0.362655,0.3626552250681819,2.2506818186940336e-07
varying,varying_20260913_130859,304,42.560002865,0.36798,0.3679803640227273,3.6402272735047703e-07
varying,varying_20260913_130859,305,42.70000479,0.371612,0.3716115556363637,-4.4436363627609055e-07
varying,varying_20260913_130859,306,42.841995197,0.376833,0.37683296445454545,-3.5545454524221753e-08
varying,varying_20260913_130859,307,42.980003617,0.367425,0.36742515345454546,1.5345454545956372e-07
varying,varying_20260913_130859,308,43.122003593,0.387939,0.38793943236363637,4.323636363934291e-07
varying,varying_20260913_130859,309,43.262002271,0.37756,0.3775598559090909,-1.4409090909328626e-07
varying,varying_20260913_130859,310,43.400005119,0.387495,0.38749508556818185,8.556818187344106e-08
varying,varying_20260913_130859,311,43.540006597,0.377727,0.3777267091818182,-2.9081818175846763e-07
varying,varying_20260913_130859,312,43.681987165,0.382428,0.38242786988636374,-1.3011363625414774e-07
varying,varying_20260913_130859,313,43.820003404000005,0.375934,0.37593369275000005,-3.072499999423606e-07
varying,varying_20260913_130859,314,43.962002255,0.383349,0.38334922690909096,2.269090909612359e-07
varying,varying_20260913_130859,315,44.102006819,0.386652,0.38665197343181823,-2.656818176571818e-08
varying,varying_20260913_130859,316,44.242001727,0.383622,0.38362198556818183,-1.4431818184945655e-08
varying,varying_20260913_130859,317,44.382004958,0.389945,0.3899452102954546,2.1029545460571342e-07
varying,varying_20260913_130859,318,44.520000996,0.38498,0.38497962634090915,-3.736590908354209e-07
varying,varying_20260913_130859,319,44.660001996,0.403475,0.40347506675,6.675000002731579e-08
varying,varying_20260913_130859,320,44.800003642,0.39813,0.39813017475,1.747500000259805e-07
varying,varying_20260913_130859,321,44.941998368,0.400127,0.4001273320227273,3.3202272731180926e-07
varying,varying_20260913_130859,322,45.082004559,0.384229,0.38422914775000006,1.477500000679477e-07
varying,varying_20260913_130859,323,45.222003811,0.392568,0.39256820638636364,2.0638636366587804e-07
varying,varying_20260913_130859,324,45.362001932,0.387653,0.38765334904545456,3.4904545453962044e-07
varying,varying_20260913_130859,325,45.502005652,0.39687,0.39687004286363636,4.286363636252233e-08
varying,varying_20260913_130859,326,45.641998138,0.396995,0.3969948970909091,-1.0290909085997058e-07
varying,varying_20260913_130859,327,45.782003440000004,0.399848,0.3998478164545455,-1.8354545450183224e-07
varying,varying_20260913_130859,328,45.920000030000004,0.397878,0.39787824347727274,2.4347727273221764e-07
varying,varying_20260913_130859,329,46.060002468,0.397701,0.3977012799772728,2.79977272754639e-07
varying,varying_20260913_130859,330,46.202005419,0.398753,0.3987526263636364,-3.736363636264173e-07
varying,varying_20260913_130859,331,46.342003673,0.403707,0.4037066067045455,-3.932954544816347e-07
varying,varying_20260913_130859,332,46.480021848,0.404127,0.40412742554545455,4.255454545409876e-07
varying,varying_20260913_130859,333,46.622006696,0.407182,0.40718176100000003,-2.389999999574677e-07
varying,varying_20260913_130859,334,46.760003003,0.402299,0.40229930920454554,3.0920454552330057e-07
varying,varying_20260913_130859,335,46.900003119000004,0.413056,0.4130557507045455,-2.492954545019188e-07
varying,varying_20260913_130859,336,47.042003359,0.408096,0.4080957268181819,-2.731818181112011e-07
varying,varying_20260913_130859,337,47.18000286,0.424456,0.42445608815909097,8.815909097181773e-08
varying,varying_20260913_130859,338,47.322001058,0.416462,0.4164624647272728,4.6472727277535597e-07
varying,varying_20260913_130859,339,47.460003782,0.433808,0.4338082470909091,2.470909090668272e-07
varying,varying_20260913_130859,340,47.602001238,0.425108,0.4251082334545455,2.3345454552847755e-07
varying,varying_20260913_130859,341,47.740013941,0.413466,0.4134659370227273,-6.297727267456921e-08
varying,varying_20260913_130859,342,47.882010528,0.402955,0.40295543893181823,4.3893181822518557e-07
varying,varying_20260913_130859,343,48.020002286,0.416989,0.41698854447727274,-4.555227272606821e-07
varying,varying_20260913_130859,344,48.161995523,0.422585,0.4225850619772728,6.197727281387344e-08
varying,varying_20260913_130859,345,48.3000013,0.426001,0.4260006632954546,-3.3670454541168127e-07
varying,varying_20260913_130859,346,48.440005708,0.414203,0.4142032786818183,2.786818182887174e-07
varying,varying_20260913_130859,347,48.581998513,0.416044,0.4160444670454546,4.6704545458853275e-07
varying,varying_20260913_130859,348,48.720010083,0.410097,0.4100970731136364,7.31136364229279e-08
varying,varying_20260913_130859,349,48.862002725,0.415803,0.41580268052272734,-3.1947727263670345e-07
varying,varying_20260913_130859,350,49.002003193,0.416975,0.4169750279545455,2.795454551174359e-08
varying,varying_20260913_130859,351,49.141996909,0.414354,0.4143541988409091,1.9884090912691832e-07
varying,varying_20260913_130859,352,49.280003421,0.419265,0.4192653948636364,3.948636363992897e-07
varying,varying_20260913_130859,353,49.42200058,0.415575,0.41557499597727277,-4.022727262409376e-09
varying,varying_20260913_130859,354,49.560032763,0.433144,0.43314374775000003,-2.5224999994355457e-07
varying,varying_20260913_130859,355,49.700007198,0.423636,0.4236363636590909,3.6365909089619564e-07
varying,varying_20260913_130859,356,49.841997914000004,0.420999,0.4209986766363637,-3.2336363631202403e-07
varying,varying_20260913_130859,357,49.982029293000004,0.408096,0.40809610625000003,1.0625000002040252e-07
varying,varying_20260913_130859,358,50.120002166,0.412118,0.41211801813636373,1.8136363744147843e-08
varying,varying_20260913_130859,359,50.26203054,0.41393,0.4139302218863637,2.218863636715973e-07
varying,varying_20260913_130859,360,50.400003574,0.423636,0.4236363636590909,3.6365909089619564e-07
varying,varying_20260913_130859,361,50.541998327,0.422246,0.4222455677045455,-4.322954544888624e-07
varying,varying_20260913_130859,362,50.681999744,0.423636,0.4236363636590909,3.6365909089619564e-07
varying,varying_20260913_130859,363,50.82000222,0.413748,0.4137484638636364,4.638636363907267e-07
varying,varying_20260913_130859,364,50.961998252,0.413878,0.4138783377272728,3.3772727275893644e-07
varying,varying_20260913_130859,365,51.102006351,0.41537,0.41537014861363636,1.4861363634155467e-07
varying,varying_20260913_130859,366,51.241998091,0.417103,0.41710302104545455,2.10454545457317e-08
varying,varying_20260913_130859,367,51.380000196000005,0.420085,0.42008485304545456,-1.4695454542135167e-07
varying,varying_20260913_130859,368,51.520003738,0.415784,0.41578375315909094,-2.468409090461421e-07
varying,varying_20260913_130859,369,51.662007036,0.424789,0.42478867009090915,-3.299090908792657e-07
varying,varying_20260913_130859,370,51.800000282,0.417415,0.4174152472954546,2.472954546139938e-07
varying,varying_20260913_130859,371,51.942015701,0.430242,0.43024152118181824,-4.78818181770535e-07
varying,varying_20260913_130859,372,52.082002612000004,0.400727,0.40072727275000003,2.727500000299088e-07
varying,varying_20260913_130859,373,52.22000248,0.400727,0.40072727275000003,2.727500000299088e-07
varying,varying_20260913_130859,374,52.360000481,0.400727,0.40072727275000003,2.727500000299088e-07
varying,varying_20260913_130859,375,52.501999432,0.400727,0.40072727275000003,2.727500000299088e-07
varying,varying_20260913_130859,376,52.640007993000005,0.400727,0.40072727275000003,2.727500000299088e-07
varying,varying_20260913_130859,377,52.782011839,0.400727,0.40072727275000003,2.727500000299088e-07
varying,varying_20260913_130859,378,52.920014581000004,0.400727,0.40072727275000003,2.727500000299088e-07
varying,varying_20260913_130859,379,53.061996969,0.400727,0.40072727275000003,2.727500000299088e-07
varying,varying_20260913_130859,380,53.202039012,0.400727,0.40072727275000003,2.727500000299088e-07
varying,varying_20260913_130859,381,53.340001662,0.400727,0.40072727275000003,2.727500000299088e-07
varying,varying_20260913_130859,382,53.480047532,0.402,0.4020000000227273,2.2727264514799117e-11
varying,varying_20260913_130859,383,53.620006617,0.403273,0.4032727272954546,-2.727045453898569e-07
varying,varying_20260913_130859,384,53.760016817,0.397727,0.39772727272727276,2.72727272765394e-07
varying,varying_20260913_130859,385,53.901999084,0.397727,0.39772727272727276,2.72727272765394e-07
varying,varying_20260913_130859,386,54.040002779,0.397727,0.39772727272727276,2.72727272765394e-07
varying,varying_20260913_130859,387,54.180000718,0.397727,0.39772727272727276,2.72727272765394e-07
varying,varying_20260913_130859,388,54.320011078,0.397727,0.39772727272727276,2.72727272765394e-07
varying,varying_20260913_130859,389,54.462002201000004,0.397727,0.39772727272727276,2.72727272765394e-07
varying,varying_20260913_130859,390,54.600001872,0.397727,0.39772727272727276,2.72727272765394e-07
varying,varying_20260913_130859,391,54.741997107,0.397727,0.39772727272727276,2.72727272765394e-07
varying,varying_20260913_130859,392,54.88200127,0.397727,0.39772727272727276,2.72727272765394e-07
varying,varying_20260913_130859,393,55.020004067,0.397727,0.39772727272727276,2.72727272765394e-07
varying,varying_20260913_130859,394,55.162019103,0.399,0.399,0.0
varying,varying_20260913_130859,395,55.301988754,0.400273,0.40027272727272734,-2.727272726543717e-07
varying,varying_20260913_130859,396,55.440007916,0.401545,0.4015454545454546,4.5454545460899e-07
varying,varying_20260913_130859,397,55.580029141000004,0.402818,0.40281818181818185,1.81818181843596e-07
varying,varying_20260913_130859,398,55.720004221,0.404091,0.4040909090909091,-9.090909086628685e-08
varying,varying_20260913_130859,399,55.861998538,0.405364,0.4053636363636364,-3.636363635761697e-07
varying,varying_20260913_130859,400,56.001998873,0.406636,0.4066363636363637,3.63636363687192e-07
varying,varying_20260913_130859,401,56.140002974,0.407909,0.407909090909091,9.090909097730915e-08
varying,varying_20260913_130859,402,56.280000364,0.402008,0.402007914,-8.59999999547334e-08
varying,varying_20260913_130859,403,56.42000067,0.400587,0.4005871578863637,1.5788636364977293e-07
varying,varying_20260913_130859,404,56.562001871,0.386201,0.3862011786818182,1.7868181817481954e-07
varying,varying_20260913_130859,405,56.702003987000005,0.385153,0.3851525576818182,-4.423181818036248e-07
varying,varying_20260913_130859,406,56.84199936,0.371996,0.3719960118636364,1.1863636406594935e-08
varying,varying_20260913_130859,407,56.982007336,0.377655,0.3776545752954546,-4.247045454208731e-07
varying,varying_20260913_130859,408,57.120001291,0.366527,0.3665271988636364,1.9886363639143312e-07
varying,varying_20260913_130859,409,57.260002144,0.367744,0.3677437342727273,-2.657272727413229e-07
varying,varying_20260913_130859,410,57.400000152000004,0.355384,0.35538403775000005,3.775000007033569e-08
varying,varying_20260913_130859,411,57.540001441,0.343315,0.34331502386363644,2.3863636455789816e-08
varying,varying_20260913_130859,412,57.681997629,0.335181,0.3351809677045455,-3.2295454532871304e-08
varying,varying_20260913_130859,413,57.820003335,0.332531,0.3325308676136364,-1.3238636359380607e-07
varying,varying_20260913_130859,414,57.960003861000004,0.331821,0.33182109465909093,9.465909095451863e-08
varying,varying_20260913_130859,415,58.102014784,0.327608,0.32760835370454544,3.537045454304888e-07
varying,varying_20260913_130859,416,58.242020178000004,0.313485,0.3134852077954546,2.0779545456539594e-07
varying,varying_20260913_130859,417,58.380002322,0.33628,0.3362796859545455,-3.140454545302873e-07
varying,varying_20260913_130859,418,58.521999421000004,0.323856,0.32385647,4.700000000301685e-07
varying,varying_20260913_130859,419,58.661993035,0.328992,0.3289923501136364,3.501136364159052e-07
varying,varying_20260913_130859,420,58.802003669,0.313317,0.31331664540909093,-3.5459090907963287e-07
varying,varying_20260913_130859,421,58.941999246,0.314767,0.3147673577045455,3.577045454838945e-07
varying,varying_20260913_130859,422,59.080005679,0.310704,0.3107042969545455,2.9695454550893174e-07
varying,varying_20260913_130859,423,59.222003223,0.304492,0.3044919045,-9.54999999636108e-08
varying,varying_20260913_130859,424,59.360005429000005,0.289456,0.28945610256818183,1.0256818183673744e-07
varying,varying_20260913_130859,425,59.500000603000004,0.29233,0.29232951904545457,-4.809545454120823e-07
varying,varying_20260913_130859,426,59.642009849000004,0.279018,0.2790183153863636,3.153863636362608e-07
varying,varying_20260913_130859,427,59.782006145000004,0.274639,0.2746389271818182,-7.281818181770205e-08
varying,varying_20260913_130859,428,59.92200582500001,0.267977,0.2679770241590909,2.4159090894482205e-08
varying,varying_20260913_130859,429,60.062005658,0.2641,0.2641004241590909,4.2415909090598447e-07
varying,varying_20260913_130859,430,60.202009908,0.25983,0.25982958288636365,-4.171136363528838e-07
varying,varying_20260913_130859,431,60.341985946,0.2516,0.25159968113636366,-3.188636363282704e-07
varying,varying_20260913_130859,432,60.48199821000001,0.247546,0.24754564688636366,-3.531136363310594e-07
varying,varying_20260913_130859,433,60.620011047,0.241158,0.2411576871136364,-3.1288636362369893e-07
varying,varying_20260913_130859,434,60.762005272,0.23627,0.2362703152727273,3.1527272728593125e-07
varying,varying_20260913_130859,435,60.902004318,0.230062,0.23006151684090909,-4.83159090902685e-07
varying,varying_20260913_130859,436,61.042005468000006,0.224867,0.2248668061818182,-1.9381818180952415e-07
varying,varying_20260913_130859,437,61.180001698000005,0.218241,0.21824065406818186,-3.459318181353588e-07
varying,varying_20260913_130859,438,61.320007008,0.212704,0.21270423888636364,2.388863636348937e-07
varying,varying_20260913_130859,439,61.461986108,0.206493,0.2064926531818182,-3.4681818181225843e-07
varying,varying_20260913_130859,440,61.60000510300001,0.200454,0.20045432225,3.2225000001773196e-07
varying,varying_20260913_130859,441,61.742000001,0.19419,0.19418995670454547,-4.329545452708139e-08
varying,varying_20260913_130859,442,61.880003384,0.187492,0.18749210502272728,1.0502272729251416e-07
varying,varying_20260913_130859,443,62.02199622,0.181917,0.18191663206818182,-3.679318181792901e-07
varying,varying_20260913_130859,444,62.16000681800001,0.175292,0.175292432,4.319999999946589e-07
varying,varying_20260913_130859,445,62.30000428100001,0.168585,0.16858462154545456,-3.7845454545215595e-07
varying,varying_20260913_130859,446,62.440005211000006,0.163704,0.1637043174772727,3.174772727210229e-07
varying,varying_20260913_130859,447,62.582002102,0.157492,0.1574919535,-4.649999998940224e-08
varying,varying_20260913_130859,448,62.720005797000006,0.151454,0.15145429186363638,2.918636363702376e-07
varying,varying_20260913_130859,449,62.86201411,0.145241,0.14524142818181818,4.2818181816839385e-07
varying,varying_20260913_130859,450,63.001986175000006,0.139118,0.13911765031818182,-3.496818181680794e-07
varying,varying_20260913_130859,451,63.14200374600001,0.132992,0.1329918815909091,-1.1840909089344542e-07
varying,varying_20260913_130859,452,63.280008465,0.126954,0.12695417509090912,1.750909091047248e-07
varying,varying_20260913_130859,453,63.420018404,0.120829,0.12082874029545455,-2.5970454545221067e-07
varying,varying_20260913_130859,454,63.560008227000004,0.114704,0.11470418559090911,1.8559090911307585e-07
varying,varying_20260913_130859,455,63.700000405000004,0.10858,0.10857952779545456,-4.7220454543750456e-07
varying,varying_20260913_130859,456,63.842007293,0.102367,0.10236672631818182,-2.736818181803269e-07
varying,varying_20260913_130859,457,63.982000473999996,0.096242,0.09624202477272728,2.477272728618196e-08
varying,varying_20260913_130859,458,64.120019878,0.0774311,0.07743113175000002,3.175000001798267e-08
varying,varying_20260913_130859,459,64.260000716,0.0675438,0.06754377668181819,-2.3318181816001093e-08
varying,varying_20260913_130859,460,64.400005979,0.0701273,0.07012728640909091,-1.3590909092586756e-08
varying,varying_20260913_130859,461,64.54001024899999,0.0847006,0.08470056270454547,-3.7295454530239525e-08
varying,varying_20260913_130859,462,64.680016583,0.0954545,0.09545454545454546,4.5454545460899e-08
varying,varying_20260913_130859,463,64.8219996,0.0954545,0.09545454545454546,4.5454545460899e-08
varying,varying_20260913_130859,464,64.960003092,0.0954545,0.09545454545454546,4.5454545460899e-08
varying,varying_20260913_130859,465,65.100010301,0.0954545,0.09545454545454546,4.5454545460899e-08
varying,varying_20260913_130859,466,65.24199902199999,0.0954545,0.09545454545454546,4.5454545460899e-08
varying,varying_20260913_130859,467,65.38000270399999,0.0954545,0.09545454545454546,4.5454545460899e-08
varying,varying_20260913_130859,468,65.521992255,0.0954545,0.09545454545454546,4.5454545460899e-08
varying,varying_20260913_130859,469,65.662002561,0.0954545,0.09545454545454546,4.5454545460899e-08
varying,varying_20260913_130859,470,65.80199818899999,0.0954545,0.09545454545454546,4.5454545460899e-08
varying,varying_20260913_130859,471,65.94200092099999,0.0954545,0.09545454545454546,4.5454545460899e-08
varying,varying_20260913_130859,472,66.081989908,0.0954545,0.09545454545454546,4.5454545460899e-08
varying,varying_20260913_130859,473,66.220002465,0.0954545,0.09545454545454546,4.5454545460899e-08
varying,varying_20260913_130859,474,66.36000516499999,0.0954545,0.09545454545454546,4.5454545460899e-08
varying,varying_20260913_130859,475,66.501998972,0.0954545,0.09545454545454546,4.5454545460899e-08
varying,varying_20260913_130859,476,66.64000632099999,0.0954545,0.09545454545454546,4.5454545460899e-08
varying,varying_20260913_130859,477,66.781986945,0.0954545,0.09545454545454546,4.5454545460899e-08
varying,varying_20260913_130859,478,66.92000351799999,0.0954545,0.09545454545454546,4.5454545460899e-08
varying,varying_20260913_130859,479,67.062005585,0.0954545,0.09545454545454546,4.5454545460899e-08
varying,varying_20260913_130859,480,67.20200405199999,0.0954545,0.09545454545454546,4.5454545460899e-08
varying,varying_20260913_130859,481,67.34200118599999,0.0954545,0.09545454545454546,4.5454545460899e-08
varying,varying_20260913_130859,482,67.48000724699999,0.0954545,0.09545454545454546,4.5454545460899e-08
varying,varying_20260913_130859,483,67.620000807,0.0954545,0.09545454545454546,4.5454545460899e-08
varying,varying_20260913_130859,484,67.76000380699999,0.0954545,0.09545454545454546,4.5454545460899e-08
varying,varying_20260913_130859,485,67.90200379199999,0.0954545,0.09545454545454546,4.5454545460899e-08
varying,varying_20260913_130859,486,68.04000252899999,0.0954545,0.09545454545454546,4.5454545460899e-08
varying,varying_20260913_130859,487,68.181999193,0.0954545,0.09545454545454546,4.5454545460899e-08
varying,varying_20260913_130859,488,68.320001772,0.0954545,0.09545454545454546,4.5454545460899e-08
varying,varying_20260913_130859,489,68.46200520299999,0.0954545,0.09545454545454546,4.5454545460899e-08
varying,varying_20260913_130859,490,68.602004732,0.0954545,0.09545454545454546,4.5454545460899e-08
varying,varying_20260913_130859,491,68.74000409,0.0954545,0.09545454545454546,4.5454545460899e-08
varying,varying_20260913_130859,492,68.88003775,0.0954545,0.09545454545454546,4.5454545460899e-08
varying,varying_20260913_130859,493,69.02000233,0.0954545,0.09545454545454546,4.5454545460899e-08
varying,varying_20260913_130859,494,69.161998306,0.0954545,0.09545454545454546,4.5454545460899e-08
varying,varying_20260913_130859,495,69.300000431,0.0954545,0.09545454545454546,4.5454545460899e-08
varying,varying_20260913_130859,496,69.44201517799999,0.0954545,0.09545454545454546,4.5454545460899e-08
varying,varying_20260913_130859,497,69.58002241,0.0954545,0.09545454545454546,4.5454545460899e-08
varying,varying_20260913_130859,498,69.720014399,0.0954545,0.09545454545454546,4.5454545460899e-08
varying,varying_20260913_130859,499,69.860004013,0.0954545,0.09545454545454546,4.5454545460899e-08
varying,varying_20260913_130859,500,70.000001594,0.0954545,0.09545454545454546,4.5454545460899e-08
varying,varying_20260913_130859,501,70.14200066,0.0954545,0.09545454545454546,4.5454545460899e-08
varying,varying_20260913_130859,502,70.28000109999999,0.0954545,0.09545454545454546,4.5454545460899e-08
varying,varying_20260913_130859,503,70.42000066,0.0954545,0.09545454545454546,4.5454545460899e-08
varying,varying_20260913_130859,504,70.561995312,0.0954545,0.09545454545454546,4.5454545460899e-08
varying,varying_20260913_130859,505,70.70200396199999,0.0954545,0.09545454545454546,4.5454545460899e-08
varying,varying_20260913_130859,506,70.84000345599999,0.0954545,0.09545454545454546,4.5454545460899e-08
varying,varying_20260913_130859,507,70.98198766799999,0.0954545,0.09545454545454546,4.5454545460899e-08
varying,varying_20260913_130859,508,71.12200076799999,0.0954545,0.09545454545454546,4.5454545460899e-08
varying,varying_20260913_130859,509,71.260003152,0.0954545,0.09545454545454546,4.5454545460899e-08
varying,varying_20260913_130859,510,71.40000095799999,0.0954545,0.09545454545454546,4.5454545460899e-08
varying,varying_20260913_130859,511,71.54199824899999,0.0954545,0.09545454545454546,4.5454545460899e-08
varying,varying_20260913_130859,512,71.68200422,0.0954545,0.09545454545454546,4.5454545460899e-08
varying,varying_20260913_130859,513,71.820003305,0.0954545,0.09545454545454546,4.5454545460899e-08
varying,varying_20260913_130859,514,71.960003847,0.0954545,0.09545454545454546,4.5454545460899e-08
varying,varying_20260913_130859,515,72.100003887,0.0942613,0.09426131718181818,1.7181818176559283e-08
varying,varying_20260913_130859,516,72.240031506,0.0925905,0.09259053315909091,3.315909090362279e-08
varying,varying_20260913_130859,517,72.38000241399999,0.0909204,0.09092042575,2.575000000726302e-08
varying,varying_20260913_130859,518,72.520002169,0.08925,0.08924997406818183,-2.5931818165014775e-08
varying,varying_20260913_130859,519,72.661983338,0.0875559,0.08755588068181817,-1.9318181831984305e-08
varying,varying_20260913_130859,520,72.800001297,0.0859091,0.08590907547727272,-2.4522727279374656e-08
varying,varying_20260913_130859,521,72.940000081,0.0842386,0.08423863540909092,3.540909092325517e-08
varying,varying_20260913_130859,522,73.08000440299999,0.0825681,0.08256812931818183,2.9318181826720746e-08
varying,varying_20260913_130859,523,73.22200044899999,0.0808739,0.08087385822727275,-4.1772727249478336e-08
varying,varying_20260913_130859,524,73.362001667,0.0792034,0.07920338920454546,-1.0795454530310167e-08
varying,varying_20260913_130859,525,73.501998094,0.077533,0.07753297729545455,-2.2704545452056912e-08
varying,varying_20260913_130859,526,73.640002845,0.0758863,0.07588632975000001,2.9750000005157595e-08
varying,varying_20260913_130859,527,73.780027986,0.0742156,0.07421557515909091,-2.4840909093604147e-08
varying,varying_20260913_130859,528,73.920003549,0.0725454,0.07254541222727273,1.2227272735976236e-08
varying,varying_20260913_130859,529,74.060001731,0.070875,0.07087497931818183,-2.068181816083925e-08
varying,varying_20260913_130859,530,74.200001266,0.0692045,0.06920453034090909,3.034090909070919e-08
varying,varying_20260913_130859,531,74.342002407,0.0675102,0.06751019847727274,-1.5227272637252653e-09
varying,varying_20260913_130859,532,74.48199948599999,0.0658398,0.0658397789318182,-2.10681818102465e-08
varying,varying_20260913_130859,533,74.622005397,0.0641693,0.06416925375,-4.6249999996472724e-08
varying,varying_20260913_130859,534,74.76200409699999,0.0624988,0.06249881479545455,1.4795454549021425e-08
varying,varying_20260913_130859,535,74.900001908,0.0608522,0.06085224997727273,4.997727272998409e-08
varying,varying_20260913_130859,536,75.04199490399999,0.059158,0.059158015318181816,1.5318181813273046e-08
varying,varying_20260913_130859,537,75.180004566,0.0575113,0.05751130922727273,9.22727273061641e-09
varying,varying_20260913_130859,538,75.32200612899999,0.055817,0.05581697227272728,-2.7727272720878826e-08
varying,varying_20260913_130859,539,75.46002590799999,0.0541701,0.05417014543181819,4.5431818189445305e-08
varying,varying_20260913_130859,540,75.60000245799999,0.0525,0.05249997072727273,-2.9272727269935572e-08
varying,varying_20260913_130859,541,75.740094136,0.0508284,0.05082842227272728,2.2272727280558957e-08
varying,varying_20260913_130859,542,75.880016028,0.0491589,0.04915889968181819,-3.181818072905962e-10
varying,varying_20260913_130859,543,76.02200455299999,0.0474647,0.04746471847727273,1.847727273268651e-08
varying,varying_20260913_130859,544,76.16001666599999,0.045818,0.045817982954545464,-1.7045454533959337e-08
varying,varying_20260913_130859,545,76.301997737,0.0441239,0.04412389068181819,-9.318181809492287e-09
varying,varying_20260913_130859,546,76.440003599,0.0424772,0.042477229772727276,2.9772727276611288e-08
varying,varying_20260913_130859,547,76.58000276099999,0.0408068,0.04080678525,-1.4749999999175145e-08
varying,varying_20260913_130859,548,76.722010398,0.0391124,0.03911237590909091,-2.409090908706002e-08
varying,varying_20260913_130859,549,76.86000504699999,0.0374658,0.037465848795454545,4.8795454545003114e-08
varying,varying_20260913_130859,550,77.000003897,0.0357954,0.035795408090909094,8.090909095481713e-09
varying,varying_20260913_130859,551,77.14200686699999,0.0341011,0.034101054431818184,-4.5568181818167464e-08
varying,varying_20260913_130859,552,77.282006619,0.0324306,0.03243060290909091,2.9090909126061604e-09
varying,varying_20260913_130859,553,77.42002081,0.0307838,0.03078384256818182,4.256818181974653e-08
varying,varying_20260913_130859,554,77.56199602699999,0.0290898,0.029089820136363638,2.0136363639011723e-08
varying,varying_20260913_130859,555,77.700003173,0.0274431,0.027443143954545456,4.395454545474964e-08
varying,varying_20260913_130859,556,77.840005167,0.0257727,0.025772665545454546,-3.4454545452811125e-08
varying,varying_20260913_130859,557,77.98200384399999,0.0240784,0.024078363272727273,-3.6727272726549964e-08
varying,varying_20260913_130859,558,78.12200823799999,0.0224079,0.02240785622727273,-4.3772727272711753e-08
varying,varying_20260913_130859,559,78.26200374199999,0.0207375,0.020737455295454545,-4.470454545435487e-08
varying,varying_20260913_130859,560,78.40000010099999,0.0190909,0.019090907818181818,7.818181817220715e-09
varying,varying_20260913_130859,561,78.54200043499999,0.0173966,0.017396585659090913,-1.4340909088722542e-08
varying,varying_20260913_130859,562,78.682004663,0.0157261,0.01572608068181818,-1.9318181818106517e-08
varying,varying_20260913_130859,563,78.820005083,0.0140795,0.014079484840909092,-1.5159090907893025e-08
varying,varying_20260913_130859,564,78.96200549699999,0.0123852,0.012385161727272729,-3.8272727272137264e-08
varying,varying_20260913_130859,565,79.10000806,0.0107385,0.010738540272727274,4.0272727274554e-08
varying,varying_20260913_130859,566,79.24199670099999,0.00904436,0.00904435747727273,-2.5227272701378034e-09
varying,varying_20260913_130859,567,79.380002029,0.0073977,0.007397703090909092,3.09090909204196e-09
varying,varying_20260913_130859,568,79.521999162,0.00570342,0.005703419113636364,-8.863636361336469e-10
varying,varying_20260913_130859,569,79.660021546,0.00405656,0.004056561090909091,1.0909090913599484e-09
varying,varying_20260913_130859,570,79.80200705,0.00236242,0.002362415840909091,-4.1590909089124495e-09
varying,varying_20260913_130859,571,79.940003666,0.000715865,0.0007158653409090911,3.40909091104194e-10
varying,varying_20260913_131059,1,0.14201540500000043,0.0066919,0.006691903750000001,3.7500000014956125e-09
varying,varying_20260913_131059,2,0.2800126599999997,0.0232939,0.023293917022727272,1.7022727272913984e-08
varying,varying_20260913_131059,3,0.42000815499999966,0.0411115,0.04111152547727273,2.547727272900202e-08
varying,varying_20260913_131059,4,0.561989659,0.0591819,0.05918189868181819,-1.3181818137031343e-09
varying,varying_20260913_131059,5,0.7019909650000002,0.0770002,0.07700024675000001,4.6750000010087334e-08
varying,varying_20260913_131059,6,0.841988593,0.0948181,0.09481812661363637,2.6613636364136717e-08
varying,varying_20260913_131059,7,0.9819903490000002,0.0954545,0.09545454545454546,4.5454545460899e-08
varying,varying_20260913_131059,8,1.1200154280000003,0.0954545,0.09545454545454546,4.5454545460899e-08
varying,varying_20260913_131059,9,1.261988444,0.0954545,0.09545454545454546,4.5454545460899e-08
varying,varying_20260913_131059,10,1.4019950999999997,0.0954545,0.09545454545454546,4.5454545460899e-08
varying,varying_20260913_131059,11,1.5400079360000003,0.0954545,0.09545454545454546,4.5454545460899e-08
varying,varying_20260913_131059,12,1.681992384,0.0954545,0.09545454545454546,4.5454545460899e-08
varying,varying_20260913_131059,13,1.8220214100000005,0.0954545,0.09545454545454546,4.5454545460899e-08
varying,varying_20260913_131059,14,1.9619856880000004,0.0954545,0.09545454545454546,4.5454545460899e-08
varying,varying_20260913_131059,15,2.1020125849999998,0.0954545,0.09545454545454546,4.5454545460899e-08
varying,varying_20260913_131059,16,2.2419894400000002,0.0954545,0.09545454545454546,4.5454545460899e-08
varying,varying_20260913_131059,17,2.3800049660000004,0.0954545,0.09545454545454546,4.5454545460899e-08
varying,varying_20260913_131059,18,2.5219906659999998,0.0954545,0.09545454545454546,4.5454545460899e-08
varying,varying_20260913_131059,19,2.6619866960000005,0.0954545,0.09545454545454546,4.5454545460899e-08
varying,varying_20260913_131059,20,2.8019899280000002,0.0954545,0.09545454545454546,4.5454545460899e-08
varying,varying_20260913_131059,21,2.9419868530000004,0.0954545,0.09545454545454546,4.5454545460899e-08
varying,varying_20260913_131059,22,3.081987934,0.0954545,0.09545454545454546,4.5454545460899e-08
varying,varying_20260913_131059,23,3.2219876569999997,0.0954545,0.09545454545454546,4.5454545460899e-08
varying,varying_20260913_131059,24,3.3619888940000004,0.0954545,0.09545454545454546,4.5454545460899e-08
varying,varying_20260913_131059,25,3.5019921,0.0954545,0.09545454545454546,4.5454545460899e-08
varying,varying_20260913_131059,26,3.642003143,0.0954545,0.09545454545454546,4.5454545460899e-08
varying,varying_20260913_131059,27,3.7819891510000003,0.0954545,0.09545454545454546,4.5454545460899e-08
varying,varying_20260913_131059,28,3.921993992,0.0954545,0.09545454545454546,4.5454545460899e-08
varying,varying_20260913_131059,29,4.06198231,0.0954545,0.09545454545454546,4.5454545460899e-08
varying,varying_20260913_131059,30,4.201988308,0.0954545,0.09545454545454546,4.5454545460899e-08
varying,varying_20260913_131059,31,4.3400140899999995,0.0954545,0.09545454545454546,4.5454545460899e-08
varying,varying_20260913_131059,32,4.481990368000001,0.0954545,0.09545454545454546,4.5454545460899e-08
varying,varying_20260913_131059,33,4.620001205,0.0954545,0.09545454545454546,4.5454545460899e-08
varying,varying_20260913_131059,34,4.7619727240000005,0.0954545,0.09545454545454546,4.5454545460899e-08
varying,varying_20260913_131059,35,4.901984004,0.0954545,0.09545454545454546,4.5454545460899e-08
varying,varying_20260913_131059,36,5.041988852,0.0954545,0.09545454545454546,4.5454545460899e-08
varying,varying_20260913_131059,37,5.181987222000001,0.0954545,0.09545454545454546,4.5454545460899e-08
varying,varying_20260913_131059,38,5.3219889700000005,0.0954545,0.09545454545454546,4.5454545460899e-08
varying,varying_20260913_131059,39,5.461992753,0.0954545,0.09545454545454546,4.5454545460899e-08
varying,varying_20260913_131059,40,5.601989037,0.0954545,0.09545454545454546,4.5454545460899e-08
varying,varying_20260913_131059,41,5.741990444,0.0954545,0.09545454545454546,4.5454545460899e-08
varying,varying_20260913_131059,42,5.881994059999999,0.0954545,0.09545454545454546,4.5454545460899e-08
varying,varying_20260913_131059,43,6.022000708999999,0.0954545,0.09545454545454546,4.5454545460899e-08
varying,varying_20260913_131059,44,6.161988968,0.0954545,0.09545454545454546,4.5454545460899e-08
varying,varying_20260913_131059,45,6.301988359,0.0954545,0.09545454545454546,4.5454545460899e-08
varying,varying_20260913_131059,46,6.441989442,0.0954545,0.09545454545454546,4.5454545460899e-08
varying,varying_20260913_131059,47,6.5804053080000005,0.0954545,0.09545454545454546,4.5454545460899e-08
varying,varying_20260913_131059,48,6.721986307000001,0.0954545,0.09545454545454546,4.5454545460899e-08
varying,varying_20260913_131059,49,6.860030678,0.0954545,0.09545454545454546,4.5454545460899e-08
varying,varying_20260913_131059,50,7.001986528000001,0.0954545,0.09545454545454546,4.5454545460899e-08
varying,varying_20260913_131059,51,7.141986059,0.0954545,0.09545454545454546,4.5454545460899e-08
varying,varying_20260913_131059,52,7.281994065,0.0954545,0.09545454545454546,4.5454545460899e-08
varying,varying_20260913_131059,53,7.421991515999999,0.0954545,0.09545454545454546,4.5454545460899e-08
varying,varying_20260913_131059,54,7.561996071,0.0954545,0.09545454545454546,4.5454545460899e-08
varying,varying_20260913_131059,55,7.700000374999999,0.0954545,0.09545454545454546,4.5454545460899e-08
varying,varying_20260913_131059,56,7.841996323000001,0.0954545,0.09545454545454546,4.5454545460899e-08
varying,varying_20260913_131059,57,7.981986082,0.0954545,0.09545454545454546,4.5454545460899e-08
varying,varying_20260913_131059,58,8.121994972,0.0973954,0.09739537452272728,-2.547727270818534e-08
varying,varying_20260913_131059,59,8.261991659,0.0996226,0.0996225945909091,-5.409090911290271e-09
varying,varying_20260913_131059,60,8.401990871999999,0.10185,0.10184985475,-1.4524999999987465e-07
varying,varying_20260913_131059,61,8.541987699,0.104077,0.10407707704545457,7.704545457176692e-08
varying,varying_20260913_131059,62,8.682032185,0.106305,0.10630505740909094,5.740909093943092e-08
varying,varying_20260913_131059,63,8.821999366,0.108532,0.10853180815909093,-1.9184090907509166e-07
varying,varying_20260913_131059,64,8.961994334,0.110759,0.11075900070454546,7.04545463636741e-10
varying,varying_20260913_131059,65,9.101993794999998,0.112986,0.11298626484090908,2.6484090907830105e-07
varying,varying_20260913_131059,66,9.241989320000002,0.115213,0.11521346645454546,4.664545454613478e-07
varying,varying_20260913_131059,67,9.381989101999999,0.117441,0.11744073568181819,-2.643181818140494e-07
varying,varying_20260913_131059,68,9.521992772,0.119668,0.11966806679545455,6.679545455634539e-08
varying,varying_20260913_131059,69,9.660003871,0.121864,0.12186369793181819,-3.0206818181499617e-07
varying,varying_20260913_131059,70,9.801984453,0.124122,0.12412247988636364,4.798863636468198e-07
varying,varying_20260913_131059,71,9.941994655999999,0.12635,0.12634991504545456,-8.495454542623015e-08
varying,varying_20260913_131059,72,10.081993149999999,0.128577,0.12857716375,1.6375000000401485e-07
varying,varying_20260913_131059,73,10.220007657,0.130773,0.13077284913636367,-1.5086363633343147e-07
varying,varying_20260913_131059,74,10.361988069999999,0.133032,0.13303162838636365,-3.716136363629552e-07
varying,varying_20260913_131059,75,10.501994755999998,0.135259,0.13525900754545456,7.545454566715293e-09
varying,varying_20260913_131059,76,10.641988220000002,0.137486,0.13748617622727274,1.762272727467984e-07
varying,varying_20260913_131059,77,10.781989396,0.139713,0.13971346772727272,4.6772727271826575e-07
varying,varying_20260913_131059,78,10.921988970000001,0.141941,0.14194073361363638,-2.663863636342967e-07
varying,varying_20260913_131059,79,11.062018093999999,0.144168,0.14416846961363639,4.6961363639463904e-07
varying,varying_20260913_131059,80,11.201994538000001,0.146395,0.1463953676818182,3.6768181821411616e-07
varying,varying_20260913_131059,81,11.34200169,0.148623,0.1486227541590909,-2.458409091021796e-07
varying,varying_20260913_131059,82,11.481985108,0.15085,0.15084976311363638,-2.368863636359464e-07
varying,varying_20260913_131059,83,11.621989423999999,0.153077,0.15307710440909092,1.0440909092856998e-07
varying,varying_20260913_131059,84,11.761990446000002,0.155304,0.1553043935227273,3.9352272729331617e-07
varying,varying_20260913_131059,85,11.901988150000001,0.157532,0.15753162965909093,-3.7034090907828165e-07
varying,varying_20260913_131059,86,12.041995436,0.159759,0.15975901836363637,1.836363636154026e-08
varying,varying_20260913_131059,87,12.181991023000002,0.161986,0.16198622077272729,2.2077272729403852e-07
varying,varying_20260913_131059,88,12.321983332000002,0.164213,0.1642133711590909,3.7115909090612575e-07
varying,varying_20260913_131059,89,12.461989278,0.16632,0.16631950634090914,-4.93659090855525e-07
varying,varying_20260913_131059,90,12.601987649000002,0.168668,0.16866798534090913,-1.4659090885604797e-08
varying,varying_20260913_131059,91,12.741989497000002,0.170895,0.17089528750000002,2.8750000002908394e-07
varying,varying_20260913_131059,92,12.880004298,0.173091,0.1730909775,-2.250000000203478e-08
varying,varying_20260913_131059,93,13.020016425000001,0.170933,0.17093254038636366,-4.5961363634439145e-07
varying,varying_20260913_131059,94,13.16198769,0.162973,0.16297315093181822,1.509318182102426e-07
varying,varying_20260913_131059,95,13.301998474000001,0.169581,0.16958147197727275,4.719772727368454e-07
varying,varying_20260913_131059,96,13.44200016,0.182032,0.18203182072727275,-1.7927272724649335e-07
varying,varying_20260913_131059,97,13.581991042000002,0.184259,0.18425894836363638,-5.163636362937041e-08
varying,varying_20260913_131059,98,13.721985724,0.176616,0.17661563945454548,-3.6054545451968956e-07
varying,varying_20260913_131059,99,13.861989704000003,0.175741,0.1757407081818182,-2.918181818134524e-07
varying,varying_20260913_131059,100,14.001989061,0.190941,0.19094073504545456,-2.649545454425084e-07
varying,varying_20260913_131059,101,14.141994338,0.193168,0.19316809177272729,9.17727272786717e-08
varying,varying_20260913_131059,102,14.281990582000002,0.195395,0.1953953046818182,3.0468181819176543e-07
varying,varying_20260913_131059,103,14.421984842,0.192811,0.19281053463636366,-4.653636363483038e-07
varying,varying_20260913_131059,104,14.56000569,0.19348,0.1934796340909091,-3.65909090915828e-07
varying,varying_20260913_131059,105,14.701998759000002,0.202077,0.202077253,2.5300000000560985e-07
varying,varying_20260913_131059,106,14.840010450000001,0.204273,0.2042728935227273,-1.0647727272106167e-07
varying,varying_20260913_131059,107,14.981987835000002,0.206532,0.20653162472727274,-3.752727272543499e-07
varying,varying_20260913_131059,108,15.120014888,0.208728,0.2087275096136364,-4.903863635996597e-07
varying,varying_20260913_131059,109,15.261984164000001,0.210934,0.21093445831818186,4.5831818185071427e-07
varying,varying_20260913_131059,110,15.401988807000002,0.213139,0.21313924784090912,2.4784090912888246e-07
varying,varying_20260913_131059,111,15.541995161000003,0.215441,0.21544083209090908,-1.6790909090902417e-07
varying,varying_20260913_131059,112,15.681972983000001,0.215589,0.21558936779545457,3.6779545456444573e-07
varying,varying_20260913_131059,113,15.821987903,0.219895,0.21989526204545456,2.620454545576578e-07
varying,varying_20260913_131059,114,15.961986788,0.222123,0.2221225171136364,-4.828863635897296e-07
varying,varying_20260913_131059,115,16.101987927,0.221407,0.22140741175,4.117500000122565e-07
varying,varying_20260913_131059,116,16.241987364,0.220664,0.22066405088636365,5.0886363650581856e-08
varying,varying_20260913_131059,117,16.381975157,0.216263,0.21626308088636367,8.088636366254676e-08
varying,varying_20260913_131059,118,16.521988049,0.220032,0.22003156700000004,-4.3299999996637695e-07
varying,varying_20260913_131059,119,16.661988046,0.220208,0.2202077165909091,-2.8340909088986344e-07
varying,varying_20260913_131059,120,16.801991761,0.220958,0.22095827377272728,2.7377272729389723e-07
varying,varying_20260913_131059,121,16.941989062,0.218147,0.21814658504545456,-4.1495454544682175e-07
varying,varying_20260913_131059,122,17.081988776,0.215961,0.21596140952272727,4.0952272728489447e-07
varying,varying_20260913_131059,123,17.221994831,0.216605,0.21660524820454546,2.4820454547214155e-07
varying,varying_20260913_131059,124,17.362010393000002,0.221755,0.22175529663636365,2.966363636391911e-07
varying,varying_20260913_131059,125,17.502002171,0.220388,0.2203876528636364,-3.4713636359873234e-07
varying,varying_20260913_131059,126,17.641989551,0.219892,0.21989172672727272,-2.732727272802826e-07
varying,varying_20260913_131059,127,17.781994113,0.219632,0.21963194415909093,-5.584090906340933e-08
varying,varying_20260913_131059,128,17.921986923000002,0.220929,0.22092915456818182,1.545681818371225e-07
varying,varying_20260913_131059,129,18.061999505,0.216879,0.21687932795454548,3.279545454926147e-07
varying,varying_20260913_131059,130,18.200010654,0.21699,0.21698993638636366,-6.361363633078376e-08
varying,varying_20260913_131059,131,18.341988808,0.217865,0.21786465829545457,-3.4170454543680506e-07
varying,varying_20260913_131059,132,18.48198821,0.222136,0.2221358139318182,-1.860681818066645e-07
varying,varying_20260913_131059,133,18.621986297,0.219803,0.21980328220454548,2.82204545482001e-07
varying,varying_20260913_131059,134,18.761988893,0.218204,0.21820365190909094,-3.480909090691764e-07
varying,varying_20260913_131059,135,18.901989987,0.222727,0.22272727272727275,2.727272727376384e-07
varying,varying_20260913_131059,136,19.040011962,0.216437,0.21643663379545455,-3.6620454543778713e-07
varying,varying_20260913_131059,137,19.181990907,0.219148,0.2191475029545455,-4.970454545172309e-07
varying,varying_20260913_131059,138,19.32198592,0.220017,0.22001656886363635,-4.311363636377852e-07
varying,varying_20260913_131059,139,19.461990219,0.220394,0.2203936886136364,-3.1138636361061067e-07
varying,varying_20260913_131059,140,19.601988978,0.220945,0.2209453142272728,3.142272727851836e-07
varying,varying_20260913_131059,141,19.741985313,0.218811,0.21881070272727274,-2.972727272676501e-07
varying,varying_20260913_131059,142,19.881972872000002,0.220794,0.22079355279545457,-4.472045454229079e-07
varying,varying_20260913_131059,143,20.021990088000003,0.218029,0.2180287373409091,-2.626590908938464e-07
varying,varying_20260913_131059,144,20.161985961000003,0.219686,0.21968585784090913,-1.421590908601278e-07
varying,varying_20260913_131059,145,20.301993857,0.220298,0.220298246,2.4600000000929434e-07
varying,varying_20260913_131059,146,20.441987433,0.219335,0.21933524613636368,2.4613636367964986e-07
varying,varying_20260913_131059,147,20.581987765,0.22155,0.22154962215909094,-3.778409090604562e-07
varying,varying_20260913_131059,148,20.721985863,0.219304,0.2193036942727273,-3.057272726925131e-07
varying,varying_20260913_131059,149,20.861987055,0.222069,0.22206940031818184,4.0031818185348733e-07
varying,varying_20260913_131059,150,21.001988299,0.220428,0.22042786770454548,-1.3229545453574687e-07
varying,varying_20260913_131059,151,21.141994336,0.219358,0.2193576361136364,-3.638863635968548e-07
varying,varying_20260913_131059,152,21.280005414,0.220308,0.22030833204545455,3.320454545485685e-07
varying,varying_20260913_131059,153,21.421994446,0.217752,0.21775244113636363,4.411363636325216e-07
varying,varying_20260913_131059,154,21.561986897,0.212011,0.21201144745454548,4.4745454547134855e-07
varying,varying_20260913_131059,155,21.701990088000002,0.222088,0.2220876785909091,-3.214090908976175e-07
varying,varying_20260913_131059,156,21.841991671000002,0.218128,0.21812798747727274,-1.2522727244057563e-08
varying,varying_20260913_131059,157,21.981983823,0.218728,0.21872789797727274,-1.0202272726633765e-07
varying,varying_20260913_131059,158,22.121987311,0.218143,0.2181425991818182,-4.008181818115908e-07
varying,varying_20260913_131059,159,22.261990456,0.219683,0.21968252456818185,-4.7543181813658464e-07
varying,varying_20260913_131059,160,22.401988474,0.21903,0.2190296563636364,-3.436363636144524e-07
varying,varying_20260913_131059,161,22.542078782,0.218285,0.21828461295454546,-3.870454545473745e-07
varying,varying_20260913_131059,162,22.680022773,0.220442,0.2204416338409091,-3.6615909090875753e-07
varying,varying_20260913_131059,163,22.821987412000002,0.217599,0.21759915959090909,1.5959090909900553e-07
varying,varying_20260913_131059,164,22.961994121,0.219481,0.21948098088636364,-1.9113636368084386e-08
varying,varying_20260913_131059,165,23.101994269000002,0.220466,0.2204659815909091,-1.8409090890569857e-08
varying,varying_20260913_131059,166,23.241985550000003,0.219278,0.21927814315909094,1.4315909094286816e-07
varying,varying_20260913_131059,167,23.381973716,0.219666,0.21966643204545458,4.3204545457919963e-07
varying,varying_20260913_131059,168,23.52202879,0.220517,0.22051678265909092,-2.1734090907554737e-07
varying,varying_20260913_131059,169,23.660018903,0.219841,0.21984071597727275,-2.840227272538076e-07
varying,varying_20260913_131059,170,23.801991655000002,0.218809,0.2188094193409091,4.1934090910800137e-07
varying,varying_20260913_131059,171,23.941976497000002,0.220447,0.2204472343181818,2.3431818180208452e-07
varying,varying_20260913_131059,172,24.082017495000002,0.222624,0.22262416590909093,1.6590909093783246e-07
varying,varying_20260913_131059,173,24.221994564000003,0.22378,0.22378031581818184,3.1581818182857546e-07
varying,varying_20260913_131059,174,24.361986259000002,0.229206,0.22920600404545458,4.045454582435326e-09
varying,varying_20260913_131059,175,24.501984739,0.227375,0.22737507545454547,7.54545454728639e-08
varying,varying_20260913_131059,176,24.641994287,0.230043,0.23004348802272728,4.880227272852089e-07
varying,varying_20260913_131059,177,24.780002311,0.235717,0.23571722665909092,2.2665909091279524e-07
varying,varying_20260913_131059,178,24.921990353,0.237025,0.23702518843181822,1.8843181820438204e-07
varying,varying_20260913_131059,179,25.062003856,0.238143,0.23814289990909093,-1.0009090906093476e-07
varying,varying_20260913_131059,180,25.201984433,0.24206,0.24205989547727275,-1.0452272725114398e-07
varying,varying_20260913_131059,181,25.342020081,0.243677,0.24367742811363638,4.2811363637484945e-07
varying,varying_20260913_131059,182,25.481990708,0.245936,0.24593613815909093,1.3815909094549994e-07
varying,varying_20260913_131059,183,25.621975872,0.24834,0.24833989759090908,-1.0240909092962269e-07
varying,varying_20260913_131059,184,25.760010660000003,0.249119,0.24911933311363638,3.331136363693421e-07
varying,varying_20260913_131059,185,25.901996165,0.251121,0.25112091247727275,-8.752272723233645e-08
varying,varying_20260913_131059,186,26.041988966,0.255109,0.25510907275,7.275000002415766e-08
varying,varying_20260913_131059,187,26.181988970000003,0.256999,0.25699892288636367,-7.711363630980017e-08
varying,varying_20260913_131059,188,26.321987804000003,0.25822,0.2582198008409091,-1.9915909088563666e-07
varying,varying_20260913_131059,189,26.461989120000002,0.261383,0.2613834611818182,4.6118181823429083e-07
varying,varying_20260913_131059,190,26.602005605000002,0.264014,0.26401401090909093,1.0909090908395314e-08
varying,varying_20260913_131059,191,26.741990102000003,0.263334,0.2633344322954546,4.322954545998847e-07
varying,varying_20260913_131059,192,26.881989145000002,0.265672,0.2656724782727273,4.782727272556464e-07
varying,varying_20260913_131059,193,27.021988476,0.268805,0.2688052299545455,2.2995454546093086e-07
varying,varying_20260913_131059,194,27.161988956000002,0.272405,0.2724045683863637,-4.3161363633137384e-07
varying,varying_20260913_131059,195,27.301999465,0.271516,0.2715155927272727,-4.072727272652621e-07
varying,varying_20260913_131059,196,27.44199274,0.275909,0.2759093746818182,3.746818181826761e-07
varying,varying_20260913_131059,197,27.581988832,0.275818,0.2758181416136364,1.4161363637299473e-07
varying,varying_20260913_131059,198,27.721976218,0.283232,0.28323244043181817,4.4043181818276267e-07
varying,varying_20260913_131059,199,27.861989703000003,0.279967,0.2799665046818182,-4.953181818034835e-07
varying,varying_20260913_131059,200,28.001985809,0.285206,0.28520552422727274,-4.757727272708401e-07
varying,varying_20260913_131059,201,28.140051440000004,0.285541,0.2855410404318182,4.0431818226771554e-08
varying,varying_20260913_131059,202,28.281989294000002,0.290317,0.29031688668181826,-1.133181817269957e-07
varying,varying_20260913_131059,203,28.421989006,0.289792,0.28979218306818183,1.8306818183599916e-07
varying,varying_20260913_131059,204,28.56198951,0.294499,0.2944985210681818,-4.789318182041313e-07
varying,varying_20260913_131059,205,28.701989032000004,0.292768,0.2927676568409091,-3.4315909086535257e-07
varying,varying_20260913_131059,206,28.840007132,0.297565,0.2975651645909091,1.6459090906861817e-07
varying,varying_20260913_131059,207,28.982025498000002,0.300389,0.30038884081818185,-1.591818181712057e-07
varying,varying_20260913_131059,208,29.12000498,0.300762,0.3007620801818182,8.018181824054338e-08
varying,varying_20260913_131059,209,29.261975269,0.301743,0.30174342465909093,4.2465909094735466e-07
varying,varying_20260913_131059,210,29.401996913999998,0.306692,0.3066923783636364,3.783636363663412e-07
varying,varying_20260913_131059,211,29.541992645000004,0.307147,0.30714747334090914,4.733409091350893e-07
varying,varying_20260913_131059,212,29.681995521,0.313537,0.3135367032954546,-2.967045454327355e-07
varying,varying_20260913_131059,213,29.821992014,0.30741,0.3074102105454546,2.1054545457088736e-07
varying,varying_20260913_131059,214,29.960019327,0.316764,0.31676376390909095,-2.3609090904486152e-07
varying,varying_20260913_131059,215,30.101986298000003,0.313848,0.31384778981818184,-2.1018181817211712e-07
varying,varying_20260913_131059,216,30.241986708000002,0.331601,0.3316010081363637,8.13636369390025e-09
varying,varying_20260913_131059,217,30.380008064,0.320532,0.3205322909090909,2.9090909092754913e-07
varying,varying_20260913_131059,218,30.521986691,0.331784,0.33178352709090914,-4.729090908872635e-07
varying,varying_20260913_131059,219,30.661996754000004,0.325264,0.3252639291363637,-7.086363629227321e-08
varying,varying_20260913_131059,220,30.801990384000003,0.329916,0.32991620200000005,2.0200000006020957e-07
varying,varying_20260913_131059,221,30.941989586000002,0.327534,0.3275342626818182,2.626818181861168e-07
varying,varying_20260913_131059,222,31.081988506,0.335757,0.33575700295454547,2.9545454416357586e-09
varying,varying_20260913_131059,223,31.22198843,0.332601,0.3326011302727273,1.3027272732779593e-07
varying,varying_20260913_131059,224,31.361987663000004,0.342041,0.3420411823181818,1.8231818182945503e-07
varying,varying_20260913_131059,225,31.501989,0.335156,0.33515552477272736,-4.7522727264492914e-07
varying,varying_20260913_131059,226,31.640061788,0.344968,0.34496781502272733,-1.8497727266586494e-07
varying,varying_20260913_131059,227,31.780009744999997,0.341933,0.3419332650681819,2.650681819038603e-07
varying,varying_20260913_131059,228,31.921974543999998,0.344028,0.3440278656818182,-1.3431818179920896e-07
varying,varying_20260913_131059,229,32.061987629,0.343475,0.3434752129772728,2.1297727281766043e-07
varying,varying_20260913_131059,230,32.201990460999994,0.345432,0.34543164822727274,-3.5177272728059705e-07
varying,varying_20260913_131059,231,32.342007177999996,0.341347,0.3413471469545455,1.4695454547686282e-07
varying,varying_20260913_131059,232,32.48000482,0.341588,0.3415882000681819,2.0006818191031783e-07
varying,varying_20260913_131059,233,32.620010386,0.339768,0.33976804320454546,4.320454544126662e-08
varying,varying_20260913_131059,234,32.761989875,0.339295,0.33929502488636365,2.4886363636511533e-08
varying,varying_20260913_131059,235,32.901985714,0.346546,0.34654637675,3.767499999751678e-07
varying,varying_20260913_131059,236,33.042019611,0.339875,0.3398746458863636,-3.5411363635828863e-07
varying,varying_20260913_131059,237,33.181988434,0.352192,0.3521921551590909,1.5515909090879632e-07
varying,varying_20260913_131059,238,33.321985557999994,0.341275,0.3412746029318182,-3.9706818177887016e-07
varying,varying_20260913_131059,239,33.461985739999996,0.356373,0.3563726378863637,-3.6211363629856663e-07
varying,varying_20260913_131059,240,33.601991268999996,0.341565,0.3415654903181819,4.90318181889382e-07
varying,varying_20260913_131059,241,33.741994936999994,0.355247,0.3552468242272728,-1.7577272720670223e-07
varying,varying_20260913_131059,242,33.882022848999995,0.343476,0.34347590820454543,-9.179545457094207e-08
varying,varying_20260913_131059,243,34.021992907999994,0.348876,0.34887585647727276,-1.4352272725837167e-07
varying,varying_20260913_131059,244,34.162006068,0.33823,0.33823047204545453,4.720454545581454e-07
varying,varying_20260913_131059,245,34.30198264,0.344033,0.34403305347727275,5.34772727767141e-08
varying,varying_20260913_131059,246,34.441981061999996,0.340436,0.3404362722727273,2.7227272730856455e-07
varying,varying_20260913_131059,247,34.581995924999994,0.347938,0.34793763915909093,-3.608409090971598e-07
varying,varying_20260913_131059,248,34.721991351999996,0.338615,0.3386150768636364,7.686363640013738e-08
varying,varying_20260913_131059,249,34.862064815,0.352939,0.35293914743181815,1.474318181426959e-07
varying,varying_20260913_131059,250,35.002027176,0.34286,0.3428596323409091,-3.676590908940902e-07
varying,varying_20260913_131059,251,35.141978257,0.355557,0.35555700440909094,4.409090925694414e-09
varying,varying_20260913_131059,252,35.281989822,0.338838,0.33883795320454546,-4.6795454511361356e-08
varying,varying_20260913_131059,253,35.421988891999995,0.359406,0.35940583572727275,-1.6427272725438868e-07
varying,varying_20260913_131059,254,35.561987451,0.349492,0.3494921926363637,1.926363636939321e-07
varying,varying_20260913_131059,255,35.702000166,0.349591,0.3495912440681818,2.44068181831647e-07
varying,varying_20260913_131059,256,35.841989528,0.336738,0.3367382284318182,2.2843181823883896e-07
varying,varying_20260913_131059,257,35.981989733999995,0.347089,0.3470889615454546,-3.845454538131676e-08
varying,varying_20260913_131059,258,36.121988712,0.342605,0.34260476806818185,-2.319318181398522e-07
varying,varying_20260913_131059,259,36.261986312999994,0.348575,0.34857499425000005,-5.749999976156772e-09
varying,varying_20260913_131059,260,36.401993432999994,0.340839,0.34083925352272726,2.535227272559837e-07
varying,varying_20260913_131059,261,36.541992617,0.354867,0.3548667888181819,-2.1118181808832404e-07
varying,varying_20260913_131059,262,36.681987459999995,0.34299,0.3429900671590909,6.715909089960448e-08
varying,varying_20260913_131059,263,36.821986274,0.358552,0.3585520694318182,6.943181823926281e-08
varying,varying_20260913_131059,264,36.961991264,0.342119,0.34211901547727275,1.5477272741204473e-08
varying,varying_20260913_131059,265,37.101990627999996,0.351246,0.35124648315909096,4.831590909581962e-07
varying,varying_20260913_131059,266,37.241988809,0.338317,0.3383167060000001,-2.9399999990076253e-07
varying,varying_20260913_131059,267,37.38201221,0.353855,0.3538551147727273,1.1477272732207666e-07
varying,varying_20260913_131059,268,37.521986616,0.343476,0.34347584520454544,-1.5479545456553723e-07
varying,varying_20260913_131059,269,37.661982009999996,0.361372,0.3613716318863637,-3.6811363635091965e-07
varying,varying_20260913_131059,270,37.801992426,0.345542,0.3455417311818182,-2.688181818255586e-07
varying,varying_20260913_131059,271,37.94198699,0.346753,0.3467531578636365,1.5786363649628044e-07
varying,varying_20260913_131059,272,38.082001541,0.335501,0.33550073327272734,-2.667272726575298e-07
varying,varying_20260913_131059,273,38.221989523,0.342072,0.34207169643181823,-3.035681817586955e-07
varying,varying_20260913_131059,274,38.361992054,0.34395,0.3439504986590909,4.986590909084043e-07
varying,varying_20260913_131059,275,38.501995877,0.343954,0.34395367522727277,-3.2477272721154193e-07
varying,varying_20260913_131059,276,38.64199393,0.349309,0.3493094974090909,4.974090909160012e-07
varying,varying_20260913_131059,277,38.780025128999995,0.338561,0.3385611331136364,1.3311363639134655e-07
varying,varying_20260913_131059,278,38.92199289,0.345942,0.3459419467954546,-5.320454543600306e-08
varying,varying_20260913_131059,279,39.061989442,0.342326,0.3423264047954545,4.047954544894594e-07
varying,varying_20260913_131059,280,39.200004834,0.344134,0.34413383390909097,-1.6609090902619528e-07
varying,varying_20260913_131059,281,39.341980207,0.341772,0.3417717586818182,-2.413181818261556e-07
varying,varying_20260913_131059,282,39.481987135,0.341773,0.3417725417272727,-4.582727272661735e-07
varying,varying_20260913_131059,283,39.621987202,0.343325,0.3433254742272728,4.742272727842334e-07
varying,varying_20260913_131059,284,39.761991605,0.342716,0.34271633184090916,3.318409091401797e-07
varying,varying_20260913_131059,285,39.901988355,0.347285,0.3472845014545455,-4.985454545303192e-07
varying,varying_20260913_131059,286,40.041993086,0.342547,0.3425469679545455,-3.204545451218621e-08
varying,varying_20260913_131059,287,40.181990301,0.351656,0.3516561568863637,1.5688636367805486e-07
varying,varying_20260913_131059,288,40.320011382,0.343167,0.34316661447727276,-3.8552272724201586e-07
varying,varying_20260913_131059,289,40.461989267999996,0.357506,0.3575061470909091,1.4709090911946276e-07
varying,varying_20260913_131059,290,40.601978976999995,0.348168,0.3481678982727273,-1.0172727266111181e-07
varying,varying_20260913_131059,291,40.741972233999995,0.366325,0.36632498588636364,-1.4113636370716165e-08
varying,varying_20260913_131059,292,40.881990648,0.354899,0.3548990327272728,3.272727278069709e-08
varying,varying_20260913_131059,293,41.02198744,0.361115,0.36111480188636363,-1.98113636384889e-07
varying,varying_20260913_131059,294,41.161994115999995,0.354982,0.35498170781818184,-2.921818181844671e-07
varying,varying_20260913_131059,295,41.302004661,0.355353,0.3553526443409092,-3.556590907893842e-07
varying,varying_20260913_131059,296,41.441992211999995,0.35178,0.35178005163636367,5.163636368488156e-08
varying,varying_20260913_131059,297,41.580016656,0.363287,0.3632872047954546,2.0479545459473059e-07
varying,varying_20260913_131059,298,41.721987442999996,0.360224,0.36022421431818186,2.143181818681228e-07
varying,varying_20260913_131059,299,41.861995181999994,0.37294,0.37293998715909094,-1.2840909058287053e-08
varying,varying_20260913_131059,300,42.001988315999995,0.360827,0.36082696761363636,-3.238636364644165e-08
varying,varying_20260913_131059,301,42.140098077,0.37339,0.3733903337500001,3.337500000810678e-07
varying,varying_20260913_131059,302,42.280000545,0.364819,0.36481869215909096,-3.0784090904178996e-07
varying,varying_20260913_131059,303,42.421985254,0.371997,0.3719970430909091,4.309090906318147e-08
varying,varying_20260913_131059,304,42.561991516,0.364148,0.36414843325,4.3324999998706204e-07
varying,varying_20260913_131059,305,42.701998651,0.377356,0.37735561325,-3.867500000254154e-07
varying,varying_20260913_131059,306,42.841986459999994,0.371241,0.3712405067954546,-4.932045453709399e-07
varying,varying_20260913_131059,307,42.981994088,0.379297,0.3792966674318182,-3.3256818177118674e-07
varying,varying_20260913_131059,308,43.121973839,0.371231,0.3712308830681818,-1.1693181817262754e-07
varying,varying_20260913_131059,309,43.261999568,0.377931,0.37793130868181823,3.086818182174156e-07
varying,varying_20260913_131059,310,43.400004921,0.369381,0.36938113354545454,1.3354545452815003e-07
varying,varying_20260913_131059,311,43.540004589,0.38457,0.38456981468181817,-1.8531818185563154e-07
varying,varying_20260913_131059,312,43.681995435999994,0.379075,0.379074629659091,-3.7034090899501493e-07
varying,varying_20260913_131059,313,43.821989364,0.389802,0.3898018296136364,-1.7038636357380454e-07
varying,varying_20260913_131059,314,43.962012324,0.378656,0.3786555792727273,-4.207272726874933e-07
varying,varying_20260913_131059,315,44.101989696,0.39518,0.39517955686363637,-4.4313636360371333e-07
varying,varying_20260913_131059,316,44.241997563,0.393993,0.3939932926363637,2.926363636968077e-07
varying,varying_20260913_131059,317,44.381988713,0.388003,0.38800284886363645,-1.5113636353536464e-07
varying,varying_20260913_131059,318,44.521988119999996,0.383534,0.38353394895454546,-5.1045454529941026e-08
varying,varying_20260913_131059,319,44.661989109,0.385125,0.3851246601363637,-3.3986363628946137e-07
varying,varying_20260913_131059,320,44.801988857999994,0.38701,0.3870102404318182,2.4043181817701154e-07
varying,varying_20260913_131059,321,44.941994717,0.3884,0.38839951690909097,-4.830909090536295e-07
varying,varying_20260913_131059,322,45.081985444,0.390239,0.3902389013409091,-9.865909089690206e-08
varying,varying_20260913_131059,323,45.221985630999995,0.397601,0.3976006422500001,-3.577499999019018e-07
varying,varying_20260913_131059,324,45.361989652,0.394062,0.3940623527272728,3.527272727787967e-07
varying,varying_20260913_131059,325,45.501990917,0.399168,0.39916778904545464,-2.109545453876649e-07
varying,varying_20260913_131059,326,45.641992028,0.391527,0.39152654831818184,-4.5168181816990227e-07
varying,varying_20260913_131059,327,45.781991635,0.398999,0.39899920056818183,2.0056818184066572e-07
varying,varying_20260913_131059,328,45.921988307,0.395704,0.3957039109545455,-8.90454545099395e-08
varying,varying_20260913_131059,329,46.061989935999996,0.407221,0.40722086538636365,-1.3461363634892365e-07
varying,varying_20260913_131059,330,46.201984665,0.401276,0.4012756901363637,-3.0986363630525204e-07
varying,varying_20260913_131059,331,46.341994134,0.408087,0.4080868015,-1.9849999999266288e-07
varying,varying_20260913_131059,332,46.481988091,0.400736,0.4007361676818182,1.6768181820836503e-07
varying,varying_20260913_131059,333,46.622029761,0.404542,0.40454190381818184,-9.618181817661053e-08
varying,varying_20260913_131059,334,46.761993008999994,0.404852,0.4048522061818183,2.0618181828524484e-07
varying,varying_20260913_131059,335,46.901991357,0.407179,0.40717897850000007,-2.1499999947049986e-08
varying,varying_20260913_131059,336,47.041992418999996,0.413149,0.4131493142954546,3.1429545460648356e-07
varying,varying_20260913_131059,337,47.18198665,0.411531,0.4115313004090909,3.0040909093642654e-07
varying,varying_20260913_131059,338,47.322015095999994,0.413425,0.41342473629545456,-2.6370454542234967e-07
varying,varying_20260913_131059,339,47.461992576,0.410347,0.4103473511136364,3.511136363876233e-07
varying,varying_20260913_131059,340,47.600002921,0.410817,0.41081699065909094,-9.340909046251511e-09
varying,varying_20260913_131059,341,47.741991426999995,0.414547,0.41454693604545456,-6.395454543728363e-08
varying,varying_20260913_131059,342,47.881991576,0.420918,0.4209182156136364,2.1561363638955555e-07
varying,varying_20260913_131059,343,48.02199476,0.420165,0.42016532886363644,3.2886363643402916e-07
varying,varying_20260913_131059,344,48.161987593999996,0.425527,0.42552656602272737,-4.3397727261806907e-07
varying,varying_20260913_131059,345,48.301989332,0.414995,0.41499488481818186,-1.151818181388542e-07
varying,varying_20260913_131059,346,48.441995637,0.432487,0.43248690736363643,-9.263636358003424e-08
varying,varying_20260913_131059,347,48.581988976999995,0.427188,0.4271878144545455,-1.8554545450077953e-07
varying,varying_20260913_131059,348,48.721987954,0.431682,0.4316824232954546,4.2329545457686635e-07
varying,varying_20260913_131059,349,48.860006307,0.422616,0.42261559645454555,-4.035454544415451e-07
varying,varying_20260913_131059,350,49.000009797,0.417515,0.4175147335227273,-2.6647727274786703e-07
varying,varying_20260913_131059,351,49.142019848,0.404572,0.40457174211363645,-2.578863635416262e-07
varying,varying_20260913_131059,352,49.280011372,0.413835,0.41383492865909094,-7.13409090691286e-08
varying,varying_20260913_131059,353,49.421986743999994,0.413688,0.41368815059090913,1.505909091314983e-07
varying,varying_20260913_131059,354,49.560000109,0.424293,0.424292750159091,-2.498409089612963e-07
varying,varying_20260913_131059,355,49.701987632999995,0.419967,0.4199665695909091,-4.304090908680003e-07
varying,varying_20260913_131059,356,49.841989987,0.429349,0.4293487967045455,-2.0329545447062003e-07
varying,varying_20260913_131059,357,49.981982146,0.421287,0.4212869137272728,-8.627272723993329e-08
varying,varying_20260913_131059,358,50.121985106,0.4281,0.4281001522954546,1.5229545463624206e-07
varying,varying_20260913_131059,359,50.261994449,0.413589,0.41358871431818184,-2.8568181814625504e-07
varying,varying_20260913_131059,360,50.401987491,0.416697,0.41669666006818185,-3.399318181385169e-07
varying,varying_20260913_131059,361,50.540021800999995,0.414703,0.41470295538636365,-4.4613636340784524e-08
varying,varying_20260913_131059,362,50.681987531,0.414553,0.4145529749772728,-2.5022727223600327e-08
varying,varying_20260913_131059,363,50.82199549,0.422143,0.42214321975,2.1975000003005007e-07
varying,varying_20260913_131059,364,50.961980903,0.417926,0.4179260742045454,7.420454539719401e-08
varying,varying_20260913_131059,365,51.101989673,0.436364,0.4363636363863637,-3.6361363625614374e-07
varying,varying_20260913_131059,366,51.241984566,0.431471,0.43147109711363646,9.711363646580651e-08
varying,varying_20260913_131059,367,51.381992622999995,0.42925,0.4292502745681818,2.745681818017154e-07
varying,varying_20260913_131059,368,51.520016653,0.405818,0.4058181818409091,1.818409091081108e-07
varying,varying_20260913_131059,369,51.661989543,0.405818,0.4058181818409091,1.818409091081108e-07
varying,varying_20260913_131059,370,51.801993673,0.405818,0.4058181818409091,1.818409091081108e-07
varying,varying_20260913_131059,371,51.941986762,0.405818,0.4058181818409091,1.818409091081108e-07
varying,varying_20260913_131059,372,52.081989686,0.405818,0.4058181818409091,1.818409091081108e-07
varying,varying_20260913_131059,373,52.221994757,0.405818,0.4058181818409091,1.818409091081108e-07
varying,varying_20260913_131059,374,52.361992814,0.405818,0.4058181818409091,1.818409091081108e-07
varying,varying_20260913_131059,375,52.501987103999994,0.405818,0.4058181818409091,1.818409091081108e-07
varying,varying_20260913_131059,376,52.641986614,0.405818,0.4058181818409091,1.818409091081108e-07
varying,varying_20260913_131059,377,52.780000416,0.405818,0.4058181818409091,1.818409091081108e-07
varying,varying_20260913_131059,378,52.921987607,0.407091,0.40709090911363643,-9.08863635462609e-08
varying,varying_20260913_131059,379,53.061989528,0.408364,0.40836363638636364,-3.6361363636716604e-07
varying,varying_20260913_131059,380,53.202004147,0.409636,0.40963636365909095,3.636590909517068e-07
varying,varying_20260913_131059,381,53.342016724,0.410909,0.4109090909318182,9.09318181863128e-08
varying,varying_20260913_131059,382,53.481996093999996,0.412182,0.4121818182045455,-1.817954544680589e-07
varying,varying_20260913_131059,383,53.621989782,0.413455,0.4134545454772728,-4.545227272334529e-07
varying,varying_20260913_131059,384,53.761988881,0.397727,0.39772727272727276,2.72727272765394e-07
varying,varying_20260913_131059,385,53.901993891,0.397727,0.39772727272727276,2.72727272765394e-07
varying,varying_20260913_131059,386,54.041992596,0.397727,0.39772727272727276,2.72727272765394e-07
varying,varying_20260913_131059,387,54.181990444,0.397727,0.39772727272727276,2.72727272765394e-07
varying,varying_20260913_131059,388,54.321994042,0.397727,0.39772727272727276,2.72727272765394e-07
varying,varying_20260913_131059,389,54.461986446999994,0.397727,0.39772727272727276,2.72727272765394e-07
varying,varying_20260913_131059,390,54.601993733,0.397727,0.39772727272727276,2.72727272765394e-07
varying,varying_20260913_131059,391,54.741987406,0.397727,0.39772727272727276,2.72727272765394e-07
varying,varying_20260913_131059,392,54.881995224,0.397727,0.39772727272727276,2.72727272765394e-07
varying,varying_20260913_131059,393,55.021986579,0.397727,0.39772727272727276,2.72727272765394e-07
varying,varying_20260913_131059,394,55.161990841,0.399,0.399,0.0
varying,varying_20260913_131059,395,55.301991087999994,0.400273,0.40027272727272734,-2.727272726543717e-07
varying,varying_20260913_131059,396,55.440055466,0.401545,0.4015454545454546,4.5454545460899e-07
varying,varying_20260913_131059,397,55.581993403999995,0.402818,0.40281818181818185,1.81818181843596e-07
varying,varying_20260913_131059,398,55.721988028999995,0.397727,0.39772727272727276,2.72727272765394e-07
varying,varying_20260913_131059,399,55.861986371,0.397727,0.39772727272727276,2.72727272765394e-07
varying,varying_20260913_131059,400,56.001985884,0.397727,0.39772727272727276,2.72727272765394e-07
varying,varying_20260913_131059,401,56.141986902999996,0.397727,0.39772727272727276,2.72727272765394e-07
varying,varying_20260913_131059,402,56.281992933,0.397727,0.39772727272727276,2.72727272765394e-07
varying,varying_20260913_131059,403,56.420002382999996,0.397727,0.39772727272727276,2.72727272765394e-07
varying,varying_20260913_131059,404,56.561980497,0.395236,0.3952356760227273,-3.239772726759682e-07
varying,varying_20260913_131059,405,56.700005255,0.393235,0.39323512152272727,1.215227272699515e-07
varying,varying_20260913_131059,406,56.841991535,0.372724,0.3727239854545455,-1.454545450751965e-08
varying,varying_20260913_131059,407,56.982043297,0.371028,0.3710282076136364,2.076136363937664e-07
varying,varying_20260913_131059,408,57.121983426999996,0.365768,0.3657681261818182,1.26181818216331e-07
varying,varying_20260913_131059,409,57.260005725999996,0.356772,0.3567722489545455,2.489545455341968e-07
varying,varying_20260913_131059,410,57.401992459999995,0.357721,0.3577208611136364,-1.3888636363201812e-07
varying,varying_20260913_131059,411,57.541983165,0.349247,0.34924679300000006,-2.0699999991879992e-07
varying,varying_20260913_131059,412,57.681986804,0.348476,0.3484763333863637,3.3338636368229757e-07
varying,varying_20260913_131059,413,57.821986746,0.332487,0.3324873661136364,3.661136364074835e-07
varying,varying_20260913_131059,414,57.96198911,0.338316,0.33831556929545453,-4.307045454732261e-07
varying,varying_20260913_131059,415,58.100088017999994,0.32994,0.3299396022045455,-3.977954545208995e-07
varying,varying_20260913_131059,416,58.241994205999994,0.31712,0.31712039450000007,3.945000000560306e-07
varying,varying_20260913_131059,417,58.381987519999996,0.334925,0.33492470040909095,-2.995909090253157e-07
varying,varying_20260913_131059,418,58.521988078999996,0.322851,0.3228512063636364,2.0636363640136324e-07
varying,varying_20260913_131059,419,58.660005534,0.329079,0.32907930331818186,3.033181818490327e-07
varying,varying_20260913_131059,420,58.801988584,0.316979,0.31697918731818187,1.8731818185457882e-07
varying,varying_20260913_131059,421,58.942010974999995,0.315846,0.3158457182045455,-2.817954545264456e-07
varying,varying_20260913_131059,422,59.082007577,0.310617,0.3106167139090909,-2.860909090740549e-07
varying,varying_20260913_131059,423,59.221993284,0.304492,0.30449233929545455,3.392954545655691e-07
varying,varying_20260913_131059,424,59.361989730999994,0.285225,0.28522482068181815,-1.7931818185878967e-07
varying,varying_20260913_131059,425,59.501987471,0.290396,0.2903962518863637,2.518863637113178e-07
varying,varying_20260913_131059,426,59.641987566,0.275957,0.2759567834545455,-2.1654545451221807e-07
varying,varying_20260913_131059,427,59.78198591499999,0.277974,0.2779742865454546,2.8654545458639546e-07
varying,varying_20260913_131059,428,59.920042021,0.268888,0.26888772654545456,-2.7345454545191217e-07
varying,varying_20260913_131059,429,60.061995592,0.261076,0.2610762763636364,2.763636364200295e-07
varying,varying_20260913_131059,430,60.20198619599999,0.2589,0.25890041768181815,4.176818181322872e-07
varying,varying_20260913_131059,431,60.34198886,0.251811,0.25181118565909094,1.8565909093437583e-07
varying,varying_20260913_131059,432,60.482000556,0.24611,0.24610966879545457,-3.31204545428454e-07
varying,varying_20260913_131059,433,60.621989662999994,0.242131,0.24213070572727274,-2.9427272726922915e-07
varying,varying_20260913_131059,434,60.760005468,0.234569,0.2345692397045455,2.3970454549049336e-07
varying,varying_20260913_131059,435,60.902015143,0.229881,0.2298811857045455,1.85704545491161e-07
varying,varying_20260913_131059,436,61.040003928000004,0.224954,0.22495437363636367,3.7363636368192843e-07
varying,varying_20260913_131059,437,61.180004732,0.218647,0.21864717572727274,1.7572727273318378e-07
varying,varying_20260913_131059,438,61.320016799,0.212704,0.2127038104545455,-1.895454544986741e-07
varying,varying_20260913_131059,439,61.461995321,0.206492,0.20649225020454548,2.5020454547108884e-07
varying,varying_20260913_131059,440,61.600000574999996,0.200455,0.20045452031818184,-4.796818181551643e-07
varying,varying_20260913_131059,441,61.741987885,0.194131,0.19413098997727277,-1.0022727231495665e-08
varying,varying_20260913_131059,442,61.881983409,0.186584,0.18658367334090908,-3.266590909156708e-07
varying,varying_20260913_131059,443,62.022006237,0.177138,0.1771379045227273,-9.5477272699096e-08
varying,varying_20260913_131059,444,62.160018113999996,0.17092,0.17091979513636366,-2.0486363633276383e-07
varying,varying_20260913_131059,445,62.300026309,0.164847,0.1648468619318182,-1.3806818180417402e-07
varying,varying_20260913_131059,446,62.441989172999996,0.163618,0.16361751906818184,-4.80931818175323e-07
varying,varying_20260913_131059,447,62.581987080999994,0.157493,0.15749261070454548,-3.892954545114957e-07
varying,varying_20260913_131059,448,62.720004578,0.151454,0.15145434515909093,3.45159090919811e-07
varying,varying_20260913_131059,449,62.861993328,0.145242,0.14524233738636363,3.37386363624681e-07
varying,varying_20260913_131059,450,63.000010094000004,0.139204,0.13920410381818182,1.038181818291406e-07
varying,varying_20260913_131059,451,63.141983193,0.132993,0.13299278077272728,-2.192272727241651e-07
varying,varying_20260913_131059,452,63.282020788,0.126866,0.1268661359318182,1.3593181819038236e-07
varying,varying_20260913_131059,453,63.421988639999995,0.120743,0.12074254245454547,-4.57545454538022e-07
varying,varying_20260913_131059,454,63.561987069,0.114618,0.1146176111818182,-3.8881818180402927e-07
varying,varying_20260913_131059,455,63.70198662999999,0.108493,0.10849263043181818,-3.695681818211005e-07
varying,varying_20260913_131059,456,63.841994449,0.102367,0.10236728838636364,2.8838636363659464e-07
varying,varying_20260913_131059,457,63.98198956899999,0.0962425,0.09624250188636366,1.886363662495505e-09
varying,varying_20260913_131059,458,64.120016537,0.0774296,0.07742963995454545,3.995454544991617e-08
varying,varying_20260913_131059,459,64.26199126899999,0.0674927,0.06749269275,-7.250000003122814e-09
varying,varying_20260913_131059,460,64.401990593,0.0702546,0.07025462118181819,2.1181818188331647e-08
varying,varying_20260913_131059,461,64.54198532,0.084954,0.08495401695454545,1.6954545448144565e-08
varying,varying_20260913_131059,462,64.68003565,0.0954545,0.09545454545454546,4.5454545460899e-08
varying,varying_20260913_131059,463,64.820001969,0.0954545,0.09545454545454546,4.5454545460899e-08
varying,varying_20260913_131059,464,64.96199450099999,0.0954545,0.09545454545454546,4.5454545460899e-08
varying,varying_20260913_131059,465,65.101989586,0.0954545,0.09545454545454546,4.5454545460899e-08
varying,varying_20260913_131059,466,65.241988549,0.0954545,0.09545454545454546,4.5454545460899e-08
varying,varying_20260913_131059,467,65.381993361,0.0954545,0.09545454545454546,4.5454545460899e-08
varying,varying_20260913_131059,468,65.52199530899999,0.0954545,0.09545454545454546,4.5454545460899e-08
varying,varying_20260913_131059,469,65.661985273,0.0954545,0.09545454545454546,4.5454545460899e-08
varying,varying_20260913_131059,470,65.800003315,0.0954545,0.09545454545454546,4.5454545460899e-08
varying,varying_20260913_131059,471,65.941991885,0.0954545,0.09545454545454546,4.5454545460899e-08
varying,varying_20260913_131059,472,66.08199739599999,0.0954545,0.09545454545454546,4.5454545460899e-08
varying,varying_20260913_131059,473,66.221986342,0.0954545,0.09545454545454546,4.5454545460899e-08
varying,varying_20260913_131059,474,66.361988643,0.0954545,0.09545454545454546,4.5454545460899e-08
varying,varying_20260913_131059,475,66.501977208,0.0954545,0.09545454545454546,4.5454545460899e-08
varying,varying_20260913_131059,476,66.641988466,0.0954545,0.09545454545454546,4.5454545460899e-08
varying,varying_20260913_131059,477,66.781988293,0.0954545,0.09545454545454546,4.5454545460899e-08
varying,varying_20260913_131059,478,66.922007425,0.0954545,0.09545454545454546,4.5454545460899e-08
varying,varying_20260913_131059,479,67.06198182,0.0954545,0.09545454545454546,4.5454545460899e-08
varying,varying_20260913_131059,480,67.201993703,0.0954545,0.09545454545454546,4.5454545460899e-08
varying,varying_20260913_131059,481,67.341987211,0.0954545,0.09545454545454546,4.5454545460899e-08
varying,varying_20260913_131059,482,67.480006984,0.0954545,0.09545454545454546,4.5454545460899e-08
varying,varying_20260913_131059,483,67.62198548799999,0.0954545,0.09545454545454546,4.5454545460899e-08
varying,varying_20260913_131059,484,67.761986741,0.0954545,0.09545454545454546,4.5454545460899e-08
varying,varying_20260913_131059,485,67.90199618999999,0.0954545,0.09545454545454546,4.5454545460899e-08
varying,varying_20260913_131059,486,68.041989903,0.0954545,0.09545454545454546,4.5454545460899e-08
varying,varying_20260913_131059,487,68.181987714,0.0954545,0.09545454545454546,4.5454545460899e-08
varying,varying_20260913_131059,488,68.320004891,0.0954545,0.09545454545454546,4.5454545460899e-08
varying,varying_20260913_131059,489,68.461982959,0.0954545,0.09545454545454546,4.5454545460899e-08
varying,varying_20260913_131059,490,68.60198764799999,0.0954545,0.09545454545454546,4.5454545460899e-08
varying,varying_20260913_131059,491,68.74000171099999,0.0954545,0.09545454545454546,4.5454545460899e-08
varying,varying_20260913_131059,492,68.881988827,0.0954545,0.09545454545454546,4.5454545460899e-08
varying,varying_20260913_131059,493,69.02199191599999,0.0954545,0.09545454545454546,4.5454545460899e-08
varying,varying_20260913_131059,494,69.161988794,0.0954545,0.09545454545454546,4.5454545460899e-08
varying,varying_20260913_131059,495,69.301994529,0.0954545,0.09545454545454546,4.5454545460899e-08
varying,varying_20260913_131059,496,69.440002206,0.0954545,0.09545454545454546,4.5454545460899e-08
varying,varying_20260913_131059,497,69.581985099,0.0954545,0.09545454545454546,4.5454545460899e-08
varying,varying_20260913_131059,498,69.720002405,0.0954545,0.09545454545454546,4.5454545460899e-08
varying,varying_20260913_131059,499,69.860034241,0.0954545,0.09545454545454546,4.5454545460899e-08
varying,varying_20260913_131059,500,70.001990695,0.0954545,0.09545454545454546,4.5454545460899e-08
varying,varying_20260913_131059,501,70.14199183699999,0.0954545,0.09545454545454546,4.5454545460899e-08
varying,varying_20260913_131059,502,70.281995634,0.0954545,0.09545454545454546,4.5454545460899e-08
varying,varying_20260913_131059,503,70.421987941,0.0954545,0.09545454545454546,4.5454545460899e-08
varying,varying_20260913_131059,504,70.5619873,0.0954545,0.09545454545454546,4.5454545460899e-08
varying,varying_20260913_131059,505,70.701988222,0.0954545,0.09545454545454546,4.5454545460899e-08
varying,varying_20260913_131059,506,70.8419976,0.0954545,0.09545454545454546,4.5454545460899e-08
varying,varying_20260913_131059,507,70.981989145,0.0954545,0.09545454545454546,4.5454545460899e-08
varying,varying_20260913_131059,508,71.121995545,0.0954545,0.09545454545454546,4.5454545460899e-08
varying,varying_20260913_131059,509,71.26198778599999,0.0954545,0.09545454545454546,4.5454545460899e-08
varying,varying_20260913_131059,510,71.401999359,0.0954545,0.09545454545454546,4.5454545460899e-08
varying,varying_20260913_131059,511,71.541989161,0.0954545,0.09545454545454546,4.5454545460899e-08
varying,varying_20260913_131059,512,71.681990004,0.0954545,0.09545454545454546,4.5454545460899e-08
varying,varying_20260913_131059,513,71.821985687,0.0954545,0.09545454545454546,4.5454545460899e-08
varying,varying_20260913_131059,514,71.961987559,0.0954545,0.09545454545454546,4.5454545460899e-08
varying,varying_20260913_131059,515,72.100001421,0.0942613,0.09426134661363639,4.6613636381365176e-08
varying,varying_20260913_131059,516,72.24199430899999,0.0925671,0.09256711338636364,1.3386363642564625e-08
varying,varying_20260913_131059,517,72.38198811699999,0.0908967,0.09089673265909093,3.2659090931641543e-08
varying,varying_20260913_131059,518,72.521994638,0.0892262,0.08922620031818183,3.181818281072779e-10
varying,varying_20260913_131059,519,72.66198397699999,0.0875559,0.08755587304545456,-2.6954545442881006e-08
varying,varying_20260913_131059,520,72.801992552,0.0858853,0.08588531620454545,1.6204545455478225e-08
varying,varying_20260913_131059,521,72.94199423399999,0.0842148,0.08421484145454546,4.1454545449126634e-08
varying,varying_20260913_131059,522,73.08198580199999,0.0825445,0.08254448761363638,-1.2386363629213193e-08
varying,varying_20260913_131059,523,73.220000004,0.0808977,0.08089772727272727,2.7272727270988284e-08
varying,varying_20260913_131059,524,73.361994223,0.0792035,0.07920347797727273,-2.2022727266812758e-08
varying,varying_20260913_131059,525,73.501987948,0.0775331,0.07753309836363637,-1.6363636279326244e-09
varying,varying_20260913_131059,526,73.641988668,0.0758626,0.07586263522727274,3.522727273774784e-08
varying,varying_20260913_131059,527,73.78000592699999,0.0742158,0.07421583829545454,3.8295454543590957e-08
varying,varying_20260913_131059,528,73.921987501,0.0725217,0.07252173997727272,3.9977272728308755e-08
varying,varying_20260913_131059,529,74.06198661799999,0.0708513,0.0708512960909091,-3.9090909120798045e-09
varying,varying_20260913_131059,530,74.201985864,0.0691809,0.06918085045454546,-4.954545454460835e-08
varying,varying_20260913_131059,531,74.341988586,0.0675104,0.06751036345454546,-3.6545454537573185e-08
varying,varying_20260913_131059,532,74.48199239099999,0.0658399,0.06583986356818182,-3.6431818187243614e-08
varying,varying_20260913_131059,533,74.621988461,0.0641695,0.06416945579545455,-4.420454545461805e-08
varying,varying_20260913_131059,534,74.761988738,0.062499,0.06249899806818182,-1.9318181776473153e-09
varying,varying_20260913_131059,535,74.901986041,0.0608286,0.06082857565909092,-2.4340909079989537e-08
varying,varying_20260913_131059,536,75.040010232,0.0591817,0.05918169615909091,-3.840909083840938e-09
varying,varying_20260913_131059,537,75.18199274599999,0.0574876,0.05748758654545455,-1.345454544998681e-08
varying,varying_20260913_131059,538,75.321995036,0.0558171,0.05581710463636365,4.6363636471702385e-09
varying,varying_20260913_131059,539,75.461988823,0.0541467,0.05414672422727273,2.4227272729659965e-08
varying,varying_20260913_131059,540,75.601988791,0.0524763,0.05247627015909091,-2.9840909084033473e-08
varying,varying_20260913_131059,541,75.741990162,0.0508058,0.050805799227272734,-7.727272641200322e-10
varying,varying_20260913_131059,542,75.88199095899999,0.0491353,0.049135335136363645,3.513636364499417e-08
varying,varying_20260913_131059,543,76.02200524,0.0474647,0.047464710204545464,1.0204545465575254e-08
varying,varying_20260913_131059,544,76.161991274,0.0457944,0.04579442222727273,2.2227272730712677e-08
varying,varying_20260913_131059,545,76.301991695,0.044124,0.04412396275000001,-3.724999998733214e-08
varying,varying_20260913_131059,546,76.441992701,0.0424535,0.04245349611363637,-3.886363626748324e-09
varying,varying_20260913_131059,547,76.58199199399999,0.0407831,0.04078305,-5.000000000143778e-08
varying,varying_20260913_131059,548,76.720002249,0.0391363,0.03913633675000001,3.6750000008412e-08
varying,varying_20260913_131059,549,76.861985862,0.0374422,0.037442214090909094,1.4090909092323578e-08
varying,varying_20260913_131059,550,77.001988774,0.0357717,0.03577172486363637,2.4863636371996733e-08
varying,varying_20260913_131059,551,77.141989252,0.0341013,0.0341012645909091,-3.540909090243849e-08
varying,varying_20260913_131059,552,77.281983537,0.0324309,0.032430878295454546,-2.1704545452583268e-08
varying,varying_20260913_131059,553,77.420008884,0.030784,0.030783984954545457,-1.5045454541950942e-08
varying,varying_20260913_131059,554,77.560007387,0.0291135,0.02911354822727273,4.822727273090521e-08
varying,varying_20260913_131059,555,77.701988284,0.0274195,0.027419458022727276,-4.1977272723786596e-08
varying,varying_20260913_131059,556,77.84198943199999,0.025749,0.025748989795454546,-1.0204545455166913e-08
varying,varying_20260913_131059,557,77.981994379,0.0240785,0.02407847622727273,-2.3772727269361082e-08
varying,varying_20260913_131059,558,78.120002677,0.0224318,0.02243178620454546,-1.379545453913944e-08
varying,varying_20260913_131059,559,78.261989868,0.0207376,0.020737620909090912,2.0909090913540096e-08
varying,varying_20260913_131059,560,78.401995247,0.0190671,0.01906710209090909,2.0909090917009543e-09
varying,varying_20260913_131059,561,78.541994504,0.0173967,0.017396656454545453,-4.354545454776648e-08
varying,varying_20260913_131059,562,78.68198652699999,0.0157263,0.015726297045454547,-2.9545454520440995e-09
varying,varying_20260913_131059,563,78.82198758999999,0.0140558,0.014055829931818182,2.993181818199131e-08
varying,varying_20260913_131059,564,78.96200920999999,0.0123851,0.012385117340909094,1.734090909408237e-08
varying,varying_20260913_131059,565,79.10198829299999,0.0107149,0.01071491240909091,1.2409090911075227e-08
varying,varying_20260913_131059,566,79.241997775,0.00904434,0.00904434475,4.750000000969257e-09
varying,varying_20260913_131059,567,79.381992879,0.00737395,0.007373948590909092,-1.4090909081915237e-09
varying,varying_20260913_131059,568,79.521975078,0.00570371,0.005703706431818182,-3.568181817723004e-09
varying,varying_20260913_131059,569,79.660014207,0.00405665,0.004056648590909091,-1.4090909090588855e-09
varying,varying_20260913_131059,570,79.80199394099999,0.00236257,0.0023625722272727274,2.2272727273620063e-09
varying,varying_20260913_131059,571,79.941985958,0.000692213,0.0006922129772727274,-2.272727264631541e-11
varying,varying_20260913_131301,1,0.14199106900000036,0.00668969,0.006689693977272728,3.977272728175607e-09
varying,varying_20260913_131301,2,0.2819718419999999,0.0235433,0.023543333227272725,3.322727272492276e-08
varying,varying_20260913_131301,3,0.42198960500000027,0.0413638,0.041363775727272734,-2.4272727265628458e-08
varying,varying_20260913_131301,4,0.5619947740000004,0.0591826,0.059182615386363636,1.538636363457302e-08
varying,varying_20260913_131301,5,0.7019872610000002,0.0769998,0.07699984106818182,4.106818182747496e-08
varying,varying_20260913_131301,6,0.8420034169999999,0.0948201,0.09482007913636364,-2.086363636022437e-08
varying,varying_20260913_131301,7,0.9820020990000007,0.0954545,0.09545454545454546,4.5454545460899e-08
varying,varying_20260913_131301,8,1.1220029480000004,0.0954545,0.09545454545454546,4.5454545460899e-08
varying,varying_20260913_131301,9,1.261988015,0.0954545,0.09545454545454546,4.5454545460899e-08
varying,varying_20260913_131301,10,1.4000180020000004,0.0954545,0.09545454545454546,4.5454545460899e-08
varying,varying_20260913_131301,11,1.5400401490000002,0.0954545,0.09545454545454546,4.5454545460899e-08
varying,varying_20260913_131301,12,1.6819858450000007,0.0954545,0.09545454545454546,4.5454545460899e-08
varying,varying_20260913_131301,13,1.8219951450000007,0.0954545,0.09545454545454546,4.5454545460899e-08
varying,varying_20260913_131301,14,1.9619924310000005,0.0954545,0.09545454545454546,4.5454545460899e-08
varying,varying_20260913_131301,15,2.101991142,0.0954545,0.09545454545454546,4.5454545460899e-08
varying,varying_20260913_131301,16,2.2419869660000007,0.0954545,0.09545454545454546,4.5454545460899e-08
varying,varying_20260913_131301,17,2.380007022,0.0954545,0.09545454545454546,4.5454545460899e-08
varying,varying_20260913_131301,18,2.521988975,0.0954545,0.09545454545454546,4.5454545460899e-08
varying,varying_20260913_131301,19,2.6619725160000005,0.0954545,0.09545454545454546,4.5454545460899e-08
varying,varying_20260913_131301,20,2.800001958,0.0954545,0.09545454545454546,4.5454545460899e-08
varying,varying_20260913_131301,21,2.941984905,0.0954545,0.09545454545454546,4.5454545460899e-08
varying,varying_20260913_131301,22,3.0800005330000007,0.0954545,0.09545454545454546,4.5454545460899e-08
varying,varying_20260913_131301,23,3.22198809,0.0954545,0.09545454545454546,4.5454545460899e-08
varying,varying_20260913_131301,24,3.3600031790000005,0.0954545,0.09545454545454546,4.5454545460899e-08
varying,varying_20260913_131301,25,3.501997157,0.0954545,0.09545454545454546,4.5454545460899e-08
varying,varying_20260913_131301,26,3.641989564,0.0954545,0.09545454545454546,4.5454545460899e-08
varying,varying_20260913_131301,27,3.7819918249999995,0.0954545,0.09545454545454546,4.5454545460899e-08
varying,varying_20260913_131301,28,3.9204697729999998,0.0954545,0.09545454545454546,4.5454545460899e-08
varying,varying_20260913_131301,29,4.062045482000001,0.0954545,0.09545454545454546,4.5454545460899e-08
varying,varying_20260913_131301,30,4.201987027,0.0954545,0.09545454545454546,4.5454545460899e-08
varying,varying_20260913_131301,31,4.342001543000001,0.0954545,0.09545454545454546,4.5454545460899e-08
varying,varying_20260913_131301,32,4.481989365,0.0954545,0.09545454545454546,4.5454545460899e-08
varying,varying_20260913_131301,33,4.621992186000001,0.0954545,0.09545454545454546,4.5454545460899e-08
varying,varying_20260913_131301,34,4.760010376000001,0.0954545,0.09545454545454546,4.5454545460899e-08
varying,varying_20260913_131301,35,4.902014158000001,0.0954545,0.09545454545454546,4.5454545460899e-08
varying,varying_20260913_131301,36,5.041987902,0.0954545,0.09545454545454546,4.5454545460899e-08
varying,varying_20260913_131301,37,5.181987877,0.0954545,0.09545454545454546,4.5454545460899e-08
varying,varying_20260913_131301,38,5.321988814,0.0954545,0.09545454545454546,4.5454545460899e-08
varying,varying_20260913_131301,39,5.461989036000001,0.0954545,0.09545454545454546,4.5454545460899e-08
varying,varying_20260913_131301,40,5.602000625,0.0954545,0.09545454545454546,4.5454545460899e-08
varying,varying_20260913_131301,41,5.7419872849999996,0.0954545,0.09545454545454546,4.5454545460899e-08
varying,varying_20260913_131301,42,5.8819798059999995,0.0954545,0.09545454545454546,4.5454545460899e-08
varying,varying_20260913_131301,43,6.021987195,0.0954545,0.09545454545454546,4.5454545460899e-08
varying,varying_20260913_131301,44,6.161988773,0.0954545,0.09545454545454546,4.5454545460899e-08
varying,varying_20260913_131301,45,6.3019845299999995,0.0954545,0.09545454545454546,4.5454545460899e-08
varying,varying_20260913_131301,46,6.441986619000001,0.0954545,0.09545454545454546,4.5454545460899e-08
varying,varying_20260913_131301,47,6.581993927,0.0954545,0.09545454545454546,4.5454545460899e-08
varying,varying_20260913_131301,48,6.7219940750000005,0.0954545,0.09545454545454546,4.5454545460899e-08
varying,varying_20260913_131301,49,6.861984650000001,0.0954545,0.09545454545454546,4.5454545460899e-08
varying,varying_20260913_131301,50,7.001987389000001,0.0954545,0.09545454545454546,4.5454545460899e-08
varying,varying_20260913_131301,51,7.141984447,0.0954545,0.09545454545454546,4.5454545460899e-08
varying,varying_20260913_131301,52,7.281993848,0.0954545,0.09545454545454546,4.5454545460899e-08
varying,varying_20260913_131301,53,7.421991988000001,0.0954545,0.09545454545454546,4.5454545460899e-08
varying,varying_20260913_131301,54,7.5619873019999995,0.0954545,0.09545454545454546,4.5454545460899e-08
varying,varying_20260913_131301,55,7.701989703,0.0954545,0.09545454545454546,4.5454545460899e-08
varying,varying_20260913_131301,56,7.841992331000001,0.0954545,0.09545454545454546,4.5454545460899e-08
varying,varying_20260913_131301,57,7.98199109,0.0954545,0.09545454545454546,4.5454545460899e-08
varying,varying_20260913_131301,58,8.122000620000001,0.0973955,0.09739546440909091,-3.559090908100693e-08
varying,varying_20260913_131301,59,8.260003632,0.099591,0.09959096684090908,-3.315909091750058e-08
varying,varying_20260913_131301,60,8.401990295000001,0.10185,0.10184984552272729,-1.5447727270967437e-07
varying,varying_20260913_131301,61,8.541994635000002,0.104077,0.10407718729545455,1.8729545454843066e-07
varying,varying_20260913_131301,62,8.681986089999999,0.106304,0.10630432415909093,3.241590909308645e-07
varying,varying_20260913_131301,63,8.822006539,0.108532,0.10853192222727273,-7.777272727216289e-08
varying,varying_20260913_131301,64,8.961986222,0.110759,0.1107588716818182,-1.283181818023671e-07
varying,varying_20260913_131301,65,9.101987076,0.112986,0.11298615809090909,1.5809090908591727e-07
varying,varying_20260913_131301,66,9.241989410999999,0.115213,0.11521346788636366,4.6788636366701386e-07
varying,varying_20260913_131301,67,9.381986337,0.117441,0.11744069177272728,-3.082272727189528e-07
varying,varying_20260913_131301,68,9.521992018999999,0.119668,0.11966805486363638,5.4863636383961634e-08
varying,varying_20260913_131301,69,9.661989887,0.121895,0.12189529370454548,2.9370454547594793e-07
varying,varying_20260913_131301,70,9.801988375,0.124123,0.12412254225000001,-4.577499999880441e-07
varying,varying_20260913_131301,71,9.941989206999999,0.12635,0.1263498283409091,-1.7165909088623366e-07
varying,varying_20260913_131301,72,10.081998094,0.128577,0.1285772423409091,2.4234090909014405e-07
varying,varying_20260913_131301,73,10.220005304,0.130773,0.1307728115909091,-1.8840909091211167e-07
varying,varying_20260913_131301,74,10.361991484,0.133032,0.13303168263636364,-3.173636363706933e-07
varying,varying_20260913_131301,75,10.501982988000002,0.135259,0.13525882029545455,-1.7970454543880798e-07
varying,varying_20260913_131301,76,10.641988342000001,0.137486,0.13748617813636366,1.781363636599309e-07
varying,varying_20260913_131301,77,10.781996848999999,0.139714,0.13971358625000002,-4.137499999834482e-07
varying,varying_20260913_131301,78,10.921976341,0.141941,0.1419405326818182,-4.673181818182215e-07
varying,varying_20260913_131301,79,11.061994380000002,0.144168,0.14416809240909093,9.240909093488625e-08
varying,varying_20260913_131301,80,11.201989132000001,0.146395,0.14639528161363638,2.8161363638257164e-07
varying,varying_20260913_131301,81,11.341991639,0.148623,0.14862259427272728,-4.0572727272314424e-07
varying,varying_20260913_131301,82,11.481987413999999,0.15085,0.15084979970454548,-2.0029545452771025e-07
varying,varying_20260913_131301,83,11.621992674000001,0.152127,0.15212716336363638,1.633636363684854e-07
varying,varying_20260913_131301,84,11.76197861,0.155304,0.1553042051590909,2.051590909102341e-07
varying,varying_20260913_131301,85,11.901992699000001,0.157532,0.15753170204545455,-2.9795454545289424e-07
varying,varying_20260913_131301,86,12.041987601000002,0.159759,0.15975889363636364,-1.063636363707321e-07
varying,varying_20260913_131301,87,12.180000093,0.161955,0.16195454688636368,-4.531136363061794e-07
varying,varying_20260913_131301,88,12.321973819,0.154103,0.15410289172727273,-1.0827272725610904e-07
varying,varying_20260913_131301,89,12.461993880000001,0.166441,0.16644081172727274,-1.8827272726951172e-07
varying,varying_20260913_131301,90,12.601987830000002,0.168668,0.16866798820454545,-1.1795454557539387e-08
varying,varying_20260913_131301,91,12.74198608,0.170895,0.17089523309090912,2.3309090912970731e-07
varying,varying_20260913_131301,92,12.881989248,0.173123,0.17312255625,-4.437499999954131e-07
varying,varying_20260913_131301,93,13.021990312,0.17535,0.1753498458409091,-1.5415909090932267e-07
varying,varying_20260913_131301,94,13.161993336000002,0.173756,0.17375615854545454,1.585454545427467e-07
varying,varying_20260913_131301,95,13.302009614000003,0.179395,0.17939525434090914,2.5434090913933893e-07
varying,varying_20260913_131301,96,13.442003491000001,0.182032,0.18203187370454543,-1.2629545456666058e-07
varying,varying_20260913_131301,97,13.581989052,0.184259,0.18425891670454544,-8.329545456153831e-08
varying,varying_20260913_131301,98,13.721987470000002,0.175036,0.1750364455,4.4550000000143086e-07
varying,varying_20260913_131301,99,13.861985174,0.185618,0.18561792756818185,-7.243181815441702e-08
varying,varying_20260913_131301,100,14.001990252000002,0.188505,0.1885049857727273,-1.422727269329016e-08
varying,varying_20260913_131301,101,14.140007824000001,0.193136,0.19313648804545458,4.880454545774793e-07
varying,varying_20260913_131301,102,14.281987915000002,0.195395,0.19539526220454548,2.6220454546477256e-07
varying,varying_20260913_131301,103,14.421988184,0.193146,0.19314608918181822,8.91818182080506e-08
varying,varying_20260913_131301,104,14.561993643000001,0.191955,0.1919550102272727,1.022727272315116e-08
varying,varying_20260913_131301,105,14.701987255000002,0.194304,0.19430375872727276,-2.4127272724161486e-07
varying,varying_20260913_131301,106,14.841994810000003,0.204304,0.20430446288636364,4.628863636280123e-07
varying,varying_20260913_131301,107,14.981990060000001,0.206532,0.20653166004545453,-3.3995454545854287e-07
varying,varying_20260913_131301,108,15.121986803000002,0.208759,0.20875888090909092,-1.1909090907868958e-07
varying,varying_20260913_131301,109,15.260008625000001,0.210955,0.21095468259090908,-3.174090909274785e-07
varying,varying_20260913_131301,110,15.402004085000002,0.212563,0.2125634287954546,4.287954545878492e-07
varying,varying_20260913_131301,111,15.541986791000003,0.215441,0.21544069893181822,-3.0106818177388917e-07
varying,varying_20260913_131301,112,15.681972253000001,0.216471,0.21647077375000004,-2.2624999995723982e-07
varying,varying_20260913_131301,113,15.821993824,0.218732,0.2187321130909091,1.1309090908184771e-07
varying,varying_20260913_131301,114,15.961988546,0.221194,0.22119364893181817,-3.510681818308381e-07
varying,varying_20260913_131301,115,16.101991141000003,0.220827,0.2208265094318182,-4.905681817990448e-07
varying,varying_20260913_131301,116,16.241997454,0.219711,0.21971058884090913,-4.1115909085731595e-07
varying,varying_20260913_131301,117,16.381991394,0.218763,0.2187632821818182,2.8218181818973065e-07
varying,varying_20260913_131301,118,16.522039926,0.217822,0.21782152556818182,-4.7443181816486657e-07
varying,varying_20260913_131301,119,16.661989442000003,0.218642,0.2186421471818182,1.4718181820527754e-07
varying,varying_20260913_131301,120,16.801991368,0.214456,0.21445566434090912,-3.35659090883178e-07
varying,varying_20260913_131301,121,16.940006699,0.220257,0.22025701250000002,1.250000000729834e-08
varying,varying_20260913_131301,122,17.081973449,0.219483,0.219482732,-2.679999999977145e-07
varying,varying_20260913_131301,123,17.2219941,0.221884,0.22188430965909092,3.0965909092461885e-07
varying,varying_20260913_131301,124,17.361998571,0.217628,0.21762758659090908,-4.134090909047039e-07
varying,varying_20260913_131301,125,17.501992523000002,0.219068,0.2190684454318182,4.454318181801309e-07
varying,varying_20260913_131301,126,17.64198764,0.216349,0.21634890963636366,-9.036363635139821e-08
varying,varying_20260913_131301,127,17.780008805,0.220747,0.2207467861136364,-2.1388636359254143e-07
varying,varying_20260913_131301,128,17.921987879,0.218415,0.21841528831818185,2.8831818185692804e-07
varying,varying_20260913_131301,129,18.06198036,0.220849,0.2208490526136364,5.2613636419840404e-08
varying,varying_20260913_131301,130,18.201984792,0.220364,0.22036400638636364,6.386363632371328e-09
varying,varying_20260913_131301,131,18.341987011,0.216322,0.216321546,-4.5399999998307905e-07
varying,varying_20260913_131301,132,18.481977858,0.220364,0.22036430420454547,3.042045454704212e-07
varying,varying_20260913_131301,133,18.621990925000002,0.220286,0.22028639754545457,3.9754545455572554e-07
varying,varying_20260913_131301,134,18.760001452,0.218795,0.2187950268636364,2.6863636398699597e-08
varying,varying_20260913_131301,135,18.901990235,0.217863,0.21786338254545456,3.825454545636209e-07
varying,varying_20260913_131301,136,19.041989487000002,0.219635,0.21963511929545457,1.1929545457034507e-07
varying,varying_20260913_131301,137,19.181993818000002,0.219499,0.21949851190909095,-4.880909090509977e-07
varying,varying_20260913_131301,138,19.321993471000003,0.220151,0.22015059993181818,-4.0006818183280224e-07
varying,varying_20260913_131301,139,19.461986120000002,0.219045,0.2190450110227273,1.1022727314236036e-08
varying,varying_20260913_131301,140,19.601998881,0.218182,0.21818184738636365,-1.5261363633944924e-07
varying,varying_20260913_131301,141,19.741994183000003,0.219454,0.21945426172727273,2.6172727271567275e-07
varying,varying_20260913_131301,142,19.881988724000003,0.218541,0.21854060995454547,-3.900454545457954e-07
varying,varying_20260913_131301,143,20.021986489,0.220221,0.22022114959090913,1.4959090913202466e-07
varying,varying_20260913_131301,144,20.16198971,0.216594,0.21659435270454547,3.527045454587707e-07
varying,varying_20260913_131301,145,20.301987194000002,0.220322,0.2203221101136364,1.1011363640345273e-07
varying,varying_20260913_131301,146,20.441992566,0.221554,0.22155390759090912,-9.24090908793751e-08
varying,varying_20260913_131301,147,20.58198867,0.218976,0.21897629679545455,2.9679545454630585e-07
varying,varying_20260913_131301,148,20.722017464,0.22003,0.22002967,-3.29999999992836e-07
varying,varying_20260913_131301,149,20.860001868,0.219404,0.2194038399318182,-1.600681817925942e-07
varying,varying_20260913_131301,150,21.000005363,0.218623,0.21862274413636365,-2.5586363636143084e-07
varying,varying_20260913_131301,151,21.141974479,0.219136,0.21913567438636364,-3.25613636359412e-07
varying,varying_20260913_131301,152,21.281985123000002,0.219641,0.2196410936363637,9.363636369053019e-08
varying,varying_20260913_131301,153,21.42000269,0.220595,0.22059474325000003,-2.5674999998281933e-07
varying,varying_20260913_131301,154,21.560006147000003,0.217994,0.21799358779545458,-4.1220454541357476e-07
varying,varying_20260913_131301,155,21.701988658,0.219129,0.21912898175,-1.8249999983455112e-08
varying,varying_20260913_131301,156,21.842012729,0.21851,0.21851010315909095,1.0315909093616682e-07
varying,varying_20260913_131301,157,21.981983587000002,0.218908,0.21890824756818184,2.4756818184368257e-07
varying,varying_20260913_131301,158,22.121993445,0.218351,0.2183506846818182,-3.153181817872053e-07
varying,varying_20260913_131301,159,22.262004033,0.219607,0.21960700029545455,2.95454549714691e-10
varying,varying_20260913_131301,160,22.402003212,0.220727,0.22072729429545457,2.942954545614995e-07
varying,varying_20260913_131301,161,22.541991478,0.218069,0.21806897509090914,-2.4909090873270756e-08
varying,varying_20260913_131301,162,22.680003359,0.219208,0.21920761100000002,-3.8899999996178103e-07
varying,varying_20260913_131301,163,22.82000078,0.218277,0.21827664806818184,-3.519318181599562e-07
varying,varying_20260913_131301,164,22.961991099000002,0.220126,0.22012563825,-3.617499999830631e-07
varying,varying_20260913_131301,165,23.101988238,0.219908,0.21990799011363638,-9.886363616651295e-09
varying,varying_20260913_131301,166,23.241986670000003,0.219268,0.21926839884090912,3.9884090913266945e-07
varying,varying_20260913_131301,167,23.381988005,0.218052,0.21805217763636364,1.776363636463163e-07
varying,varying_20260913_131301,168,23.521988878000002,0.219272,0.21927200129545454,1.2954545491883351e-09
varying,varying_20260913_131301,169,23.661994459000002,0.217028,0.21702808479545457,8.479545457462656e-08
varying,varying_20260913_131301,170,23.801989222,0.219528,0.2195277493181818,-2.5068181819243307e-07
varying,varying_20260913_131301,171,23.941986346,0.219419,0.2194187376818182,-2.6231818181510214e-07
varying,varying_20260913_131301,172,24.081995933,0.221653,0.2216533386136364,3.386136364080805e-07
varying,varying_20260913_131301,173,24.221974978000002,0.225673,0.22567337720454547,3.772045454597528e-07
varying,varying_20260913_131301,174,24.360044274,0.227459,0.22745862650000004,-3.7349999995606176e-07
varying,varying_20260913_131301,175,24.501985914000002,0.229627,0.2296267045227273,-2.9547727270484714e-07
varying,varying_20260913_131301,176,24.641992544,0.232107,0.2321067593409091,-2.4065909090542625e-07
varying,varying_20260913_131301,177,24.78198742,0.235553,0.23555275179545457,-2.4820454544438597e-07
varying,varying_20260913_131301,178,24.921983953,0.235422,0.23542209568181818,9.56818181907515e-08
varying,varying_20260913_131301,179,25.061986532000002,0.239173,0.23917275836363638,-2.416363636126295e-07
varying,varying_20260913_131301,180,25.201978605,0.240746,0.2407461256136364,1.25613636409172e-07
varying,varying_20260913_131301,181,25.342026216,0.244238,0.24423818204545455,1.8204545454425514e-07
varying,varying_20260913_131301,182,25.481993014,0.244536,0.24453636406818186,3.6406818185175105e-07
varying,varying_20260913_131301,183,25.621989788,0.249298,0.2492979031136364,-9.688636359861391e-08
varying,varying_20260913_131301,184,25.761992367,0.248939,0.24893879213636366,-2.0786363633118476e-07
varying,varying_20260913_131301,185,25.901986398000002,0.25324,0.25323956047727275,-4.395227272691038e-07
varying,varying_20260913_131301,186,26.040004268,0.253462,0.2534619391818182,-6.081818182401832e-08
varying,varying_20260913_131301,187,26.181990285,0.25711,0.25710990915909093,-9.084090907274245e-08
varying,varying_20260913_131301,188,26.321994026000002,0.258946,0.25894558613636365,-4.1386363636153334e-07
varying,varying_20260913_131301,189,26.461973842000003,0.259496,0.2594962922045455,2.9220454550449304e-07
varying,varying_20260913_131301,190,26.601990079,0.262651,0.2626513466818182,3.4668181819741406e-07
varying,varying_20260913_131301,191,26.741995860000003,0.263002,0.2630020177272727,1.7727272705325703e-08
varying,varying_20260913_131301,192,26.880000858000002,0.268306,0.2683062723409091,2.7234090910210895e-07
varying,varying_20260913_131301,193,27.021989525000002,0.268388,0.26838817122727276,1.7122727274943017e-07
varying,varying_20260913_131301,194,27.161991345,0.270337,0.27033671509090906,-2.8490909093070726e-07
varying,varying_20260913_131301,195,27.302007049,0.271345,0.2713454352954546,4.352954545705501e-07
varying,varying_20260913_131301,196,27.44199104,0.275835,0.27583505775,5.775000000429742e-08
varying,varying_20260913_131301,197,27.581995933,0.276839,0.2768392896818182,2.8968181819966077e-07
varying,varying_20260913_131301,198,27.721988379000003,0.28077,0.2807696835681818,-3.1643181819251964e-07
varying,varying_20260913_131301,199,27.861974169,0.281763,0.28176278231818186,-2.1768181812653609e-07
varying,varying_20260913_131301,200,28.001986608000003,0.284589,0.28458880084090915,-1.991590908301255e-07
varying,varying_20260913_131301,201,28.142005484000002,0.286592,0.28659176684090915,-2.3315909086774056e-07
varying,varying_20260913_131301,202,28.280001763999998,0.288102,0.2881017906136364,-2.093863636365434e-07
varying,varying_20260913_131301,203,28.421986476,0.293494,0.2934940290227273,2.9022727332517206e-08
varying,varying_20260913_131301,204,28.561987323000004,0.290857,0.29085678984090907,-2.1015909090760232e-07
varying,varying_20260913_131301,205,28.701988581000002,0.299379,0.29937853940909087,-4.6059090913486145e-07
varying,varying_20260913_131301,206,28.841985804000004,0.293268,0.2932679665681818,-3.343181814718932e-08
varying,varying_20260913_131301,207,28.981986872,0.304959,0.3049591257045455,1.2570454549498677e-07
varying,varying_20260913_131301,208,29.121971682,0.299553,0.2995529292954546,-7.070454544066962e-08
varying,varying_20260913_131301,209,29.261990819000005,0.311871,0.31187112997727273,1.299772727225701e-07
varying,varying_20260913_131301,210,29.401997983,0.303846,0.30384622672727274,2.267272727340952e-07
varying,varying_20260913_131301,211,29.541991653000004,0.316281,0.31628137879545454,3.787954545586558e-07
varying,varying_20260913_131301,212,29.681986729000002,0.307506,0.3075056275454546,-3.724545454275585e-07
varying,varying_20260913_131301,213,29.821999674000004,0.319582,0.31958226475,2.6475000003411964e-07
varying,varying_20260913_131301,214,29.961983815000004,0.312359,0.3123594283409091,4.283409090755086e-07
varying,varying_20260913_131301,215,30.101990412,0.319547,0.3195465482045455,-4.517954545479874e-07
varying,varying_20260913_131301,216,30.241991792,0.31422,0.3142195171818182,-4.828181818239408e-07
varying,varying_20260913_131301,217,30.381988348,0.326148,0.3261481958636364,1.9586363642076776e-07
varying,varying_20260913_131301,218,30.521988888000003,0.318859,0.3188594934318182,4.934318181826214e-07
varying,varying_20260913_131301,219,30.662015105000002,0.33207,0.3320699406818182,-5.931818175541892e-08
varying,varying_20260913_131301,220,30.801987240000003,0.324149,0.3241490407272728,4.0727272776486245e-08
varying,varying_20260913_131301,221,30.94000597,0.338951,0.33895095579545464,-4.4204545357473535e-08
varying,varying_20260913_131301,222,31.081988992,0.329617,0.3296170196136364,1.9613636381698996e-08
varying,varying_20260913_131301,223,31.222004165,0.342387,0.3423869250454546,-7.495454540373814e-08
varying,varying_20260913_131301,224,31.360002321000003,0.333763,0.33376251347727276,-4.865227272166095e-07
varying,varying_20260913_131301,225,31.502005867999998,0.344283,0.3442831372272728,1.3722727276732627e-07
varying,varying_20260913_131301,226,31.641993366,0.33582,0.33582012163636366,1.2163636364803665e-07
varying,varying_20260913_131301,227,31.781988305,0.352182,0.3521818024772727,-1.975227272854596e-07
varying,varying_20260913_131301,228,31.92198817,0.34544,0.345439587659091,-4.1234090902841913e-07
varying,varying_20260913_131301,229,32.061970696,0.348388,0.34838800420454547,4.204545489550071e-09
varying,varying_20260913_131301,230,32.20198761,0.334689,0.33468933002272727,3.300227272573508e-07
varying,varying_20260913_131301,231,32.341991579,0.354055,0.35405544761363644,4.4761363643397445e-07
varying,varying_20260913_131301,232,32.48198762,0.346821,0.3468212899772728,2.899772728048866e-07
varying,varying_20260913_131301,233,32.622007246,0.346527,0.3465265532272727,-4.467727272583488e-07
varying,varying_20260913_131301,234,32.760004326,0.338746,0.33874559934090914,-4.006590908489649e-07
varying,varying_20260913_131301,235,32.90198812,0.344022,0.3440223515909091,3.515909091089675e-07
varying,varying_20260913_131301,236,33.041988239,0.341098,0.3410976415,-3.5850000001946825e-07
varying,varying_20260913_131301,237,33.181989980000004,0.344468,0.34446796220454545,-3.7795454543854134e-08
varying,varying_20260913_131301,238,33.321994383,0.341387,0.34138745502272727,4.5502272727482307e-07
varying,varying_20260913_131301,239,33.460002376,0.345731,0.34573122913636367,2.2913636366084233e-07
varying,varying_20260913_131301,240,33.601988774,0.339277,0.3392765706590909,-4.293409091027378e-07
varying,varying_20260913_131301,241,33.741987232,0.348596,0.34859554975,-4.5025000000586957e-07
varying,varying_20260913_131301,242,33.881988961000005,0.341901,0.3419008051136364,-1.948863636025422e-07
varying,varying_20260913_131301,243,34.021987275,0.357032,0.3570319632727273,-3.672727272308052e-08
varying,varying_20260913_131301,244,34.162016981,0.344819,0.34481906040909094,6.040909095172964e-08
varying,varying_20260913_131301,245,34.301995556,0.351408,0.35140785797727275,-1.4202272724528342e-07
varying,varying_20260913_131301,246,34.441988495000004,0.338486,0.33848585765909095,-1.423409090595129e-07
varying,varying_20260913_131301,247,34.581996609,0.351789,0.3517892591818182,2.5918181817408126e-07
varying,varying_20260913_131301,248,34.721986899,0.343332,0.3433322381363637,2.381363636838607e-07
varying,varying_20260913_131301,249,34.861992123,0.351133,0.3511332489318182,2.489318182141709e-07
varying,varying_20260913_131301,250,35.001988337,0.338,0.3379998945909092,-1.054090908447769e-07
varying,varying_20260913_131301,251,35.141994766,0.354493,0.35449337413636367,3.7413636366778746e-07
varying,varying_20260913_131301,252,35.281985993,0.347304,0.34730428790909096,2.8790909095688377e-07
varying,varying_20260913_131301,253,35.421989991000004,0.347224,0.34722386872727273,-1.3127272724400285e-07
varying,varying_20260913_131301,254,35.562024314,0.337528,0.3375279396363636,-6.036363636718889e-08
varying,varying_20260913_131301,255,35.70198638,0.348359,0.3483586894772728,-3.105227271982258e-07
varying,varying_20260913_131301,256,35.841993338,0.341731,0.34173066931818186,-3.306818181503246e-07
varying,varying_20260913_131301,257,35.981989387,0.351216,0.3512163828409091,3.8284090914109115e-07
varying,varying_20260913_131301,258,36.121990195,0.340188,0.34018801281818184,1.2818181849283405e-08
varying,varying_20260913_131301,259,36.261991614,0.34827,0.34827005229545455,5.229545452234419e-08
varying,varying_20260913_131301,260,36.401973680000005,0.344081,0.34408059811363634,-4.0188636368787556e-07
varying,varying_20260913_131301,261,36.541992598,0.347872,0.3478715846136364,-4.153863636391364e-07
varying,varying_20260913_131301,262,36.681993315,0.339046,0.33904582647727277,-1.73522727242581e-07
varying,varying_20260913_131301,263,36.821991339,0.350968,0.35096783161363637,-1.683863636303684e-07
varying,varying_20260913_131301,264,36.960001975000004,0.341909,0.34190946856818183,4.6856818181062465e-07
varying,varying_20260913_131301,265,37.101989813,0.356539,0.35653930677272727,3.067727272765275e-07
varying,varying_20260913_131301,266,37.24198946,0.341308,0.34130821422727275,2.1422727275455244e-07
varying,varying_20260913_131301,267,37.381992162,0.359551,0.3595508806590909,-1.1934090909937467e-07
varying,varying_20260913_131301,268,37.521990427,0.344428,0.3444281983863637,1.9838636367008888e-07
varying,varying_20260913_131301,269,37.661993879,0.34481,0.3448095047727273,-4.952272726899132e-07
varying,varying_20260913_131301,270,37.801993364000005,0.334899,0.3348986160227273,-3.83977272699898e-07
varying,varying_20260913_131301,271,37.941993784000005,0.348466,0.34846559968181817,-4.0031818182573176e-07
varying,varying_20260913_131301,272,38.08200849,0.346644,0.34664426188636366,2.618863636505431e-07
varying,varying_20260913_131301,273,38.221991346,0.350094,0.3500943011363637,3.0113636367845587e-07
varying,varying_20260913_131301,274,38.361985553000004,0.339949,0.33994869475000006,-3.052499999434133e-07
varying,varying_20260913_131301,275,38.500001954,0.35309,0.35309027584090913,2.758409091141445e-07
varying,varying_20260913_131301,276,38.641992087,0.344421,0.34442090788636365,-9.211363632966041e-08
varying,varying_20260913_131301,277,38.781981729,0.350911,0.3509108387272728,-1.6127272717270102e-07
varying,varying_20260913_131301,278,38.92198224,0.33989,0.3398896064772728,-3.93522727237805e-07
varying,varying_20260913_131301,279,39.061992144,0.350147,0.3501472429318182,2.42931818217329e-07
varying,varying_20260913_131301,280,39.201985091000005,0.341143,0.34114257434090905,-4.256590909190727e-07
varying,varying_20260913_131301,281,39.341991391,0.346186,0.34618608325000005,8.325000006026428e-08
varying,varying_20260913_131301,282,39.481983848,0.337789,0.33778946663636367,4.666363636607329e-07
varying,varying_20260913_131301,283,39.62199286,0.346795,0.34679478495454547,-2.1504545455464097e-07
varying,varying_20260913_131301,284,39.761988212,0.34057,0.3405704126363637,4.1263636368915613e-07
varying,varying_20260913_131301,285,39.901992928,0.350128,0.35012750102272727,-4.989772727226338e-07
varying,varying_20260913_131301,286,40.041987169,0.341367,0.34136725190909095,2.519090909758326e-07
varying,varying_20260913_131301,287,40.181988982,0.362609,0.36260948181818187,4.818181818522227e-07
varying,varying_20260913_131301,288,40.321992296,0.350719,0.3507186031363636,-3.9686363639823696e-07
varying,varying_20260913_131301,289,40.461992627,0.352185,0.3521845712954546,-4.287045454187677e-07
varying,varying_20260913_131301,290,40.601984589000004,0.346096,0.3460961534545454,1.5345454540405257e-07
varying,varying_20260913_131301,291,40.740002914,0.351406,0.3514057509772728,-2.490227272167189e-07
varying,varying_20260913_131301,292,40.881989773,0.3502,0.3501998705227273,-1.2947727273671106e-07
varying,varying_20260913_131301,293,41.021992564,0.359257,0.35925718770454546,1.877045454623527e-07
varying,varying_20260913_131301,294,41.161989886,0.355171,0.3551709213181819,-7.868181811643282e-08
varying,varying_20260913_131301,295,41.301989463,0.365251,0.3652509505909092,-4.9409090818741674e-08
varying,varying_20260913_131301,296,41.441992685,0.356404,0.35640408300000004,8.300000003957919e-08
varying,varying_20260913_131301,297,41.581987974,0.370597,0.3705970209772728,2.0977272807698455e-08
varying,varying_20260913_131301,298,41.722051768,0.360184,0.3601844872500001,4.872500000696611e-07
varying,varying_20260913_131301,299,41.862004837,0.373876,0.37387647643181826,4.7643181827483616e-07
varying,varying_20260913_131301,300,42.001983061000004,0.361817,0.36181747636363637,4.7636363637026946e-07
varying,varying_20260913_131301,301,42.141985878,0.378896,0.3788959307954546,-6.920454542758137e-08
varying,varying_20260913_131301,302,42.282022160000004,0.36909,0.3690902431363636,2.4313636365347335e-07
varying,varying_20260913_131301,303,42.421988566,0.370624,0.37062436600000004,3.6600000002939836e-07
varying,varying_20260913_131301,304,42.561974404000004,0.363452,0.36345243836363644,4.3836363644578213e-07
varying,varying_20260913_131301,305,42.700020415000004,0.369279,0.36927918856818187,1.8856818184698199e-07
varying,varying_20260913_131301,306,42.841993603,0.368882,0.36888214045454554,1.4045454554967307e-07
varying,varying_20260913_131301,307,42.981992338,0.376627,0.37662709763636365,9.763636366066919e-08
varying,varying_20260913_131301,308,43.121989843,0.37611,0.3761099685,-3.149999999729758e-08
varying,varying_20260913_131301,309,43.261985529,0.373193,0.3731934237500001,4.2375000008920694e-07
varying,varying_20260913_131301,310,43.401994157000004,0.376874,0.3768740328181818,3.281818183875629e-08
varying,varying_20260913_131301,311,43.541988165,0.372158,0.37215753161363635,-4.683863636389951e-07
varying,varying_20260913_131301,312,43.680002409000004,0.389503,0.38950289843181823,-1.0156818175399707e-07
varying,varying_20260913_131301,313,43.821992433,0.384111,0.3841111161363636,1.1613636363705382e-07
varying,varying_20260913_131301,314,43.961992703,0.396164,0.3961637974318182,-2.02568181839613e-07
varying,varying_20260913_131301,315,44.101989686,0.383592,0.38359198595454547,-1.4045454521660616e-08
varying,varying_20260913_131301,316,44.241994482,0.38802,0.38802008652272735,8.652272737164068e-08
varying,varying_20260913_131301,317,44.381997923,0.379217,0.37921665663636367,-3.4336363635700806e-07
varying,varying_20260913_131301,318,44.521991986,0.390635,0.3906349462272728,-5.377272721540649e-08
varying,varying_20260913_131301,319,44.661989207,0.389156,0.38915555413636366,-4.4586363634468995e-07
varying,varying_20260913_131301,320,44.801994329,0.391238,0.3912384665,4.6650000001813297e-07
varying,varying_20260913_131301,321,44.941991783,0.392102,0.39210242606818185,4.2606818184687256e-07
varying,varying_20260913_131301,322,45.081989799,0.390043,0.3900430593181819,5.931818192195237e-08
varying,varying_20260913_131301,323,45.221991471,0.385693,0.3856925001363637,-4.998636363162667e-07
varying,varying_20260913_131301,324,45.361988309000004,0.395427,0.39542726093181824,2.6093181826336576e-07
varying,varying_20260913_131301,325,45.501988356,0.393122,0.39312186120454556,-1.3879545446293662e-07
varying,varying_20260913_131301,326,45.641991106,0.401582,0.4015820745681818,7.456818179596425e-08
varying,varying_20260913_131301,327,45.781989112,0.396066,0.396065890659091,-1.0934090899361593e-07
varying,varying_20260913_131301,328,45.921995372,0.407182,0.40718246736363634,4.673636363472511e-07
varying,varying_20260913_131301,329,46.060015622,0.400737,0.40073749402272735,4.940227273375619e-07
varying,varying_20260913_131301,330,46.201993911,0.406225,0.4062253575227273,3.57522727312265e-07
varying,varying_20260913_131301,331,46.341992187,0.401045,0.4010448220227273,-1.77977272697305e-07
varying,varying_20260913_131301,332,46.481994796,0.403066,0.4030658960681819,-1.0393181809620344e-07
varying,varying_20260913_131301,333,46.621982246,0.403607,0.4036066942727273,-3.0572727272026867e-07
varying,varying_20260913_131301,334,46.761990314,0.403892,0.40389176243181824,-2.3756818173792382e-07
varying,varying_20260913_131301,335,46.902002214,0.41047,0.4104701393863637,1.393863636733883e-07
varying,varying_20260913_131301,336,47.041994717,0.409232,0.40923163893181824,-3.610681817423078e-07
varying,varying_20260913_131301,337,47.181987061,0.414535,0.41453489031818186,-1.0968181812787137e-07
varying,varying_20260913_131301,338,47.321991579,0.410813,0.4108128358409091,-1.6415909087630354e-07
varying,varying_20260913_131301,339,47.461994773,0.41744,0.41743999150000005,-8.499999926137036e-09
varying,varying_20260913_131301,340,47.60197339,0.410363,0.41036322154545457,2.2154545459285302e-07
varying,varying_20260913_131301,341,47.741993576,0.416933,0.41693339943181823,3.9943181823209883e-07
varying,varying_20260913_131301,342,47.881997717000004,0.414996,0.41499573722727273,-2.62772727244176e-07
varying,varying_20260913_131301,343,48.02198868,0.420194,0.4201939224318182,-7.756818182214076e-08
varying,varying_20260913_131301,344,48.160023209,0.41152,0.41152029990909095,2.999090909505675e-07
varying,varying_20260913_131301,345,48.301999684,0.420647,0.42064727600000007,2.760000000767704e-07
varying,varying_20260913_131301,346,48.441985132,0.415255,0.41525547493181825,4.749318182617479e-07
varying,varying_20260913_131301,347,48.581988032,0.418447,0.4184474692045455,4.692045454945948e-07
varying,varying_20260913_131301,348,48.721989967,0.420191,0.4201913841363637,3.8413636371803506e-07
varying,varying_20260913_131301,349,48.861989961,0.413979,0.41397905022727277,5.022727278536365e-08
varying,varying_20260913_131301,350,49.001983095,0.424695,0.4246951459545455,1.4595454550514475e-07
varying,varying_20260913_131301,351,49.142001232,0.416539,0.41653917597727275,1.7597727275386887e-07
varying,varying_20260913_131301,352,49.281987417,0.429772,0.4297717634318182,-2.3656818176620575e-07
varying,varying_20260913_131301,353,49.421997534,0.418492,0.4184916175681819,-3.82431818102269e-07
varying,varying_20260913_131301,354,49.561986612,0.429647,0.42964717345454545,1.734545454490366e-07
varying,varying_20260913_131301,355,49.701991598,0.418072,0.41807157079545454,-4.2920454546013787e-07
varying,varying_20260913_131301,356,49.841988273,0.421912,0.42191193720454545,-6.279545455845081e-08
varying,varying_20260913_131301,357,49.981988514,0.413579,0.4135789307045455,-6.929545448564056e-08
varying,varying_20260913_131301,358,50.122006508,0.420564,0.4205642464545455,2.4645454549387935e-07
varying,varying_20260913_131301,359,50.26198555,0.414348,0.414348070659091,7.065909102266232e-08
varying,varying_20260913_131301,360,50.401990587,0.414305,0.4143048307045455,-1.6929545448851613e-07
varying,varying_20260913_131301,361,50.541990837,0.41471,0.41471030793181823,3.0793181821087146e-07
varying,varying_20260913_131301,362,50.682008019,0.416191,0.41619084006818186,-1.5993181812223867e-07
varying,varying_20260913_131301,363,50.821988575,0.417966,0.4179656709772728,-3.290227272301216e-07
varying,varying_20260913_131301,364,50.961978731,0.413537,0.4135373161818182,3.161818182273457e-07
varying,varying_20260913_131301,365,51.101989323,0.428155,0.4281552093636363,2.0936363631651744e-07
varying,varying_20260913_131301,366,51.241988244,0.425133,0.42513349056818184,4.90568181854556e-07
varying,varying_20260913_131301,367,51.381990437,0.436508,0.43650782922727277,-1.7077272723708958e-07
varying,varying_20260913_131301,368,51.520005846000004,0.423293,0.4232931904090909,1.9040909093881453e-07
varying,varying_20260913_131301,369,51.661984586,0.426922,0.4269220074318182,7.43181816087457e-09
varying,varying_20260913_131301,370,51.800018273,0.421836,0.4218358540454546,-1.4595454539412245e-07
varying,varying_20260913_131301,371,51.941992652,0.420923,0.42092314759090915,1.4759090916083295e-07
varying,varying_20260913_131301,372,52.080010766,0.41018,0.410180106159091,1.0615909101785448e-07
varying,varying_20260913_131301,373,52.221987293,0.410837,0.4108368437727273,-1.5622727272956993e-07
varying,varying_20260913_131301,374,52.360001260000004,0.413913,0.41391295575000003,-4.4249999942014284e-08
varying,varying_20260913_131301,375,52.50199054,0.416065,0.41606532338636365,3.2338636363205e-07
varying,varying_20260913_131301,376,52.641973779000004,0.426328,0.42632787034090913,-1.2965909085282945e-07
varying,varying_20260913_131301,377,52.781990878,0.420124,0.42012448306818184,4.830681818446259e-07
varying,varying_20260913_131301,378,52.921987162,0.428244,0.42824370686363644,-2.931363635716444e-07
varying,varying_20260913_131301,379,53.061992783,0.409636,0.40963636365909095,3.636590909517068e-07
varying,varying_20260913_131301,380,53.201993194,0.409636,0.40963636365909095,3.636590909517068e-07
varying,varying_20260913_131301,381,53.34197558,0.409636,0.40963636365909095,3.636590909517068e-07
varying,varying_20260913_131301,382,53.481988471,0.409636,0.40963636365909095,3.636590909517068e-07
varying,varying_20260913_131301,383,53.621995246000004,0.409636,0.40963636365909095,3.636590909517068e-07
varying,varying_20260913_131301,384,53.761990178,0.409636,0.40963636365909095,3.636590909517068e-07
varying,varying_20260913_131301,385,53.901994498,0.409636,0.40963636365909095,3.636590909517068e-07
varying,varying_20260913_131301,386,54.041989399,0.409636,0.40963636365909095,3.636590909517068e-07
varying,varying_20260913_131301,387,54.181990987,0.409636,0.40963636365909095,3.636590909517068e-07
varying,varying_20260913_131301,388,54.321997482,0.409636,0.40963636365909095,3.636590909517068e-07
varying,varying_20260913_131301,389,54.461980421,0.410909,0.4109090909318182,9.09318181863128e-08
varying,varying_20260913_131301,390,54.601988244000005,0.412182,0.4121818182045455,-1.817954544680589e-07
varying,varying_20260913_131301,391,54.741988117,0.413455,0.4134545454772728,-4.545227272334529e-07
varying,varying_20260913_131301,392,54.881988001,0.414727,0.4147272727500001,2.7275000008541994e-07
varying,varying_20260913_131301,393,55.021989025,0.416,0.4160000000227273,2.2727320025950348e-11
varying,varying_20260913_131301,394,55.160004407,0.417273,0.41727272729545456,-2.7270454544536804e-07
varying,varying_20260913_131301,395,55.30198695,0.418545,0.4185454545681819,4.545681818735048e-07
varying,varying_20260913_131301,396,55.441993523,0.416326,0.41632616836363634,1.683636363658536e-07
varying,varying_20260913_131301,397,55.581984543000004,0.421091,0.42109090911363645,-9.08863635462609e-08
varying,varying_20260913_131301,398,55.72199323,0.416124,0.41612425670454545,2.5670454545378973e-07
varying,varying_20260913_131301,399,55.861991564,0.417121,0.4171211408636364,1.408636363664506e-07
varying,varying_20260913_131301,400,56.001987566000004,0.417683,0.4176827922272728,-2.0777272724537e-07
varying,varying_20260913_131301,401,56.141981065,0.401401,0.40140065890909093,-3.410909090728609e-07
varying,varying_20260913_131301,402,56.281988592000005,0.400907,0.4009066160909091,-3.839090909063536e-07
varying,varying_20260913_131301,403,56.421993616,0.391554,0.3915541610909092,1.6109090916760493e-07
varying,varying_20260913_131301,404,56.561989467000004,0.398937,0.3989373274090909,3.2740909089445935e-07
varying,varying_20260913_131301,405,56.700001441,0.390276,0.3902755725909091,-4.274090908973349e-07
varying,varying_20260913_131301,406,56.841984284,0.377919,0.37791899711363636,-2.8863636480913613e-09
varying,varying_20260913_131301,407,56.981993681,0.360002,0.36000225513636375,2.551363637581794e-07
varying,varying_20260913_131301,408,57.121986634,0.362848,0.36284818468181823,1.8468181822717256e-07
varying,varying_20260913_131301,409,57.261980087,0.356227,0.35622712363636366,1.2363636364698394e-07
varying,varying_20260913_131301,410,57.401990204,0.355226,0.35522572797727275,-2.720227272323683e-07
varying,varying_20260913_131301,411,57.541975036000004,0.344559,0.3445592550909092,2.5509090917363864e-07
varying,varying_20260913_131301,412,57.681993998,0.343455,0.34345465731818187,-3.4268181814400833e-07
varying,varying_20260913_131301,413,57.820011301,0.330183,0.33018269247727283,-3.075227271720493e-07
varying,varying_20260913_131301,414,57.961996522,0.327026,0.32702600175,1.7500000337733468e-09
varying,varying_20260913_131301,415,58.101988683,0.31978,0.3197799948636364,-5.136363612212591e-09
varying,varying_20260913_131301,416,58.241981603,0.340089,0.34008869650000007,-3.0349999990963994e-07
varying,varying_20260913_131301,417,58.381991998000004,0.327034,0.32703353947727276,-4.6052272723029475e-07
varying,varying_20260913_131301,418,58.521990377,0.316508,0.31650770979545456,-2.902045454500346e-07
varying,varying_20260913_131301,419,58.661992998,0.318621,0.3186214049772728,4.049772728276224e-07
varying,varying_20260913_131301,420,58.801987652,0.317804,0.31780434938636365,3.493863636738759e-07
varying,varying_20260913_131301,421,58.941985531,0.310486,0.3104857797045455,-2.2029545448942756e-07
varying,varying_20260913_131301,422,59.081991494,0.299794,0.2997935786363637,-4.213636363159523e-07
varying,varying_20260913_131301,423,59.221988465,0.297446,0.29744635852272727,3.5852272728398304e-07
varying,varying_20260913_131301,424,59.362018178,0.292729,0.2927291632045455,1.6320454548912622e-07
varying,varying_20260913_131301,425,59.501981026,0.285708,0.28570839134090914,3.9134090912273933e-07
varying,varying_20260913_131301,426,59.641994391000004,0.280019,0.2800187471136364,-2.528863636275247e-07
varying,varying_20260913_131301,427,59.781994156,0.273598,0.2735980324318182,3.243181817547125e-08
varying,varying_20260913_131301,428,59.921997217000005,0.269779,0.2697792322272728,2.322272728005892e-07
varying,varying_20260913_131301,429,60.061986549000004,0.262508,0.26250812700000004,1.2700000001641953e-07
varying,varying_20260913_131301,430,60.201991725999996,0.25965,0.2596502298409091,2.298409090828457e-07
varying,varying_20260913_131301,431,60.342013761,0.252065,0.2520645606818182,-4.393181817774483e-07
varying,varying_20260913_131301,432,60.4819862,0.247971,0.24797095479545458,-4.520454541245833e-08
varying,varying_20260913_131301,433,60.621993493,0.242551,0.24255116470454546,1.647045454744589e-07
varying,varying_20260913_131301,434,60.76198749,0.235658,0.23565755881818184,-4.411818181615512e-07
varying,varying_20260913_131301,435,60.901991313,0.230493,0.23049305586363636,5.58636363556797e-08
varying,varying_20260913_131301,436,61.04199289300001,0.224594,0.22459376831818184,-2.3168181814692268e-07
varying,varying_20260913_131301,437,61.181979941,0.21859,0.21858956493181822,-4.350681817866242e-07
varying,varying_20260913_131301,438,61.321984996000005,0.212618,0.21261770186363638,-2.981363636245238e-07
varying,varying_20260913_131301,439,61.461989099,0.206493,0.20649252240909094,-4.775909090704022e-07
varying,varying_20260913_131301,440,61.600002998,0.200454,0.20045441436363637,4.1436363637514795e-07
varying,varying_20260913_131301,441,61.741996706,0.19419,0.19419014968181822,1.4968181821783944e-07
varying,varying_20260913_131301,442,61.881990283,0.184381,0.18438082711363638,-1.7288636361412202e-07
varying,varying_20260913_131301,443,62.020004123,0.182079,0.18207936504545455,3.650454545589543e-07
varying,varying_20260913_131301,444,62.16198971800001,0.175556,0.17555589147727274,-1.0852272724903855e-07
varying,varying_20260913_131301,445,62.300002126,0.16773,0.16772980015909092,-1.998409090708808e-07
varying,varying_20260913_131301,446,62.441992757,0.163617,0.1636173623636364,3.623636363747629e-07
varying,varying_20260913_131301,447,62.581992584,0.157492,0.15749236984090909,3.698409090924226e-07
varying,varying_20260913_131301,448,62.721989042,0.151368,0.15136752479545454,-4.7520454546368107e-07
varying,varying_20260913_131301,449,62.861988282000006,0.145243,0.14524255804545455,-4.419545454603657e-07
varying,varying_20260913_131301,450,63.001989235,0.139118,0.13911751636363637,-4.836363636240293e-07
varying,varying_20260913_131301,451,63.141988405,0.132993,0.13299255279545458,-4.472045454229079e-07
varying,varying_20260913_131301,452,63.281984689999994,0.126868,0.12686771522727275,-2.8477272726035174e-07
varying,varying_20260913_131301,453,63.421989759000006,0.120742,0.12074249345454546,4.93454545461014e-07
varying,varying_20260913_131301,454,63.561987036,0.114618,0.11461761261363639,-3.87386363612241e-07
varying,varying_20260913_131301,455,63.701991322999994,0.108492,0.10849242504545456,4.2504545455512854e-07
varying,varying_20260913_131301,456,63.841984812,0.102368,0.10236770997727274,-2.9002272726452727e-07
varying,varying_20260913_131301,457,63.981988636000004,0.0962425,0.09624254261363638,4.26136363834706e-08
varying,varying_20260913_131301,458,64.12000701599999,0.0774309,0.07743092827272728,2.8272727284339716e-08
varying,varying_20260913_131301,459,64.261988214,0.0674928,0.06749280522727275,5.2272727396607266e-09
varying,varying_20260913_131301,460,64.40198893499999,0.0702544,0.07025439956818183,-4.318181645590613e-10
varying,varying_20260913_131301,461,64.541990106,0.0849544,0.08495440354545454,3.5454545410651406e-09
varying,varying_20260913_131301,462,64.68000517099999,0.0954545,0.09545454545454546,4.5454545460899e-08
varying,varying_20260913_131301,463,64.82200336,0.0954545,0.09545454545454546,4.5454545460899e-08
varying,varying_20260913_131301,464,64.96000899799999,0.0954545,0.09545454545454546,4.5454545460899e-08
varying,varying_20260913_131301,465,65.101987728,0.0954545,0.09545454545454546,4.5454545460899e-08
varying,varying_20260913_131301,466,65.241987289,0.0954545,0.09545454545454546,4.5454545460899e-08
varying,varying_20260913_131301,467,65.381992528,0.0954545,0.09545454545454546,4.5454545460899e-08
varying,varying_20260913_131301,468,65.521987141,0.0954545,0.09545454545454546,4.5454545460899e-08
varying,varying_20260913_131301,469,65.661992317,0.0954545,0.09545454545454546,4.5454545460899e-08
varying,varying_20260913_131301,470,65.801994287,0.0954545,0.09545454545454546,4.5454545460899e-08
varying,varying_20260913_131301,471,65.941993945,0.0954545,0.09545454545454546,4.5454545460899e-08
varying,varying_20260913_131301,472,66.081988915,0.0954545,0.09545454545454546,4.5454545460899e-08
varying,varying_20260913_131301,473,66.22198806099999,0.0954545,0.09545454545454546,4.5454545460899e-08
varying,varying_20260913_131301,474,66.36199072299999,0.0954545,0.09545454545454546,4.5454545460899e-08
varying,varying_20260913_131301,475,66.50199011,0.0954545,0.09545454545454546,4.5454545460899e-08
varying,varying_20260913_131301,476,66.641989439,0.0954545,0.09545454545454546,4.5454545460899e-08
varying,varying_20260913_131301,477,66.781994105,0.0954545,0.09545454545454546,4.5454545460899e-08
varying,varying_20260913_131301,478,66.92199294199999,0.0954545,0.09545454545454546,4.5454545460899e-08
varying,varying_20260913_131301,479,67.06200303199999,0.0954545,0.09545454545454546,4.5454545460899e-08
varying,varying_20260913_131301,480,67.20199868099999,0.0954545,0.09545454545454546,4.5454545460899e-08
varying,varying_20260913_131301,481,67.34199097499999,0.0954545,0.09545454545454546,4.5454545460899e-08
varying,varying_20260913_131301,482,67.48199305,0.0954545,0.09545454545454546,4.5454545460899e-08
varying,varying_20260913_131301,483,67.62199251499999,0.0954545,0.09545454545454546,4.5454545460899e-08
varying,varying_20260913_131301,484,67.761975181,0.0954545,0.09545454545454546,4.5454545460899e-08
varying,varying_20260913_131301,485,67.90199484,0.0954545,0.09545454545454546,4.5454545460899e-08
varying,varying_20260913_131301,486,68.04197872099999,0.0954545,0.09545454545454546,4.5454545460899e-08
varying,varying_20260913_131301,487,68.181992817,0.0954545,0.09545454545454546,4.5454545460899e-08
varying,varying_20260913_131301,488,68.321991087,0.0954545,0.09545454545454546,4.5454545460899e-08
varying,varying_20260913_131301,489,68.46199265,0.0954545,0.09545454545454546,4.5454545460899e-08
varying,varying_20260913_131301,490,68.601994276,0.0954545,0.09545454545454546,4.5454545460899e-08
varying,varying_20260913_131301,491,68.74199847599999,0.0954545,0.09545454545454546,4.5454545460899e-08
varying,varying_20260913_131301,492,68.881982911,0.0954545,0.09545454545454546,4.5454545460899e-08
varying,varying_20260913_131301,493,69.02199521899999,0.0954545,0.09545454545454546,4.5454545460899e-08
varying,varying_20260913_131301,494,69.161992415,0.0954545,0.09545454545454546,4.5454545460899e-08
varying,varying_20260913_131301,495,69.300003085,0.0954545,0.09545454545454546,4.5454545460899e-08
varying,varying_20260913_131301,496,69.441986968,0.0954545,0.09545454545454546,4.5454545460899e-08
varying,varying_20260913_131301,497,69.58199635899999,0.0954545,0.09545454545454546,4.5454545460899e-08
varying,varying_20260913_131301,498,69.72000684599999,0.0954545,0.09545454545454546,4.5454545460899e-08
varying,varying_20260913_131301,499,69.86199904499999,0.0954545,0.09545454545454546,4.5454545460899e-08
varying,varying_20260913_131301,500,70.00199198899999,0.0954545,0.09545454545454546,4.5454545460899e-08
varying,varying_20260913_131301,501,70.140003795,0.0954545,0.09545454545454546,4.5454545460899e-08
varying,varying_20260913_131301,502,70.281994691,0.0954545,0.09545454545454546,4.5454545460899e-08
varying,varying_20260913_131301,503,70.421993496,0.0954545,0.09545454545454546,4.5454545460899e-08
varying,varying_20260913_131301,504,70.56199724199999,0.0954545,0.09545454545454546,4.5454545460899e-08
varying,varying_20260913_131301,505,70.701989324,0.0954545,0.09545454545454546,4.5454545460899e-08
varying,varying_20260913_131301,506,70.841989886,0.0954545,0.09545454545454546,4.5454545460899e-08
varying,varying_20260913_131301,507,70.98198773099999,0.0954545,0.09545454545454546,4.5454545460899e-08
varying,varying_20260913_131301,508,71.121981799,0.0954545,0.09545454545454546,4.5454545460899e-08
varying,varying_20260913_131301,509,71.261991979,0.0954545,0.09545454545454546,4.5454545460899e-08
varying,varying_20260913_131301,510,71.40198780099999,0.0954545,0.09545454545454546,4.5454545460899e-08
varying,varying_20260913_131301,511,71.540004114,0.0954545,0.09545454545454546,4.5454545460899e-08
varying,varying_20260913_131301,512,71.681974509,0.0954545,0.09545454545454546,4.5454545460899e-08
varying,varying_20260913_131301,513,71.821993454,0.0954545,0.09545454545454546,4.5454545460899e-08
varying,varying_20260913_131301,514,71.96199003599999,0.0954545,0.09545454545454546,4.5454545460899e-08
varying,varying_20260913_131301,515,72.10198905099999,0.0942376,0.09423763061363637,3.0613636362031293e-08
varying,varying_20260913_131301,516,72.240008155,0.0925908,0.09259081172727272,1.1727272722361626e-08
varying,varying_20260913_131301,517,72.381988505,0.0908967,0.09089672804545454,2.804545454204721e-08
varying,varying_20260913_131301,518,72.521994494,0.0892262,0.08922620206818184,2.068181834125049e-09
varying,varying_20260913_131301,519,72.66000690199999,0.0875795,0.08757946304545455,-3.6954545451495235e-08
varying,varying_20260913_131301,520,72.800007305,0.085909,0.08590900372727274,3.72727274045026e-09
varying,varying_20260913_131301,521,72.94199560499999,0.0842148,0.08421482522727272,2.5227272715255822e-08
varying,varying_20260913_131301,522,73.08200264099999,0.0825443,0.0825442866818182,-1.3318181807386864e-08
varying,varying_20260913_131301,523,73.22198682099999,0.080874,0.08087402081818182,2.0818181817316983e-08
varying,varying_20260913_131301,524,73.36199338499999,0.0792035,0.079203488,-1.199999999368373e-08
varying,varying_20260913_131301,525,73.50198899799999,0.0775331,0.07753308579545455,-1.420454544265315e-08
varying,varying_20260913_131301,526,73.64199204699999,0.0758626,0.07586259481818182,-5.181818182875553e-09
varying,varying_20260913_131301,527,73.78198898299999,0.0741922,0.07419217686363637,-2.313636363049376e-08
varying,varying_20260913_131301,528,73.92198979499999,0.0725217,0.07252171261363637,1.2613636371505699e-08
varying,varying_20260913_131301,529,74.06199117999999,0.0708512,0.07085124152272727,4.152272727042661e-08
varying,varying_20260913_131301,530,74.202012259,0.0691805,0.06918053561363638,3.56136363732773e-08
varying,varying_20260913_131301,531,74.34199060099999,0.0675103,0.06751033943181818,3.9431818185664547e-08
varying,varying_20260913_131301,532,74.481988469,0.0658399,0.0658399103409091,1.0340909087358519e-08
varying,varying_20260913_131301,533,74.62000392899999,0.0641931,0.06419313488636363,3.4886363631247974e-08
varying,varying_20260913_131301,534,74.76199158899999,0.062499,0.06249896402272728,-3.597727271653639e-08
varying,varying_20260913_131301,535,74.901988631,0.0608285,0.060828544795454555,4.479545455404743e-08
varying,varying_20260913_131301,536,75.04199450399999,0.059158,0.0591580200909091,2.0090909096104337e-08
varying,varying_20260913_131301,537,75.181997349,0.0574875,0.057487531659090915,3.165909091829011e-08
varying,varying_20260913_131301,538,75.321990988,0.0558172,0.055817153,-4.699999999607796e-08
varying,varying_20260913_131301,539,75.46198942599999,0.0541467,0.05414671706818182,1.7068181819290817e-08
varying,varying_20260913_131301,540,75.60199397,0.0524762,0.05247620827272728,8.272727280989045e-09
varying,varying_20260913_131301,541,75.74197940799999,0.0508059,0.05080592745454546,2.7454545456495616e-08
varying,varying_20260913_131301,542,75.881991484,0.0491353,0.049135328931818184,2.893181818425239e-08
varying,varying_20260913_131301,543,76.021991598,0.0474649,0.04746487295454546,-2.7045454535634672e-08
varying,varying_20260913_131301,544,76.161993235,0.0457944,0.04579439884090909,-1.1590909065883892e-09
varying,varying_20260913_131301,545,76.302015769,0.0441237,0.04412367543181819,-2.4568181808404255e-08
varying,varying_20260913_131301,546,76.441998112,0.0424534,0.042453431681818185,3.168181818280491e-08
varying,varying_20260913_131301,547,76.581978471,0.0407832,0.04078321147727272,1.1477272722493215e-08
varying,varying_20260913_131301,548,76.721997589,0.0391125,0.03911252879545455,2.8795454548591337e-08
varying,varying_20260913_131301,549,76.861987817,0.0374422,0.03744219086363637,-9.13636363092385e-09
varying,varying_20260913_131301,550,77.00198753,0.0357717,0.03577173965909092,3.965909092101816e-08
varying,varying_20260913_131301,551,77.141988648,0.0341013,0.03410127175000001,-2.824999999206934e-08
varying,varying_20260913_131301,552,77.28199157899999,0.0324308,0.03243078236363637,-1.763636363338872e-08
varying,varying_20260913_131301,553,77.42200314399999,0.0307602,0.030760189727272732,-1.0272727269527993e-08
varying,varying_20260913_131301,554,77.56199084699999,0.0290899,0.02908988186363637,-1.8136363629656094e-08
varying,varying_20260913_131301,555,77.701993229,0.0274194,0.027419399000000004,-9.999999960041972e-10
varying,varying_20260913_131301,556,77.84000403399999,0.0257727,0.02577267906818182,-2.0931818178054895e-08
varying,varying_20260913_131301,557,77.981993135,0.0240785,0.024078491022727275,-8.977272723809104e-09
varying,varying_20260913_131301,558,78.121998588,0.022408,0.022407971409090913,-2.8590909088160865e-08
varying,varying_20260913_131301,559,78.261992631,0.0207376,0.02073758797727273,-1.202272726860687e-08
varying,varying_20260913_131301,560,78.40000996699999,0.0190908,0.019090790090909093,-9.90909090892167e-09
varying,varying_20260913_131301,561,78.54198887,0.0173967,0.017396723750000002,2.3750000001376836e-08
varying,varying_20260913_131301,562,78.68197309499999,0.0157265,0.01572645740909091,-4.2590909091200224e-08
varying,varying_20260913_131301,563,78.820002757,0.0140795,0.014079512522727272,1.2522727271813139e-08
varying,varying_20260913_131301,564,78.961990012,0.0123853,0.012385346431818182,4.6431818181980056e-08
varying,varying_20260913_131301,565,79.10199510999999,0.0107148,0.010714831113636364,3.111363636350284e-08
varying,varying_20260913_131301,566,79.241992813,0.0090444,0.009044403931818183,3.9318181835334975e-09
varying,varying_20260913_131301,567,79.381990698,0.00737397,0.007373974681818183,4.681818183138731e-09
varying,varying_20260913_131301,568,79.520011215,0.00572714,0.005727138931818182,-1.068181818171532e-09
varying,varying_20260913_131301,569,79.66198703799999,0.00403311,0.004033109181818182,-8.181818183031209e-10
varying,varying_20260913_131301,570,79.80199280599999,0.00236259,0.0023625859090909093,-4.090909090648243e-09
varying,varying_20260913_131301,571,79.94198658299999,0.000692206,0.0006922055000000002,-4.999999998452423e-10
