time_s,step_index,total_mass_kg,base_pos_world_x_m,base_pos_world_y_m,base_pos_world_z_m,base_quat_w,base_quat_x,base_quat_y,base_quat_z,base_qvel_world_x_mps,base_qvel_world_y_mps,base_qvel_world_z_mps,base_angvel_body_x_radps,base_angvel_body_y_radps,base_angvel_body_z_radps,base_qacc_world_x_mps2,base_qacc_world_y_mps2,base_qacc_world_z_mps2,base_angacc_body_x_radps2,base_angacc_body_y_radps2,base_angacc_body_z_radps2,base_qfrc_constraint_trans_x_N,base_qfrc_constraint_trans_y_N,base_qfrc_constraint_trans_z_N,base_qfrc_constraint_rot_x_Nm,base_qfrc_constraint_rot_y_Nm,base_qfrc_constraint_rot_z_Nm,gravity_world_x_mps2,gravity_world_y_mps2,gravity_world_z_mps2,subtree_com_world_x_m,subtree_com_world_y_m,subtree_com_world_z_m,subtree_linvel_world_x_mps,subtree_linvel_world_y_mps,subtree_linvel_world_z_mps,total_contact_grf_world_x_N,total_contact_grf_world_y_N,total_contact_grf_world_z_N,total_contact_moment_world_x_Nm,total_contact_moment_world_y_Nm,total_contact_moment_world_z_Nm,reactive_obstacle_contact_count,reactive_obstacle_contact_force_N,reactive_obstacle_contact_normal_force_N,reactive_obstacle_contact_other_geom_id,phase2_terrain_foot_contact_mask,phase2_terrain_nonfoot_contact_count,phase2_terrain_nonfoot_contact_force_N,robot_collision_rear_bound_world_x_m,FR_sensor_force_site_x_N,FR_sensor_force_site_y_N,FR_sensor_force_site_z_N,FR_sensor_force_world_x_N,FR_sensor_force_world_y_N,FR_sensor_force_world_z_N,FR_contact_grf_world_x_N,FR_contact_grf_world_y_N,FR_contact_grf_world_z_N,FR_foot_contact_grf_world_x_N,FR_foot_contact_grf_world_y_N,FR_foot_contact_grf_world_z_N,FR_pos_world_x_m,FR_pos_world_y_m,FR_pos_world_z_m,FR_touch_N,FR_terrain_top_grf_world_z_N,FR_terrain_nontop_contact_force_N,FL_sensor_force_site_x_N,FL_sensor_force_site_y_N,FL_sensor_force_site_z_N,FL_sensor_force_world_x_N,FL_sensor_force_world_y_N,FL_sensor_force_world_z_N,FL_contact_grf_world_x_N,FL_contact_grf_world_y_N,FL_contact_grf_world_z_N,FL_foot_contact_grf_world_x_N,FL_foot_contact_grf_world_y_N,FL_foot_contact_grf_world_z_N,FL_pos_world_x_m,FL_pos_world_y_m,FL_pos_world_z_m,FL_touch_N,FL_terrain_top_grf_world_z_N,FL_terrain_nontop_contact_force_N,RR_sensor_force_site_x_N,RR_sensor_force_site_y_N,RR_sensor_force_site_z_N,RR_sensor_force_world_x_N,RR_sensor_force_world_y_N,RR_sensor_force_world_z_N,RR_contact_grf_world_x_N,RR_contact_grf_world_y_N,RR_contact_grf_world_z_N,RR_foot_contact_grf_world_x_N,RR_foot_contact_grf_world_y_N,RR_foot_contact_grf_world_z_N,RR_pos_world_x_m,RR_pos_world_y_m,RR_pos_world_z_m,RR_touch_N,RR_terrain_top_grf_world_z_N,RR_terrain_nontop_contact_force_N,RL_sensor_force_site_x_N,RL_sensor_force_site_y_N,RL_sensor_force_site_z_N,RL_sensor_force_world_x_N,RL_sensor_force_world_y_N,RL_sensor_force_world_z_N,RL_contact_grf_world_x_N,RL_contact_grf_world_y_N,RL_contact_grf_world_z_N,RL_foot_contact_grf_world_x_N,RL_foot_contact_grf_world_y_N,RL_foot_contact_grf_world_z_N,RL_pos_world_x_m,RL_pos_world_y_m,RL_pos_world_z_m,RL_touch_N,RL_terrain_top_grf_world_z_N,RL_terrain_nontop_contact_force_N,base_mass_matrix_qcoord_r0c0,base_mass_matrix_qcoord_r0c1,base_mass_matrix_qcoord_r0c2,base_mass_matrix_qcoord_r0c3,base_mass_matrix_qcoord_r0c4,base_mass_matrix_qcoord_r0c5,base_mass_matrix_qcoord_r1c0,base_mass_matrix_qcoord_r1c1,base_mass_matrix_qcoord_r1c2,base_mass_matrix_qcoord_r1c3,base_mass_matrix_qcoord_r1c4,base_mass_matrix_qcoord_r1c5,base_mass_matrix_qcoord_r2c0,base_mass_matrix_qcoord_r2c1,base_mass_matrix_qcoord_r2c2,base_mass_matrix_qcoord_r2c3,base_mass_matrix_qcoord_r2c4,base_mass_matrix_qcoord_r2c5,base_mass_matrix_qcoord_r3c0,base_mass_matrix_qcoord_r3c1,base_mass_matrix_qcoord_r3c2,base_mass_matrix_qcoord_r3c3,base_mass_matrix_qcoord_r3c4,base_mass_matrix_qcoord_r3c5,base_mass_matrix_qcoord_r4c0,base_mass_matrix_qcoord_r4c1,base_mass_matrix_qcoord_r4c2,base_mass_matrix_qcoord_r4c3,base_mass_matrix_qcoord_r4c4,base_mass_matrix_qcoord_r4c5,base_mass_matrix_qcoord_r5c0,base_mass_matrix_qcoord_r5c1,base_mass_matrix_qcoord_r5c2,base_mass_matrix_qcoord_r5c3,base_mass_matrix_qcoord_r5c4,base_mass_matrix_qcoord_r5c5,base_mass_qacc_qfrc_qcoord_trans_x_N,base_mass_qacc_qfrc_qcoord_trans_y_N,base_mass_qacc_qfrc_qcoord_trans_z_N,base_mass_qacc_qfrc_qcoord_rot_x_Nm,base_mass_qacc_qfrc_qcoord_rot_y_Nm,base_mass_qacc_qfrc_qcoord_rot_z_Nm,base_qfrc_smooth_qcoord_trans_x_N,base_qfrc_smooth_qcoord_trans_y_N,base_qfrc_smooth_qcoord_trans_z_N,base_qfrc_smooth_qcoord_rot_x_Nm,base_qfrc_smooth_qcoord_rot_y_Nm,base_qfrc_smooth_qcoord_rot_z_Nm,base_qfrc_bias_qcoord_trans_x_N,base_qfrc_bias_qcoord_trans_y_N,base_qfrc_bias_qcoord_trans_z_N,base_qfrc_bias_qcoord_rot_x_Nm,base_qfrc_bias_qcoord_rot_y_Nm,base_qfrc_bias_qcoord_rot_z_Nm,base_qfrc_passive_qcoord_trans_x_N,base_qfrc_passive_qcoord_trans_y_N,base_qfrc_passive_qcoord_trans_z_N,base_qfrc_passive_qcoord_rot_x_Nm,base_qfrc_passive_qcoord_rot_y_Nm,base_qfrc_passive_qcoord_rot_z_Nm,base_qfrc_actuator_qcoord_trans_x_N,base_qfrc_actuator_qcoord_trans_y_N,base_qfrc_actuator_qcoord_trans_z_N,base_qfrc_actuator_qcoord_rot_x_Nm,base_qfrc_actuator_qcoord_rot_y_Nm,base_qfrc_actuator_qcoord_rot_z_Nm,base_qfrc_applied_qcoord_trans_x_N,base_qfrc_applied_qcoord_trans_y_N,base_qfrc_applied_qcoord_trans_z_N,base_qfrc_applied_qcoord_rot_x_Nm,base_qfrc_applied_qcoord_rot_y_Nm,base_qfrc_applied_qcoord_rot_z_Nm,base_dynamics_residual_qcoord_trans_x_N,base_dynamics_residual_qcoord_trans_y_N,base_dynamics_residual_qcoord_trans_z_N,base_dynamics_residual_qcoord_rot_x_Nm,base_dynamics_residual_qcoord_rot_y_Nm,base_dynamics_residual_qcoord_rot_z_Nm,full_mass_qacc_qfrc_qcoord_base_qcoord_trans_x,full_mass_qacc_qfrc_qcoord_base_qcoord_trans_y,full_mass_qacc_qfrc_qcoord_base_qcoord_trans_z,full_mass_qacc_qfrc_qcoord_base_qcoord_rot_x,full_mass_qacc_qfrc_qcoord_base_qcoord_rot_y,full_mass_qacc_qfrc_qcoord_base_qcoord_rot_z,full_mass_qacc_qfrc_qcoord_FL_hip_joint,full_mass_qacc_qfrc_qcoord_FL_thigh_joint,full_mass_qacc_qfrc_qcoord_FL_calf_joint,full_mass_qacc_qfrc_qcoord_FR_hip_joint,full_mass_qacc_qfrc_qcoord_FR_thigh_joint,full_mass_qacc_qfrc_qcoord_FR_calf_joint,full_mass_qacc_qfrc_qcoord_RL_hip_joint,full_mass_qacc_qfrc_qcoord_RL_thigh_joint,full_mass_qacc_qfrc_qcoord_RL_calf_joint,full_mass_qacc_qfrc_qcoord_RR_hip_joint,full_mass_qacc_qfrc_qcoord_RR_thigh_joint,full_mass_qacc_qfrc_qcoord_RR_calf_joint,full_qfrc_smooth_qcoord_base_qcoord_trans_x,full_qfrc_smooth_qcoord_base_qcoord_trans_y,full_qfrc_smooth_qcoord_base_qcoord_trans_z,full_qfrc_smooth_qcoord_base_qcoord_rot_x,full_qfrc_smooth_qcoord_base_qcoord_rot_y,full_qfrc_smooth_qcoord_base_qcoord_rot_z,full_qfrc_smooth_qcoord_FL_hip_joint,full_qfrc_smooth_qcoord_FL_thigh_joint,full_qfrc_smooth_qcoord_FL_calf_joint,full_qfrc_smooth_qcoord_FR_hip_joint,full_qfrc_smooth_qcoord_FR_thigh_joint,full_qfrc_smooth_qcoord_FR_calf_joint,full_qfrc_smooth_qcoord_RL_hip_joint,full_qfrc_smooth_qcoord_RL_thigh_joint,full_qfrc_smooth_qcoord_RL_calf_joint,full_qfrc_smooth_qcoord_RR_hip_joint,full_qfrc_smooth_qcoord_RR_thigh_joint,full_qfrc_smooth_qcoord_RR_calf_joint,full_qfrc_constraint_qcoord_base_qcoord_trans_x,full_qfrc_constraint_qcoord_base_qcoord_trans_y,full_qfrc_constraint_qcoord_base_qcoord_trans_z,full_qfrc_constraint_qcoord_base_qcoord_rot_x,full_qfrc_constraint_qcoord_base_qcoord_rot_y,full_qfrc_constraint_qcoord_base_qcoord_rot_z,full_qfrc_constraint_qcoord_FL_hip_joint,full_qfrc_constraint_qcoord_FL_thigh_joint,full_qfrc_constraint_qcoord_FL_calf_joint,full_qfrc_constraint_qcoord_FR_hip_joint,full_qfrc_constraint_qcoord_FR_thigh_joint,full_qfrc_constraint_qcoord_FR_calf_joint,full_qfrc_constraint_qcoord_RL_hip_joint,full_qfrc_constraint_qcoord_RL_thigh_joint,full_qfrc_constraint_qcoord_RL_calf_joint,full_qfrc_constraint_qcoord_RR_hip_joint,full_qfrc_constraint_qcoord_RR_thigh_joint,full_qfrc_constraint_qcoord_RR_calf_joint,full_qfrc_actuator_qcoord_base_qcoord_trans_x,full_qfrc_actuator_qcoord_base_qcoord_trans_y,full_qfrc_actuator_qcoord_base_qcoord_trans_z,full_qfrc_actuator_qcoord_base_qcoord_rot_x,full_qfrc_actuator_qcoord_base_qcoord_rot_y,full_qfrc_actuator_qcoord_base_qcoord_rot_z,full_qfrc_actuator_qcoord_FL_hip_joint,full_qfrc_actuator_qcoord_FL_thigh_joint,full_qfrc_actuator_qcoord_FL_calf_joint,full_qfrc_actuator_qcoord_FR_hip_joint,full_qfrc_actuator_qcoord_FR_thigh_joint,full_qfrc_actuator_qcoord_FR_calf_joint,full_qfrc_actuator_qcoord_RL_hip_joint,full_qfrc_actuator_qcoord_RL_thigh_joint,full_qfrc_actuator_qcoord_RL_calf_joint,full_qfrc_actuator_qcoord_RR_hip_joint,full_qfrc_actuator_qcoord_RR_thigh_joint,full_qfrc_actuator_qcoord_RR_calf_joint
19.98,9989,15.206408,1.64264134053,-0.00438082913749,0.374278780794,0.999992738117,-0.000846915966597,0.00366449168242,0.00061477465561,0.655312767872,0.0247859990698,0.034098409157,-0.0901320936598,0.00216628833862,-0.0773853606274,1.04637371476,-0.0967601372735,-0.713400113971,4.94137808933,-0.906603651363,2.55358405235,10.9273785775,-1.63972355937,129.154000351,-0.0572952185558,2.49266300965,1.31706608199,0,0,-9.81,1.63977892715,-0.00463169025256,0.346874827917,0.68268368964,0.0236483763884,-0.0176297615134,10.9273785775,-1.63972355937,129.154000351,-0.0511133748713,2.49462100365,1.31360882958,0,0,0,-1,0,0,0,1.26905276323,-30.657787729,-1.40461730406,-50.8623186851,-6.01928125207,-1.28885744057,-59.0843080686,6.35433974712,1.28511595805,61.1164317278,6.35433974712,1.28511595805,61.1164317278,1.78271139792,-0.145498893733,0.022267032883,61.1164317278,0,0,-3.64124925693,-2.05797921353,1.68366675837,-3.95025881738,-2.06528771368,-0.677311068199,0,0,0,0,0,0,1.82135358572,0.136928522252,0.0317385383613,0,0,0,-3.30341931888,1.7219199497,1.62719966411,-3.64743808036,1.71122795726,-0.541535395561,0,0,0,0,0,0,1.43627075516,-0.150173518145,0.033966290811,0,0,0,-33.1282514605,4.17296245762,-56.9610429988,-4.36500758486,2.81118044498,-65.8217217437,4.57303883041,-2.92483951743,68.0375686229,4.57303883041,-2.92483951743,68.0375686229,1.40213594917,0.129980685814,0.0225623809519,68.0375686229,0,0,15.206408,0,0,-0.000596575050655,-0.415682478977,0.00241616423796,0,15.206408,0,0.415840064467,-0.000542493092231,-0.0205503911934,0,0,15.206408,-0.00302820676599,0.0236013305304,1.41644449728e-05,-0.000596575050655,0.415840064467,-0.00302820676599,0.215909140603,-0.000745430222821,-0.0240112684609,-0.415682478977,-0.000542493092231,0.0236013305304,-0.000745430222821,0.522918767406,-0.000294936624222,0.00241616423796,-0.0205503911934,1.41644449728e-05,-0.0240112684609,-0.000294936624222,0.528136090685,5.70088996722,-1.62195300236,-27.5039653552,-0.0371606255064,2.75796649007,1.2472363061,-5.22648861031,0.0177705570151,-156.657965706,0.0201345930494,0.265303480418,-0.069829775886,5.22648861031,-0.0177705570151,156.657965706,-0.0201345930494,-0.265303480418,0.069829775886,0,0,0,0,0,0,0,0,0,0,0,0,0,0,0,0,0,0,1.33049127271e-12,-3.77031739163e-13,-8.52651282912e-13,-2.94902990916e-14,-3.94795307557e-13,1.35003119794e-13,5.70088996722,-1.62195300236,-27.5039653552,-0.0371606255064,2.75796649007,1.2472363061,-1.96648164506,1.32997197355,3.43800705765,0.0810682803466,-0.296157370377,0.148488720446,-0.129525792382,-0.227274438746,0.124007283807,1.75990594517,1.22310975573,3.28552658467,-5.22648861031,0.0177705570151,-156.657965706,0.0201345930494,0.265303480418,-0.069829775886,-1.91078311295,1.12997197355,3.63800705765,5.58065008126,-0.421582382886,7.76589645941,-5.25734867094,-0.863874502651,8.28797456064,1.95990594517,1.02310975573,3.48552658467,10.9273785775,-1.63972355937,129.154000351,-0.0572952185558,2.49266300965,1.31706608199,-0.0556985321168,0.2,-0.2,-5.49958180091,0.125425012509,-7.61740773896,5.12782287856,0.636600063905,-8.16396727683,-0.2,0.2,-0.2,0,0,0,0,0,0,-0.428488524926,0.541924991348,4.12115144822,4.50791905591,0.184457416734,7.68743293488,-4.18297369082,-0.265712782206,8.19457621774,0.465145037044,0.472722693452,3.97615078467
19.982,9990,15.206408,1.64395976019,-0.00433130263847,0.374335339059,0.999992759524,-0.000916797959327,0.00365162308211,0.000553200103452,0.659209832338,0.0247632495113,0.028279132574,-0.0802504795544,0.000305924769622,-0.0723312695924,1.96359429148,-0.0112113240621,-2.94249234535,8.69438029034,6.55063455647,1.94546551394,5.78743173607,-1.34250829432,145.090685875,-0.439651417902,4.63119932278,1.32393867522,0,0,-9.81,1.64114646307,-0.00458482158113,0.346833341932,0.684100648442,0.0234335857815,-0.0202370072959,5.78743173607,-1.34250829432,145.090685875,-0.435660595034,4.63289981678,1.31930030165,0,0,0,-1,0,0,0,1.2701737099,-32.1483405417,-1.88316860371,-60.9072439434,-3.37424269131,-1.74745511365,-68.7918263695,3.83171269309,1.75586279243,70.6777699871,3.83171269309,1.75586279243,70.6777699871,1.78279030109,-0.145496284589,0.022312757697,70.6777699871,0,0,6.98535618994,-5.84294248076,17.3965447477,-3.98904348611,-5.80766138937,18.3284900727,0,0,0,0,0,0,1.82370670253,0.137086078431,0.0290766907035,0,0,0,6.87772477846,4.57474864814,16.8385662924,-3.71264245739,4.75772512977,17.7580707195,0,0,0,0,0,0,1.43851681732,-0.150273785972,0.0313991440482,0,0,0,-33.594158053,4.42608196325,-64.0846206561,-1.92776881808,2.91753166995,-72.4069608381,1.95571904299,-3.09837108675,74.4129158879,1.95571904299,-3.09837108675,74.4129158879,1.40222139732,0.129991352255,0.0225702680975,74.4129158879,0,0,15.206408,0,0,-0.000533291457183,-0.417350867149,0.0023931143746,0,15.206408,0,0.417501639766,-0.000477333903412,-0.019672804361,0,0,15.206408,-0.0030740982049,0.0227355000143,1.58747945437e-05,-0.000533291457183,0.417501639766,-0.0030740982049,0.216727967767,-0.000764452449775,-0.023983400937,-0.417350867149,-0.000477333903412,0.0227355000143,-0.000764452449775,0.523565029739,-0.000291983648315,0.0023931143746,-0.019672804361,1.58747945437e-05,-0.023983400937,-0.000291983648315,0.528007964841,0.755560309903,-1.33058784179,-11.805629718,-0.420788597915,4.86402518319,1.27792659333,-5.0318714267,0.0119204521432,-156.896315593,0.0188628198333,0.232825860599,-0.0460120820685,5.0318714267,-0.0119204521432,156.896315593,-0.0188628198333,-0.232825860599,0.0460120820685,0,0,0,0,0,0,0,0,0,0,0,0,0,0,0,0,0,0,5.28376453701e-10,3.87650134215e-10,-1.14539489005e-10,1.5352957794e-10,-1.92933669041e-10,1.81176629255e-10,0.755560309903,-1.33058784179,-11.805629718,-0.420788597915,4.86402518319,1.27792659333,-1.72402711352,7.01668013461,-7.01929976693,0.138948594326,-0.278395370957,0.175576970039,-0.419945638021,0.00413504393934,-0.0892597648419,1.27092943675,6.81176033341,-7.04902787857,-5.0318714267,0.0119204521432,-156.896315593,0.0188628198333,0.232825860599,-0.0460120820685,-1.92402711352,6.81668013461,-6.81929976693,5.96532776413,-1.84716574509,8.14432025077,-5.95674276336,-1.93904532631,8.11324713103,1.47092943675,6.61176033341,-6.84902787857,5.78743173607,-1.34250829432,145.090685875,-0.439651417902,4.63119932278,1.32393867522,0.2,0.2,-0.2,-5.82637917005,1.56877037429,-7.96874328065,5.53679712542,1.9431803703,-8.20250689585,-0.2,0.2,-0.2,0,0,0,0,0,0,-0.448834996964,6.24160004437,-6.29153092139,4.89080439161,-1.23890313152,8.07015702294,-4.88344979286,-1.33902262736,8.02373380663,-0.0150186642192,6.07394206152,-6.315210981
19.984,9991,15.206408,1.64528670038,-0.0042818108801,0.374377446909,0.999992815861,-0.00098158391265,0.00362565047797,0.000509290746764,0.663470094563,0.0247458791825,0.0210539247826,-0.0630419077626,0.0130916149549,-0.0685189550674,2.14775641771,-0.00859177812064,-3.6563944319,9.00798178179,6.7032854789,2.40436607469,5.4343249937,-1.16730629219,145.292560826,-0.37610698667,4.95940347952,1.2396397365,0,0,-9.81,1.64251541289,-0.00453830813384,0.346790601389,0.684748452985,0.0232548604639,-0.0209495114789,5.4343249937,-1.16730629219,145.292560826,-0.372564906502,4.9612564938,1.23327831719,0,0,0,-1,0,0,0,1.27129592259,-31.7732215867,-1.92346894092,-61.1187924291,-3.24271488836,-1.79269975379,-68.8114464206,3.62185237663,1.80112526361,70.7561110022,3.62185237663,1.80112526361,70.7561110022,1.78287267212,-0.145493597403,0.0223505197393,70.7561110022,0,0,9.79831125735,-6.19380841581,20.2811649631,-3.14134438672,-6.14947339404,22.3161768874,0,0,0,0,0,0,1.8260593932,0.1371267486,0.0267134721264,0,0,0,9.56666310919,4.95123779109,19.5840886193,-2.87792899363,5.17898256935,21.5515194363,0,0,0,0,0,0,1.4407673462,-0.150274803494,0.0291209870283,0,0,0,-33.2945838248,4.3070309166,-64.3533154239,-1.85084143941,2.78287645852,-72.506958411,1.81247261707,-2.9684315558,74.5364498236,1.81247261707,-2.9684315558,74.5364498236,1.40230803058,0.13000107493,0.0225738969037,74.5364498236,0,0,15.206408,0,0,-0.000483607345945,-0.418861317837,0.00237802049198,0,15.206408,0,0.419005517293,-0.000426041227123,-0.0189041464021,0,0,15.206408,-0.0031235711423,0.0219667877355,1.73744518319e-05,-0.000483607345945,0.419005517293,-0.0031235711423,0.217444494314,-0.000771425133784,-0.0239558719398,-0.418861317837,-0.000426041227123,0.0219667877355,-0.000771425133784,0.524153933902,-0.00028998816734,0.00237802049198,-0.0189041464021,1.73744518319e-05,-0.0239558719398,-0.00028998816734,0.52789062149,1.29531168521,-1.13890693235,-10.3003377588,-0.353533849648,5.13177649844,1.25110833804,-4.13901330849,0.0283993598408,-155.592898585,0.0225731370213,0.172373018923,0.0114686015399,4.13901330849,-0.0283993598408,155.592898585,-0.0225731370213,-0.172373018923,-0.0114686015399,0,0,0,0,0,0,0,0,0,0,0,0,0,0,0,0,0,0,-1.44773082411e-13,4.05897537803e-13,-8.52651282912e-14,1.54487533877e-13,3.64153152077e-14,3.19744231092e-14,1.29531168521,-1.13890693235,-10.3003377588,-0.353533849648,5.13177649844,1.25110833804,-1.37148956189,7.80316539778,-9.7514640565,0.175818881599,-0.18926791722,0.100014262827,-0.469382328702,0.0766303783082,-0.154574956424,0.955267555837,7.56664411763,-9.70621862387,-4.13901330849,0.0283993598408,-155.592898585,0.0225731370213,0.172373018923,0.0114686015399,-1.57148956189,7.60316539778,-9.5514640565,5.99170061141,-1.92629291617,7.97317591023,-5.95486762262,-2.01786675245,7.9695275473,1.15526755584,7.36664411763,-9.50621862387,5.4343249937,-1.16730629219,145.292560826,-0.37610698667,4.95940347952,1.2396397365,0.2,0.2,-0.2,-5.81588172981,1.73702499895,-7.87316164741,5.48548529391,2.09449713075,-8.12410250372,-0.2,0.2,-0.2,0,0,0,0,0,0,-0.21346949623,7.12211646745,-9.07873325434,4.91452493333,-1.31371594073,7.90378346629,-4.8823547393,-1.41275705435,7.87874827037,-0.218019744339,6.92029324483,-9.03007474692
19.986,9992,15.206408,1.64661766153,-0.00423225013041,0.374366938789,0.999992876796,-0.00104351772685,0.00359523100303,0.000481395953357,0.665480577126,0.0247803748465,-0.00525405973985,-0.0452403458664,0.0261492093875,-0.0637915405889,1.02814242323,0.0165905313926,-13.2216443519,8.14816506996,2.43185896363,1.27086995711,-22.8628957638,0.570519835351,29.1433110494,-0.0671622412496,9.86950792474,0.57976217756,0,0,-9.81,1.64388568121,-0.00449210344487,0.346746643263,0.685348575404,0.0230996364193,-0.0216530229414,-22.8628957638,0.570519835351,29.1433110494,-0.0730800951906,9.87055615788,0.560893982364,0,0,0,-1,0,0,0,1.27241856097,7.63938617638,-3.02496998008,-14.6496508166,13.0328226559,-2.99309794482,-10.1641444251,-11.9279459036,2.41516920627,15.2530408486,-11.9279459036,2.41516920627,15.2530408486,1.78295784205,-0.145490838742,0.0223815390736,15.2530408486,0,0,9.07392157362,-5.39849527039,22.5555477551,-4.89809475604,-5.34475510177,23.8259270355,0,0,0,0,0,0,1.82846073554,0.137044332644,0.0247309492701,0,0,0,9.06253654424,5.27857805987,22.1894215837,-4.62673267188,5.52123001501,23.4621556783,0,0,0,0,0,0,1.44307042153,-0.150168670479,0.0272100934909,0,0,0,6.67011288476,2.30880285095,-12.8702429172,11.5815539084,2.13730800405,-8.76148690633,-10.9349498603,-1.84464937091,13.8902702009,-10.9349498603,-1.84464937091,13.8902702009,1.40239538658,0.130009818605,0.0225738672697,13.8902702009,0,0,15.206408,0,0,-0.000448170062811,-0.420170511929,0.0023713036052,0,15.206408,0,0.420308514517,-0.000389214863076,-0.0182575650639,0,0,15.206408,-0.00317616026611,0.0213076969441,1.87178188551e-05,-0.000448170062811,0.420308514517,-0.00317616026611,0.218032295522,-0.000765521197075,-0.023927842276,-0.420170511929,-0.000389214863076,0.0213076969441,-0.000765521197075,0.524664231725,-0.000289079584103,0.0023713036052,-0.0182575650639,1.87178188551e-05,-0.023927842276,-0.000289079584103,0.527786771437,-26.1092777659,0.611471474638,-125.002409518,-0.0413661335654,9.98264951051,0.637215970867,-3.24638200514,0.0409516293948,-154.145720565,0.0257961037477,0.113141586648,0.057453791634,3.24638200514,-0.0409516293948,154.145720565,-0.0257961037477,-0.113141586648,-0.057453791634,0,0,0,0,0,0,0,0,0,0,0,0,0,0,0,0,0,0,3.08337178012e-09,9.89168968957e-09,-2.29824337339e-09,3.93649569885e-09,-8.77646399999e-10,1.67309222032e-09,-26.1092777659,0.611471474638,-125.002409518,-0.0413661335654,9.98264951051,0.637215970867,-1.33305404049,9.426728329,-11.601050582,0.186900733586,0.901568670134,-2.79072801158,-0.460891183619,1.09556102785,-2.8841256963,1.40893552136,9.30507051891,-11.7581848582,-3.24638200514,0.0409516293948,-154.145720565,0.0257961037477,0.113141586648,0.057453791634,-1.53305404049,9.226728329,-11.801050582,0.516361090329,-4.21671566915,-4.24042785284,-0.786611170754,-3.49314952035,-4.17182975232,1.60893552136,9.10507051891,-11.9581848582,-22.8628957638,0.570519835351,29.1433110494,-0.0671622412496,9.86950792474,0.57976217756,0.2,0.2,0.2,-0.329460360507,5.11828434049,1.4496998417,0.32571998704,4.58871054818,1.28770405598,-0.2,0.2,0.2,0,0,0,0,0,0,-0.292639502598,8.8519642849,-11.4209472345,-0.563723541572,-3.59902458966,-4.30673578336,0.285115103992,-2.88231728118,-4.26539382586,0.349553266354,8.76203558247,-11.5767013006
19.988,9993,15.206408,1.647956558,-0.00418425174225,0.374288431447,0.999993083756,-0.00108000486986,0.00352833887562,0.000465675384711,0.669448230958,0.0239991940809,-0.0392536713255,-0.0291579340018,0.0305569745153,-0.0612809203988,2.0225831929,-0.391088152083,-17.1248496813,6.45579955223,18.5760393813,12.4995731712,-32.5808149071,3.36206517896,41.2222548137,4.83001874934,7.96857631324,3.5378033037,0,0,-9.81,1.64524982787,-0.0044457466961,0.346670911317,0.682231537217,0.0231767069013,-0.0376377041044,-32.5808149071,3.36206517896,41.2222548137,4.84759453539,7.98056500819,3.48636647029,0,0,0,-1,0,0,0,1.27351116987,16.7079105805,1.31829766762,1.61867920846,14.5605891097,1.31771246551,8.35255564025,-6.16513442277,-0.3337266964,7.72754240274,-6.16513442277,-0.3337266964,7.72754240274,1.78309694355,-0.145500263975,0.0224703202291,7.72754240274,0,0,7.03270482585,-4.99438453162,7.29674351799,1.86045644913,-4.96154245517,9.97833043405,-20.9776646136,3.78676760092,26.6863113737,-20.9776646136,3.78676760092,26.6863113737,1.83090365237,0.136855809704,0.0231634356566,26.6863113737,0,0,12.2294714993,5.58194650033,28.6082242475,-5.42217420527,5.88405376357,30.5798386633,0,0,0,0,0,0,1.44542170557,-0.149949548655,0.0257086060192,0,0,0,15.115699677,-0.0869235001025,2.09301642976,12.7510149374,0.105791269855,8.38290382077,-5.43801587069,-0.0909757255584,6.80840103728,-5.43801587069,-0.0909757255584,6.80840103728,1.40253150718,0.130027142902,0.0226339634621,6.80840103728,0,0,15.206408,0,0,-0.000425670698083,-0.421162745613,0.00236600354385,0,15.206408,0,0.421295591305,-0.000365306162485,-0.0177713844408,0,0,15.206408,-0.0032265607499,0.0208029319388,2.01411643562e-05,-0.000425670698083,0.421295591305,-0.0032265607499,0.218439547515,-0.000745958695678,-0.0238973413804,-0.421162745613,-0.000365306162485,0.0208029319388,-0.000745958695678,0.525050952483,-0.000287723341128,0.00236600354385,-0.0177713844408,2.01411643562e-05,-0.0238973413804,-0.000287723341128,0.527708132412,-34.9785838199,3.38715558044,-111.430807844,4.85143532595,8.02578004641,3.62226550565,-2.39776898714,0.0250903984801,-152.653062565,0.0214165929337,0.0572037716212,0.0844622173176,2.39776898714,-0.0250903984801,152.653062565,-0.0214165929337,-0.0572037716212,-0.0844622173176,0,0,0,0,0,0,0,0,0,0,0,0,0,0,0,0,0,0,7.43584820384e-08,2.99452507235e-09,-9.34105770511e-08,-1.63284932242e-08,-3.84503344719e-08,-1.53638075595e-08,-34.9785838199,3.38715558044,-111.430807844,4.85143532595,8.02578004641,3.62226550565,3.24230821513,20.5320257849,-15.3092965765,-0.299901021683,1.77662143148,-10.8053346775,-0.0653568032206,1.94191659945,-10.5973303686,0.979382575945,12.2640414354,-16.6670660899,-2.39776898714,0.0250903984801,-152.653062565,0.0214165929337,0.0572037716212,0.0844622173176,-0.884309971788,12.6194692584,-16.6536245627,0.524039465944,-0.782495387791,-11.682521031,-0.828655233374,-0.250880085625,-11.3603703941,1.17938257594,12.4640414354,-16.8670660899,-32.5808149071,3.36206517896,41.2222548137,4.83001874934,7.96857631324,3.5378033037,4.12661819467,7.9125565412,1.34432798891,-0.82394048442,2.5591168132,0.877186352065,0.76329843468,2.1927967078,0.763040030886,-0.2,-0.2,0.2,0,0,0,0,0,0,0.255241492247,12.3766049294,-16.3991072037,-0.559031738861,-0.153854555733,-11.7959697924,0.243722309751,0.370801109759,-11.504144681,0.0263553540382,12.251012069,-16.6159747714
19.99,9994,15.206408,1.64930795564,-0.00413621807896,0.374143872271,0.999993420583,-0.00110687698607,0.00342218805642,0.000471427229546,0.675698823746,0.0240168316429,-0.0722795881208,-0.0163577676865,0.0669717377194,-0.0360590794813,3.16846948211,0.00834318648687,-16.6269691014,11.0824504836,20.0090559175,4.6630520927,-23.8896025888,-0.279952638592,30.6877581277,-0.194082527379,10.6881602756,1.01709416465,0,0,-9.81,1.64660528985,-0.0043984942015,0.346566568499,0.677830818225,0.0236302898201,-0.0520492387058,-23.8896025888,-0.279952638592,30.6877581277,-0.196937192356,10.6901516884,0.995384983555,0,0,0,-1,0,0,0,1.27453083755,5.80962301196,-3.72550104965,-16.423432774,12.0357145431,-3.69407153216,-12.6037943749,-11.9312805979,2.66382418307,15.2872483785,-11.9312805979,2.66382418307,15.2872483785,1.78352356302,-0.145490081766,0.0228348817392,15.2872483785,0,0,17.4748689275,-7.46844986663,41.126914434,-8.01303686123,-7.30796152574,43.9881440493,0,0,0,0,0,0,1.83316285913,0.13664694481,0.0222248978341,0,0,0,16.5777281007,6.66444365682,39.3752795742,-7.67995800513,7.04425231965,41.9648099493,0,0,0,0,0,0,1.44786581973,-0.149611361372,0.0247625771427,0,0,0,3.6549650813,3.62854608109,-16.8141915064,10.4987249704,3.34698634457,-13.704619981,-11.9583219909,-2.94377682166,15.4005097492,-11.9583219909,-2.94377682166,15.4005097492,1.40293460498,0.13004761765,0.0229578204019,15.4005097492,0,0,15.206408,0,0,-0.00041238820049,-0.421555818521,0.00234583854819,0,15.206408,0,0.421684299591,-0.000351504989589,-0.0175730776225,0,0,15.206408,-0.00323879511636,0.0205509369546,2.14647354583e-05,-0.00041238820049,0.421684299591,-0.00323879511636,0.218538400468,-0.000707031349173,-0.0238722714771,-0.421555818521,-0.000351504989589,0.0205509369546,-0.000707031349173,0.525178986583,-0.000287608813135,0.00234583854819,-0.0175730776225,2.14647354583e-05,-0.0238722714771,-0.000287608813135,0.527654460406,-25.4056298465,-0.341313197546,-120.34646563,-0.164557874977,10.636344985,1.0753604916,-1.51602725772,-0.0613605589534,-151.034223757,0.0295246524011,-0.0518152906361,0.0582663269502,1.51602725772,0.0613605589534,151.034223757,-0.0295246524011,0.0518152906361,-0.0582663269502,0,0,0,0,0,0,0,0,0,0,0,0,0,0,0,0,0,0,5.03064256918e-12,-6.30440144533e-13,-6.83186840433e-12,7.17731429845e-13,-9.7699626167e-13,6.22168983e-13,-25.4056298465,-0.341313197546,-120.34646563,-0.164557874977,10.636344985,1.0753604916,0.310045630595,17.1762692058,-22.8683507376,0.179527975637,0.801774434782,-1.10852197292,-1.26611719045,1.43509368203,-1.13218955728,0.0294032395831,16.8057453972,-22.8242177153,-1.51602725772,-0.0613605589534,-151.034223757,0.0295246524011,-0.0518152906361,0.0582663269502,0.110045630595,17.3762692058,-23.0683507376,0.421955168255,-4.35614531953,-2.58802195988,-1.30976830024,-3.64627141664,-2.53392558006,0.229403239583,17.0057453972,-23.0242177153,-23.8896025888,-0.279952638592,30.6877581277,-0.194082527379,10.6881602756,1.01709416465,0.2,-0.2,0.2,-0.242427192618,5.15791975431,1.47949998696,0.04365110979,5.08136509868,1.40173602278,-0.2,-0.2,0.2,0,0,0,0,0,0,1.17095683627,17.3775460659,-23.0003183402,-0.66236885982,-3.70394107261,-2.87051219906,-0.236629739145,-3.00013005368,-2.84751657032,-0.83753157116,16.9754375893,-22.9816899959
19.992,9995,15.206408,1.65066676292,-0.0040884951198,0.373960984401,0.999993777826,-0.00111468744349,0.00330920472517,0.000500943470375,0.679403640553,0.0238614795798,-0.091443934784,0.00540089696628,0.106172754034,-0.026860395392,1.88058188531,-0.0779646879305,-9.6414005557,12.2179904981,3.63813433963,9.30304121566,-28.1261082157,1.75323394018,75.6491358391,1.36343244583,13.0404308554,4.10029564893,0,0,-9.81,1.64795435123,-0.00435131698999,0.346430957851,0.674572025719,0.0235918110281,-0.0677330694079,-28.1261082157,1.75323394018,75.6491358391,1.379065466,13.0507585023,4.06203031653,0,0,0,-1,0,0,0,1.27553101426,-5.637200175,-9.87916699389,-37.0533923717,10.0055568518,-9.81737428044,-36.1363784417,-12.1773663899,9.80464006309,34.4067663075,-12.1773663899,9.80464006309,34.4067663075,1.78396268076,-0.145501191194,0.0232081634681,34.4067663075,0,0,7.35986214562,-3.13103072801,20.9155452663,-5.42386364094,-3.02932190825,21.5136205691,-4.57139149072,1.06391373205,5.87914441198,-4.57139149072,1.06391373205,5.87914441198,1.83553714072,0.136294913946,0.0220994914616,5.87914441198,0,0,7.10768648206,3.38589298629,26.7950951195,-8.82620325917,3.58712427899,26.252452768,0,0,0,0,0,0,1.45043126628,-0.149131189021,0.0245961139526,0,0,0,-7.30969627408,9.50260757162,-36.8823878572,9.12755217255,8.72645299181,-36.6684953857,-11.3773503351,-9.11531985496,35.3632251197,-11.3773503351,-9.11531985496,35.3632251197,1.40332547079,0.130079386144,0.0232747747786,35.3632251197,0,0,15.206408,0,0,-0.000416527174516,-0.421419893929,0.00233653690823,0,15.206408,0,0.42154472705,-0.000355021923494,-0.0176990720515,0,0,15.206408,-0.00325155259209,0.0205865100919,2.32492493529e-05,-0.000416527174516,0.42154472705,-0.00325155259209,0.218342541511,-0.000649846177916,-0.0238638025122,-0.421419893929,-0.000355021923494,0.0205865100919,-0.000649846177916,0.52510522351,-0.000288535286347,0.00233653690823,-0.0176990720515,2.32492493529e-05,-0.0238638025122,-0.000288535286347,0.527653250828,-28.7549771932,1.70451419318,-74.6237225677,1.39254490166,12.8429157295,4.13892680521,-0.628868967553,-0.0487197468028,-150.272858384,0.0291124580044,-0.197515125553,0.0386311542368,0.628868967553,0.0487197468028,150.272858384,-0.0291124580044,0.197515125553,-0.0386311542368,0,0,0,0,0,0,0,0,0,0,0,0,0,0,0,0,0,0,-9.88921655676e-09,-1.94423810385e-10,-2.23171241487e-08,-2.17677387226e-09,-3.72821773453e-10,2.04790762126e-09,-28.7549771932,1.70451419318,-74.6237225677,1.39254490166,12.8429157295,4.13892680521,1.5557765711,12.7352769836,-12.5915558545,1.05200559379,-0.00338509610775,1.98772405235,-1.36709257827,0.180177908856,1.64081519579,-0.58683869692,12.0446996184,-12.7615538039,-0.628868967553,-0.0487197468028,-150.272858384,0.0291124580044,-0.197515125553,0.0386311542368,0.40829229642,11.1767531799,-13.0269279222,0.429321918904,-6.14464758118,2.35295196396,-1.24555060779,-5.47723167475,2.41843219704,-0.38683869692,12.2446996184,-12.9615538039,-28.1261082157,1.75323394018,75.6491358391,1.36343244583,13.0404308554,4.10029564893,1.14748427468,1.55852380404,0.435372067813,0.622683672573,6.14126248335,-0.365227913029,-0.121541966725,5.65740958272,-0.777617003839,-0.2,-0.2,0.2,0,0,0,0,0,0,1.42817596421,11.4227309072,-13.2830465144,-0.661989390081,-5.47706370837,2.04710157555,-0.169235171765,-4.81279835967,2.07419605619,-1.41618712882,12.474660648,-13.2408688499
19.994,9996,15.206408,1.65202104603,-0.00404516925233,0.373749779278,0.999994265304,-0.00105813525025,0.00317642570293,0.000509930466268,0.677141552754,0.0216629337361,-0.105602561446,0.0295822804415,0.112931451318,-0.00830352243288,-1.12182228055,-1.09289911995,-7.10773457284,-9.72076042886,9.94741882651,32.5186843724,-42.2732888577,-14.3710478141,85.7616101846,4.43913932896,2.37262494054,1.59250928431,0,0,-9.81,1.64929596231,-0.00430368031308,0.346276015245,0.670820998558,0.0238206786298,-0.0773948614818,-42.2732888577,-14.3710478141,85.7616101846,4.44718331976,2.38058815013,1.55780406052,0,0,0,-1,0,0,0,1.27653511242,16.9962810933,2.21597898649,1.51761686038,14.9061851457,2.22015885831,8.30444663131,-6.05117191135,-0.522866824294,7.60338386751,-6.05117191135,-0.522866824294,7.60338386751,1.78433494024,-0.14551251585,0.0235036491164,7.60338386751,0,0,-31.3991961889,18.7375955844,-63.7393870803,9.42235842157,18.3059025078,-70.5395603199,-31.3797948349,-14.1127003405,72.086888838,-31.3797948349,-14.1127003405,72.086888838,1.8378704703,0.135906221726,0.0224532388687,72.086888838,0,0,-12.630125217,-4.64439813181,-3.21113611447,-8.70976517844,-4.7166534039,-9.65893696802,0,0,0,0,0,0,1.4529785133,-0.148577262842,0.0248922666935,0,0,0,16.3217132484,-1.5605676423,2.76959550299,13.5944651268,-1.34125440137,9.48134529093,-4.84232211146,0.264519350678,6.07133747906,-4.84232211146,0.264519350678,6.07133747906,1.40365548943,0.130106928869,0.0235229629963,6.07133747906,0,0,15.206408,0,0,-0.000440335103334,-0.420994963038,0.00233218195613,0,15.206408,0,0.421117487663,-0.000378484705161,-0.0180586554542,0,0,15.206408,-0.00325139016171,0.0208481936823,2.48871074293e-05,-0.000440335103334,0.421117487663,-0.00325139016171,0.217993152101,-0.000585761603175,-0.0238840514484,-0.420994963038,-0.000378484705161,0.0208481936823,-0.000585761603175,0.5249285881,-0.000289918028071,0.00233218195613,-0.0180586554542,2.48871074293e-05,-0.0238840514484,-0.000289918028071,0.527684406832,-42.5082723277,-14.406579136,-64.5741690106,4.47426081705,2.07551816561,1.59915029776,-0.234983469908,-0.035531321948,-150.335779195,0.0351214880867,-0.297106774931,0.00664101345295,0.234983469908,0.035531321948,150.335779195,-0.0351214880867,0.297106774931,-0.00664101345295,0,0,0,0,0,0,0,0,0,0,0,0,0,0,0,0,0,0,3.04112290905e-12,-8.881784197e-15,-4.30588897871e-12,-5.43565192856e-13,-2.10409467627e-12,-3.74145159299e-13,-42.5082723277,-14.406579136,-64.5741690106,4.47426081705,2.07551816561,1.59915029776,2.49156340624,11.0682223602,5.21756405682,-0.439163333884,1.19484009338,-10.3833167117,-0.107291385206,0.999279856985,-10.0276367933,-0.856099652975,1.10428791746,7.86295087068,-0.234983469908,-0.035531321948,-150.335779195,0.0351214880867,-0.297106774931,0.00664101345295,0.842882743345,-0.399542832765,7.75053860277,0.272673362291,-1.33157081944,-11.2599769843,-0.939533674358,-0.945158269252,-10.7370848976,-1.05609965297,0.904287917458,8.06295087068,-42.2732888577,-14.3710478141,85.7616101846,4.43913932896,2.37262494054,1.59250928431,1.6486806629,11.4677651929,-2.53297454594,-0.711836696174,2.52641091282,0.876660272576,0.832242289152,1.94443812624,0.709448104318,0.2,0.2,-0.2,0,0,0,0,0,0,1.88024721062,0.000310960761538,7.28788532679,-0.823938477914,-0.658991932178,-11.5401071473,0.133841690594,-0.275845505853,-11.0617633726,-2.10299936697,1.29753122053,7.57712038596
19.996,9997,15.206408,1.65336846993,-0.00400773013442,0.373505095932,0.999994938888,-0.000926807924554,0.00300462374718,0.000485244328882,0.673711952065,0.0187195589549,-0.122341673152,0.0104698638347,0.132691315486,0.0565050424227,-1.70944603698,-1.46343215626,-8.42715001256,-16.2548337458,19.5385023403,37.9106479792,-28.5522332979,-21.2461843392,90.1163474283,4.59471065781,-6.86147089975,0.369173158233,0,0,-9.81,1.65062651197,-0.00425981736397,0.34610438284,0.665319562515,0.0219370763004,-0.0857446273264,-28.5522332979,-21.2461843392,90.1163474283,4.60400427034,-6.8560144522,0.354468994173,0,0,0,-1,0,0,0,1.2774807216,30.4082212239,5.9427600198,19.1154487247,19.9862641891,5.92678553921,29.8462585852,0,0,0,0,0,0,1.78500201786,-0.14548869619,0.0240714718976,0,0,0,-40.2186483383,25.1535651866,-79.9622534069,11.4543717577,24.519060423,-88.9483925053,-28.5522332979,-21.2461843392,90.1163474283,-28.5522332979,-21.2461843392,90.1163474283,1.83973234027,0.135602404328,0.0227342418801,90.1163474283,0,0,-14.3112759425,-6.33518143256,-7.20015685313,-7.82585899828,-6.41807854931,-13.9410760083,0,0,0,0,0,0,1.45527544317,-0.148119804964,0.0249343262141,0,0,0,28.8995532247,-4.29469917133,18.2755854688,18.3722525724,-3.64729763687,28.927205139,0,0,0,0,0,0,1.40427118814,0.130110986077,0.0240386606483,0,0,0,15.206408,0,0,-0.000446647364121,-0.420392914507,0.00237294385668,0,15.206408,0,0.420513215536,-0.000386751547805,-0.0185351901931,0,0,15.206408,-0.00324247485017,0.0212091461564,2.42135265939e-05,-0.000446647364121,0.420513215536,-0.00324247485017,0.217591268945,-0.000525612170693,-0.0239232246574,-0.420392914507,-0.000386751547805,0.0212091461564,-0.000525612170693,0.524668727241,-0.000305817328489,0.00237294385668,-0.0185351901931,2.42135265939e-05,-0.0239232246574,-0.000305817328489,0.527705147719,-29.2334053203,-21.3313989661,-60.1453165023,4.61274356611,-7.06284615382,0.390413026923,-0.681172009379,-0.0852146162932,-150.261663926,0.0180329129504,-0.201375259764,0.0212398688389,0.681172009379,0.0852146162932,150.261663926,-0.0180329129504,0.201375259764,-0.0212398688389,0,0,0,0,0,0,0,0,0,0,0,0,0,0,0,0,0,0,-1.30161836864e-08,-1.06398481137e-08,-4.7498076583e-09,-4.64321825433e-09,5.69785907345e-09,-1.4937839854e-10,-29.2334053203,-21.3313989661,-60.1453165023,4.61274356611,-7.06284615382,0.390413026923,1.86626853571,8.62125093766,4.39940738309,0.271527613085,1.38149351707,-21.2030175701,-0.456447478285,1.57538682205,-20.1449942976,-1.13847599734,-0.372414514494,9.8263328428,-0.681172009379,-0.0852146162932,-150.261663926,0.0180329129504,-0.201375259764,0.0212398688389,1.25134707627,-1.68517656149,9.85655346706,0.471527613085,1.58149351707,-21.4030175701,-0.656447478285,1.77538682205,-20.3449942976,-1.33847599734,-0.572414514494,10.0263328428,-28.5522332979,-21.2461843392,90.1163474283,4.59471065781,-6.86147089975,0.369173158233,0.61492146386,10.3064274944,-5.45714608708,-0.2,-0.2,0.2,0.2,-0.2,0.2,0.2,0.2,-0.2,0,0,0,0,0,0,2.27970535971,-1.26453570311,9.43276394921,-0.633302929132,2.28062549444,-21.8451286648,0.420425582484,2.47101347168,-20.8268167662,-2.38084857987,-0.23076013639,9.64216877287
19.998,9998,15.206408,1.65470758687,-0.00397609181093,0.373250742833,0.999995652388,-0.000737423829312,0.00281860661886,0.000454828074363,0.669558468335,0.0158191617453,-0.127176549449,-0.0215288789993,0.171695743683,0.132021652492,-2.08117715714,-1.44587399157,-2.37843307704,-2.23344938385,6.95629699227,29.1933481708,-24.3682412037,-18.6353055333,77.2619768248,3.78702512041,-5.95450360543,0.0477247303897,0,0,-9.81,1.6519496232,-0.00422153817779,0.345917313284,0.661636696565,0.0191476934002,-0.0934146240791,-24.3682412037,-18.6353055333,77.2619768248,3.79305361769,-5.95074781497,0.0359832677431,0,0,0,-1,0,0,0,1.27831417106,0.847964337327,-2.91197491644,-13.2492443795,6.22721107725,-2.88795168188,-11.7312699799,0,0,0,0,0,0,1.78630429181,-0.145343940101,0.025196402166,0,0,0,-33.4422943485,21.8189298499,-68.6265821082,10.8892336327,21.2211865587,-75.7307490711,-24.3682412037,-18.6353055333,77.2619768248,-24.3682412037,-18.6353055333,77.2619768248,1.84122289494,0.135365040822,0.0229464716007,77.2619768248,0,0,-9.85927374369,-2.71961132935,-0.588924382609,-7.82434755293,-2.75481846219,-6.01156860357,0,0,0,0,0,0,1.45731784218,-0.147794499155,0.0246402088895,0,0,0,0.159963841899,3.56427265222,-12.6525430026,5.58075923206,3.31842043968,-11.4306467263,0,0,0,0,0,0,1.40547421575,0.130038348918,0.0250960518759,0,0,0,15.206408,0,0,-0.000424332656033,-0.419516177565,0.00247235632905,0,15.206408,0,0.41963297835,-0.000369535427346,-0.0190545798702,0,0,15.206408,-0.00323037353782,0.0215786884711,2.05209584173e-05,-0.000424332656033,0.41963297835,-0.00323037353782,0.217064083233,-0.000479413860901,-0.0239393586492,-0.419516177565,-0.000369535427346,0.0215786884711,-0.000479413860901,0.524265989805,-0.000339612526934,0.00247235632905,-0.0190545798702,2.05209584173e-05,-0.0239393586492,-0.000339612526934,0.527710995573,-25.6034131001,-18.7585313508,-73.7366815269,3.78764665068,-6.12380089059,0.112919271862,-1.2351718963,-0.123225817464,-150.998658352,0.000621530267772,-0.169297285212,0.0651945414518,1.2351718963,0.123225817464,150.998658352,-0.000621530267772,0.169297285212,-0.0651945414518,0,0,0,0,0,0,0,0,0,0,0,0,0,0,0,0,0,0,-1.29283250772e-10,1.36139988172e-11,-2.29363195103e-11,1.76259007389e-12,5.24966736748e-11,2.09021758235e-11,-25.6034131001,-18.7585313508,-73.7366815269,3.78764665068,-6.12380089059,0.112919271862,1.61091628941,6.63652918465,3.59234396214,0.594659515801,-8.15412762877,5.70894336763,-0.576806597801,-7.66373971479,6.04928040856,-0.548901405884,1.77054912442,5.85195440759,-1.2351718963,-0.123225817464,-150.998658352,0.000621530267772,-0.169297285212,0.0651945414518,1.20808513326,-2.10034586295,8.30709864358,0.394659515801,-7.95412762877,5.50894336763,-0.776806597801,-7.46373971479,5.84928040856,-0.748901405884,1.57054912442,6.05195440759,-24.3682412037,-18.6353055333,77.2619768248,3.78702512041,-5.95450360543,0.0477247303897,0.402831156152,8.73687504755,-4.71475468147,0.2,-0.2,0.2,0.2,-0.2,0.2,0.2,0.2,-0.2,0,0,0,0,0,0,2.23296334524,-1.65693880408,7.91702594855,-0.75637074846,-7.16366338472,4.73558797182,0.340859552783,-6.68072920198,5.04812839466,-1.8001096655,1.85232325542,5.79933050303
20,9999,15.206408,1.65603790168,-0.00395105933784,0.37299327651,0.999996344736,-0.000491009477432,0.00262319676012,0.000433893601597,0.665157403914,0.0125162365447,-0.128733161533,-0.0260066243033,0.185851863546,0.190202802065,-2.20656448696,-1.65109095904,-0.713853289632,5.47209478038,4.52679407596,28.5538312563,-24.5882193677,-18.4243075274,73.7745768527,3.37987792452,-5.18163566169,0.00237342366926,0,0,-9.81,1.65326627494,-0.00418816415488,0.345711248094,0.658382568015,0.0166935175247,-0.102952570938,-24.5882193677,-18.4243075274,73.7745768527,3.3845712272,-5.1785639127,-0.00905308911818,0,0,0,-1,0,0,0,1.27924391072,-10.8817532012,-6.58024370844,-23.456445519,-0.156270203082,-6.5355912378,-25.8684870677,0,0,0,0,0,0,1.78765831977,-0.145255711142,0.0260728865392,0,0,0,-28.9167757775,21.0650918775,-67.315581867,13.9758036418,20.4560458346,-72.0939156978,-24.5882193677,-18.4243075274,73.7745768527,-24.5882193677,-18.4243075274,73.7745768527,1.84242060708,0.135180558509,0.0231059284219,73.7745768527,0,0,-3.2716233021,0.338518264183,4.38946026396,-5.17443566394,0.340712528097,1.78734596199,0,0,0,0,0,0,1.45914927903,-0.147523937269,0.0241631829565,0,0,0,-10.9827492757,6.77196403361,-22.4409632134,-0.179297924406,6.21206424481,-25.1287727226,0,0,0,0,0,0,1.40671144097,0.130033371004,0.0259057900648,0,0,0,15.206408,0,0,-0.000397381666764,-0.418780912277,0.00260610082449,0,15.206408,0,0.418893531833,-0.000350413927959,-0.0195563622837,0,0,15.206408,-0.00320496011494,0.0219200912671,1.42035786272e-05,-0.000397381666764,0.418893531833,-0.00320496011494,0.216647940248,-0.000429143741896,-0.0239837152877,-0.418780912277,-0.000350413927959,0.0219200912671,-0.000429143741896,0.52392220584,-0.000383574399193,0.00260610082449,-0.0195563622837,1.42035786272e-05,-0.0239837152877,-0.000383574399193,0.52770021175,-25.4515441141,-18.523245941,-76.6154622145,3.38278426817,-5.35707673691,0.0517413923022,-0.863324746396,-0.0989384135768,-150.390039067,0.00290634364936,-0.175441075227,0.049367968633,0.863324746396,0.0989384135768,150.390039067,-0.00290634364936,0.175441075227,-0.049367968633,0,0,0,0,0,0,0,0,0,0,0,0,0,0,0,0,0,0,-6.54409859635e-12,-4.94182472721e-12,-7.11963821232e-12,-2.83284506963e-12,3.62376795238e-12,-2.12963327528e-14,-25.4515441141,-18.523245941,-76.6154622145,3.38278426817,-5.35707673691,0.0517413923022,1.25540951353,5.14228455775,2.93355775651,0.190191626378,-10.506111481,15.1520876392,-0.215566504483,-10.0421432764,15.0564130875,0.209788915603,2.6894507241,0.840528035925,-0.863324746396,-0.0989384135768,-150.390039067,0.00290634364936,-0.175441075227,0.049367968633,1.09828091089,-3.69419301059,7.16794326549,-0.00980837362244,-10.706111481,15.3520876392,-0.0155665044827,-10.2421432764,15.2564130875,0.231965149728,2.77314830774,1.04052803592,-24.5882193677,-18.4243075274,73.7745768527,3.37987792452,-5.18163566169,0.00237342366926,0.157128602641,8.83647756834,-4.23438550899,0.2,0.2,-0.2,-0.2,0.2,-0.2,-0.0221762341255,-0.0836975836433,-0.2,0,0,0,0,0,0,2.12305050095,-3.23246331894,6.80598011268,-1.13738257298,-9.96394341525,14.706486869,1.06444007554,-9.50568007036,14.5880390193,-0.825635585997,3.0370945558,0.861023952788
20.002,10000,15.206408,1.65735984715,-0.00393074970516,0.372755260628,0.999996949017,-0.000246434025823,0.00242340107583,0.000410310868869,0.660972733196,0.0101548163409,-0.119007940733,-0.0153172911459,0.195148512065,0.247034849471,-2.08807868462,-1.18424986673,4.82392470951,-1.37504853133,2.36039864089,-0.83676123921,-41.6008439236,-15.4417010392,268.975197095,-1.39681332121,7.69603369694,-1.09784016695,0,0,-9.81,1.65457639705,-0.00415964091655,0.345485250626,0.655087043714,0.014265964436,-0.112968186953,-41.6008439236,-15.4417010392,268.975197095,-1.40925110493,7.69373795922,-1.09803583229,0,0,0,-1,0,0,0,1.28033077804,20.0837702116,2.56221659546,10.3938725596,13.9294530496,2.54642403356,17.8168860624,0,0,0,0,0,0,1.78883159015,-0.145297830057,0.0264231876583,0,0,0,-72.9712462288,15.3156962076,-133.569813479,14.8990576194,13.9488969493,-151.603808512,-22.4081047321,-12.4459826115,151.964716306,-22.4081047321,-12.4459826115,151.964716306,1.84338752453,0.135038155994,0.0232231656704,151.964716306,0,0,-60.399046587,0.43528200642,-91.9567669733,1.8872998637,0.0842991560819,-110.003237607,-19.1927391915,-2.99571842769,117.010480789,-19.1927391915,-2.99571842769,117.010480789,1.46087663856,-0.147243748253,0.0236657777385,117.010480789,0,0,19.8393228353,-0.716986639098,10.8655165685,13.1500524196,-0.296833248179,18.4163042462,0,0,0,0,0,0,1.40776929629,0.130157551707,0.0261975068533,0,0,0,15.206408,0,0,-0.000378556684873,-0.418301013186,0.00276000387893,0,15.206408,0,0.418408956741,-0.000342296152854,-0.0200295479782,0,0,15.206408,-0.00315250315531,0.0222269771062,5.2361557326e-06,-0.000378556684873,0.418408956741,-0.00315250315531,0.216404305357,-0.000365549149097,-0.024068693726,-0.418301013186,-0.000342296152854,0.0222269771062,-0.000365549149097,0.523694858012,-0.000429962353391,0.00276000387893,-0.0200295479782,5.2361557326e-06,-0.024068693726,-0.000429962353391,0.527676694953,-41.9963291834,-15.5077996219,119.336172216,-1.3910793276,7.51556770267,-1.07016394508,-0.395485259825,-0.0660985827,-149.639024879,0.005733993616,-0.180465994271,0.0276762218756,0.395485259825,0.0660985827,149.639024879,-0.005733993616,0.180465994271,-0.0276762218756,0,0,0,0,0,0,0,0,0,0,0,0,0,0,0,0,0,0,2.82796008833e-12,-1.16706644349e-12,-8.35598257254e-12,-5.34017274845e-13,-1.52944323872e-12,-1.43729472768e-12,-41.9963291834,-15.5077996219,119.336172216,-1.3910793276,7.51556770267,-1.07016394508,1.30223078343,3.06266972035,3.39491302975,-0.702809743466,-1.01418529047,-11.519048339,1.93714587271,-0.728160541755,-11.2394563291,-3.11887403601,10.041478799,1.71308190206,-0.395485259825,-0.0660985827,-149.639024879,0.005733993616,-0.180465994271,0.0276762218756,-8.27610098415,-4.72121668,18.5754050096,-0.502809743466,-0.814185290469,-11.719048339,1.73714587271,-0.528160541755,-11.4394563291,9.08040297192,3.78994091035,13.0727264466,-41.6008439236,-15.4417010392,268.975197095,-1.39681332121,7.69603369694,-1.09784016695,9.57833176758,7.78388640036,-15.1804919799,-0.2,-0.2,0.2,0.2,-0.2,0.2,-12.1992770079,6.2515378886,-11.3596445446,0,0,0,0,0,0,-7.25176174402,-4.24370664561,18.2371582412,-1.60758206918,-0.174089080245,-12.0937167966,2.78090374311,0.112973105353,-11.8363756977,8.02316378195,4.06716539457,12.896031562
20.004,10001,15.206408,1.65867568516,-0.0039143945079,0.372523227409,0.9999974877,-2.8896223052e-05,0.00220979116625,0.000374943326384,0.65791900528,0.00817759863298,-0.116016609594,-0.0179908028655,0.199543638784,0.245256285342,-1.51942026119,-0.993549265909,1.41131551799,-6.27495000969,7.18867524292,-13.4748585627,-31.966223511,-11.1786722175,261.934305337,-1.44769255394,6.45536981674,-1.01929233992,0,0,-9.81,1.6558755758,-0.00413518547703,0.345290801043,0.649615222552,0.0122291136998,-0.0971769533333,-31.966223511,-11.1786722175,261.934305337,-1.4579202604,6.45367618172,-1.0154320911,0,0,0,-1,0,0,0,1.28136897267,33.0272012919,7.87223018783,24.0976696565,19.8462733003,7.83300600877,35.7524148713,0,0,0,0,0,0,1.79040518652,-0.145287703555,0.0270886550228,0,0,0,-69.2363299327,14.1980754361,-124.141935238,12.5797742619,12.867786137,-141.713246286,-18.630714189,-11.6953011051,142.524994641,-18.630714189,-11.6953011051,142.524994641,1.84417464143,0.134926402529,0.0232768171343,142.524994641,0,0,-64.0716919854,-2.44824767771,-91.8247321708,-1.22539054012,-2.74654552208,-111.954955114,-13.335509322,0.51662888763,119.409310696,-13.335509322,0.51662888763,119.409310696,1.46226099997,-0.147021695404,0.0232126887444,119.409310696,0,0,32.6688915843,-4.91404918949,23.9498226591,18.8964682837,-4.10983368774,35.9309214417,0,0,0,0,0,0,1.40920803709,0.130277157043,0.0268156506176,0,0,0,15.206408,0,0,-0.000357289121122,-0.417637112619,0.00290202761021,0,15.206408,0,0.41774013056,-0.000332139456486,-0.0205460604686,0,0,15.206408,-0.00309020142054,0.0225729801287,-3.89764437472e-06,-0.000357289121122,0.41774013056,-0.00309020142054,0.216081326309,-0.000317345256017,-0.0241244947777,-0.417637112619,-0.000332139456486,0.0225729801287,-0.000317345256017,0.523417657512,-0.000467728071329,0.00290202761021,-0.0205460604686,-3.89764437472e-06,-0.0241244947777,-0.000467728071329,0.527688309001,-32.3595887108,-11.1998467127,112.032700527,-1.43928085653,6.24949015461,-0.988234021179,-0.393365199854,-0.0211744952256,-149.90160481,0.00841169741054,-0.205879662125,0.0310583187448,0.393365199854,0.0211744952256,149.90160481,-0.00841169741054,0.205879662125,-0.0310583187448,0,0,0,0,0,0,0,0,0,0,0,0,0,0,0,0,0,0,3.90798504668e-14,4.4408920985e-14,-3.41060513165e-13,5.90638649101e-14,-9.68114477473e-14,-9.32587340685e-15,-32.3595887108,-11.1998467127,112.032700527,-1.43928085653,6.24949015461,-0.988234021179,1.05388617469,2.61851109162,2.53460076372,0.245936570679,3.01394672471,-23.0091269394,1.53453069416,3.12164058139,-22.5839428841,-2.33630247283,8.91931597187,0.451973838587,-0.393365199854,-0.0211744952256,-149.90160481,0.00841169741054,-0.205879662125,0.0310583187448,-7.90072353832,-3.85673727814,17.2406273309,0.445936570679,3.21394672471,-23.2091269394,1.33453069416,3.32164058139,-22.7839428841,8.73939197564,4.89205438746,12.8970495425,-31.966223511,-11.1786722175,261.934305337,-1.44769255394,6.45536981674,-1.01929233992,8.95460971302,6.47524836976,-14.7060265671,-0.2,-0.2,0.2,0.2,-0.2,0.2,-11.0756944485,4.02726158441,-12.445075704,0,0,0,0,0,0,-6.87232659603,-3.37226611582,16.9420287562,-0.668877271113,3.89979457403,-23.7450048444,2.38978165988,4.00523668622,-23.3387502859,7.67712076555,5.22100442905,12.7202261341
20.006,10002,15.206408,1.65998619071,-0.00390064843054,0.37230139325,0.999997954307,0.00015128246216,0.00198925767333,0.000333689917973,0.655252778596,0.00687303867825,-0.110917079769,-0.0302834866028,0.213428038671,0.218482094993,-1.32967446183,-0.656710235243,2.47890775618,-3.41720161973,3.67079753225,-18.7579519535,-20.0689624106,-7.12595337352,264.137050647,-1.56898936252,4.31168669619,-0.0657729024691,0,0,-9.81,1.65716635312,-0.00411367761256,0.345126191549,0.645418046501,0.0107517684639,-0.0821676954619,-20.0689624106,-7.12595337352,264.137050647,-1.5724981035,4.31050520568,-0.0590800031836,0,0,0,-1,0,0,0,1.28227223379,30.7075667443,6.19771663682,20.7012719739,18.8927308096,6.14723352894,31.8619718583,0,0,0,0,0,0,1.79262489956,-0.145118879995,0.0284233592064,0,0,0,-70.120582464,9.16087766226,-117.402996376,7.87397897501,7.8379330824,-136.604716547,-12.6851306538,-6.91770005029,137.830871688,-12.6851306538,-6.91770005029,137.830871688,1.84481878498,0.134838472316,0.0232814916972,137.830871688,0,0,-70.691158618,-1.30964936081,-96.7038151651,-4.02297249605,-1.58062915817,-119.715914813,-7.38383175684,-0.20825332323,126.306178959,-7.38383175684,-0.20825332323,126.306178959,1.46336935089,-0.146845661961,0.0228234345237,126.306178959,0,0,30.4960587176,-3.79027915473,20.5675290764,18.1580507293,-3.0695399311,32.0665274704,0,0,0,0,0,0,1.41126749695,0.130313439888,0.0281092894875,0,0,0,15.206408,0,0,-0.00032574971423,-0.416610557558,0.00300558335415,0,15.206408,0,0.416707755746,-0.000311174689171,-0.021110063813,0,0,15.206408,-0.00301314168594,0.0229537851109,-1.20284615885e-05,-0.00032574971423,0.416707755746,-0.00301314168594,0.215557919248,-0.000290115898332,-0.0241189247623,-0.416610557558,-0.000311174689171,0.0229537851109,-0.000290115898332,0.522995172897,-0.000493267271922,0.00300558335415,-0.021110063813,-1.20284615885e-05,-0.0241189247623,-0.000493267271922,0.527730468002,-20.5143832126,-7.09266528674,112.881519372,-1.5437501147,3.96104203915,-0.00141351669656,-0.445420802492,0.0332880866737,-151.255531275,0.025239247854,-0.350644656918,0.0643593858136,0.445420802492,-0.0332880866737,151.255531275,-0.025239247854,0.350644656918,-0.0643593858136,0,0,0,0,0,0,0,0,0,0,0,0,0,0,0,0,0,0,4.77751171957e-10,1.08307141033e-10,-5.01131580677e-10,-2.91147106424e-11,-1.13966613924e-10,-4.10574491072e-11,-20.5143832126,-7.09266528674,112.881519372,-1.5437501147,3.96104203915,-0.00141351669656,0.940548546304,2.05446556453,2.02408863849,-0.0702801837545,1.55958073038,-20.0797974585,1.72448043847,1.63715937032,-19.7629410654,-1.95836990832,6.96525099935,0.462859063276,-0.445420802492,0.0332880866737,-151.255531275,0.025239247854,-0.350644656918,0.0643593858136,-9.31920732499,-2.29876240384,17.3004865979,0.129719816246,1.75958073038,-20.2797974585,1.52448043847,1.83715937032,-19.9629410654,10.0435883849,5.19622251543,14.9764353497,-20.0689624106,-7.12595337352,264.137050647,-1.56898936252,4.31168669619,-0.0657729024691,10.2597558713,4.35322796857,-15.2763979594,-0.2,-0.2,0.2,0.2,-0.2,0.2,-12.0019582932,1.76902848392,-14.5135762864,0,0,0,0,0,0,-8.28239075203,-1.80328563958,17.0300389073,-1.04969000857,2.6135327401,-21.1709165869,2.64256527515,2.67778899401,-20.8687094249,8.97629595726,5.57519493101,14.7807969032
20.008,10003,15.206408,1.66129758056,-0.00388419673744,0.372087888885,0.999998337228,0.000341919055911,0.00176564187029,0.00030189708352,0.65569492494,0.00822584655027,-0.106752182293,-0.0369001923892,0.220420543172,0.181258384784,0.211384708694,0.675685701089,2.11089531272,4.90504311668,1.41590021424,5.19603613593,31.9464498735,10.7238359238,142.83445014,0.280271329567,-7.61244379751,1.85430867148,0,0,-9.81,1.65845183069,-0.0040940519676,0.344992069378,0.64275719172,0.00980665522218,-0.0668016447119,31.9464498735,10.7238359238,142.83445014,0.292722415958,-7.61281312391,1.85086551788,0,0,0,-1,0,0,0,1.28306978196,8.27910215709,0.655676518896,-17.3265632322,15.0514059548,0.699937456538,-11.9226047492,0,0,0,0,0,0,1.79543382306,-0.144826267452,0.0303601011828,0,0,0,-49.5190387977,-9.8695390865,-34.2917611242,-21.8294878331,-10.4418841637,-56.0348855828,17.2086283166,11.1144265088,59.1975400085,17.2086283166,11.1144265088,59.1975400085,1.84534922555,0.134769096417,0.0232490999792,59.1975400085,0,0,-63.1585301239,-0.930368315059,-50.0270920173,-24.1453453351,-1.09455813117,-76.8659852567,14.737821557,-0.39059058502,83.6369101311,14.737821557,-0.39059058502,83.6369101311,1.46425966735,-0.146706039003,0.022487353472,83.6369101311,0,0,7.99263797252,1.0303112141,-14.9997724877,13.9539498722,0.823867838357,-9.72345115634,0,0,0,0,0,0,1.41389685006,0.130288458001,0.0300108804285,0,0,0,15.206408,0,0,-0.000289097075274,-0.415275715762,0.00306604627803,0,15.206408,0,0.415366166477,-0.000283987233848,-0.021679695403,0,0,15.206408,-0.00292536377516,0.0233340591914,-1.87294660846e-05,-0.000289097075274,0.415366166477,-0.00292536377516,0.214865613154,-0.00027789365173,-0.0240547137881,-0.415275715762,-0.000283987233848,0.0233340591914,-0.00027789365173,0.522443292174,-0.000507868172682,0.00306604627803,-0.021679695403,-1.87294660846e-05,-0.0240547137881,-0.000507868172682,0.527793473017,31.6735815919,10.818731864,-10.2764564541,0.332208396449,-8.21350726303,1.96190654708,-0.272868304739,0.0948959434811,-153.110906582,0.0519370664483,-0.601063454179,0.107597871665,0.272868304739,-0.0948959434811,153.110906582,-0.0519370664483,0.601063454179,-0.107597871665,0,0,0,0,0,0,0,0,0,0,0,0,0,0,0,0,0,0,2.30694858772e-08,-3.21634274769e-09,-1.15295222258e-08,4.33917568543e-10,-1.13377014443e-08,3.93463261972e-09,31.6735815919,10.818731864,-10.2764564541,0.332208396449,-8.21350726303,1.96190654708,0.696148346322,2.51221451923,0.892164439979,2.9329655704,-12.8997704428,3.75108770628,-1.63382856394,-11.614932235,3.30566541737,-1.91048523838,6.07449859201,-0.133292510669,-0.272868304739,0.0948959434811,-153.110906582,0.0519370664483,-0.601063454179,0.107597871665,-9.09926997418,9.0562079037,11.6365203062,3.1329655704,-13.0997704428,3.55108770628,-1.83382856394,-11.814932235,3.10566541737,6.06853604371,12.2542789814,13.2847063874,31.9464498735,10.7238359238,142.83445014,0.280271329567,-7.61244379751,1.85430867148,9.79541832051,-6.54399338447,-10.7443558662,-0.2,0.2,0.2,0.2,0.2,0.2,-7.97902128199,-6.17978038029,-13.4179988944,0,0,0,0,0,0,-8.05380821228,9.56142997742,11.3889303207,1.85030961037,-12.0439052582,2.34660005569,-0.620701670647,-10.7844495773,1.89035022259,4.99743032455,12.6708230972,13.0746641159
20.01,10004,15.206408,1.66261018945,-0.00386517738855,0.371881911122,0.999998633898,0.000545777211974,0.00153487476363,0.000280157420971,0.656304443709,0.00950967444152,-0.102988881584,-0.0272222536996,0.22345634445,0.191529321158,0.293984677011,0.641354012892,1.91059178385,5.23197751444,3.43086217952,6.57013512161,36.6670974602,10.7286891557,137.793598686,0.638046158214,-9.69730213056,2.03668618964,0,0,-9.81,1.65974563304,-0.00407160690636,0.344856211153,0.646878778273,0.011215420472,-0.0677054649345,36.6670974602,10.7286891557,137.793598686,0.651078045116,-9.69830266725,2.02777831627,0,0,0,-1,0,0,0,1.2839880154,8.01031893292,0.684268827746,-17.4255377707,15.0082789083,0.73826189865,-11.9368896039,0,0,0,0,0,0,1.79848169261,-0.144518958682,0.0320711144872,0,0,0,-49.2405275534,-10.0136893263,-33.0543967268,-22.4162343835,-10.5824223305,-54.7998306961,18.7819050144,11.1151913407,57.9065423366,18.7819050144,11.1151913407,57.9065423366,1.84578234719,0.134712581656,0.0232186980861,57.9065423366,0,0,-62.4150468303,-0.662517842845,-46.8551193915,-25.4176098535,-0.802766833273,-73.788751776,17.8851924459,-0.386502184965,79.8870563498,17.8851924459,-0.386502184965,79.8870563498,1.46497437949,-0.146595606034,0.0222123422603,79.8870563498,0,0,7.68237071619,1.13621635504,-15.156846373,13.8719349314,0.923755664672,-9.83645749909,0,0,0,0,0,0,1.41674958916,0.130281620054,0.0317227125835,0,0,0,15.206408,0,0,-0.000260591292572,-0.414093877954,0.00313254975305,0,15.206408,0,0.414176676444,-0.000265691752035,-0.0221370210192,0,0,15.206408,-0.00283553946412,0.0236012546679,-2.61772332163e-05,-0.000260591292572,0.414176676444,-0.00283553946412,0.214243996262,-0.000271215009745,-0.0239770180014,-0.414093877954,-0.000265691752035,0.0236012546679,-0.000271215009745,0.52194606253,-0.000521714744255,0.00313254975305,-0.0221370210192,-2.61772332163e-05,-0.0239770180014,-0.000521714744255,0.527847117669,37.0161135681,10.8378415331,-14.7748189398,0.693294017169,-10.368609427,2.12884290455,0.349016107855,0.109152377356,-152.568417626,0.0552478589548,-0.671307296456,0.0921567149102,-0.349016107855,-0.109152377356,152.568417626,-0.0552478589548,0.671307296456,-0.0921567149102,0,0,0,0,0,0,0,0,0,0,0,0,0,0,0,0,0,0,1.56319401867e-13,6.92779167366e-14,-8.52651282912e-14,1.33226762955e-14,-3.90798504668e-14,-7.1054273576e-15,37.0161135681,10.8378415331,-14.7748189398,0.693294017169,-10.368609427,2.12884290455,0.579880859734,1.99744765452,0.747445993732,2.89434747717,-12.8377078028,3.63353136351,-1.60169422322,-11.564760167,3.19840088037,-1.54737227011,4.96291681554,-0.226626582519,0.349016107855,0.109152377356,-152.568417626,0.0552478589548,-0.671307296456,0.0921567149102,-9.09420923838,9.05966492115,11.6125663858,3.09434747717,-13.0377078028,3.43353136351,-1.80169422322,-11.764760167,2.99840088037,6.06636646717,12.2339916247,13.3065874057,36.6670974602,10.7286891557,137.793598686,0.638046158214,-9.69730213056,2.03668618964,9.67409009812,-7.06221726663,-10.8651203921,-0.2,0.2,0.2,0.2,0.2,0.2,-7.61373873728,-7.27107480918,-13.5332139883,0,0,0,0,0,0,-8.04673576355,9.57884597778,11.3694019318,1.84934294224,-12.0364532471,2.34830546379,-0.623879730701,-10.7796621323,1.89330875874,4.98605298996,12.6853408813,13.0745983124
20.012,10005,15.206408,1.66392245853,-0.00384450190457,0.371685985704,0.999998834667,0.000757409699349,0.00129852712563,0.000266123927121,0.656134538923,0.0103377419931,-0.0979627089266,-0.0168844241117,0.23055295219,0.204559427707,-0.0960011701337,0.413180127651,2.54363625596,3.99483716768,2.65171035508,3.7965248326,30.1377260639,8.90199662761,144.445049187,1.21821026287,-8.91872528961,1.66868357557,0,0,-9.81,1.66104902529,-0.00404633931823,0.344717314842,0.651644380768,0.012626670304,-0.0692480348913,30.1377260639,8.90199662761,144.445049187,1.22830962064,-8.91985397631,1.65519256546,0,0,0,-1,0,0,0,1.28502453876,6.11086241305,1.55789926164,-16.7857345686,13.1797742266,1.62190621896,-12.0496284632,0,0,0,0,0,0,1.80177046126,-0.144196223824,0.0335573941832,0,0,0,-49.7418720561,-7.7600960772,-42.5360068749,-17.7039751262,-8.41743996443,-62.9245641765,15.0319151025,8.86920650333,65.7531490074,15.0319151025,8.86920650333,65.7531490074,1.84613817946,0.13466616302,0.02319159642,65.7531490074,0,0,-58.336621303,-0.851729499025,-48.9138384137,-21.0081048231,-0.97476345881,-73.1721243678,15.1058109614,0.0327901242849,78.6919001796,15.1058109614,0.0327901242849,78.6919001796,1.46554969215,-0.146508260448,0.0219903550691,78.6919001796,0,0,6.00889538082,1.16967662754,-13.9982931243,11.9686702728,0.962457527974,-9.44731628095,0,0,0,0,0,0,1.41982680503,0.130295308082,0.0332441423611,0,0,0,15.206408,0,0,-0.000240600087938,-0.413072613859,0.00320534659243,0,15.206408,0,0.413146790639,-0.000256693748124,-0.0224714089088,0,0,15.206408,-0.00274146734337,0.0237412202293,-3.43501668652e-05,-0.000240600087938,0.413146790639,-0.00274146734337,0.213693094963,-0.000268758909629,-0.0238845754109,-0.413072613859,-0.000256693748124,0.0237412202293,-0.000268758909629,0.521501828773,-0.000535235916904,0.00320534659243,-0.0224714089088,-3.43501668652e-05,-0.0238845754109,-0.000535235916904,0.527888473817,30.9337358204,9.01133221614,-7.76644324181,1.27804450687,-9.64146888571,1.74406980493,0.796009708933,0.109335562621,-152.211492421,0.0598342354188,-0.722743579857,0.0753862308158,-0.796009708933,-0.109335562621,152.211492421,-0.0598342354188,0.722743579857,-0.0753862308158,0,0,0,0,0,0,0,0,0,0,0,0,0,0,0,0,0,0,4.75547885515e-08,2.5907588963e-08,-7.63336061027e-09,8.58157278572e-09,-1.6238235645e-08,-1.45401957141e-09,30.9337358204,9.01133221614,-7.76644324181,1.27804450687,-9.64146888571,1.74406980493,0.539279493533,1.38673053683,0.748322306392,3.34575063118,-11.9827916698,4.00006442935,-1.37658499385,-10.5434031958,3.47087774506,-1.31019677077,3.90350522804,-0.150726599767,0.796009708933,0.109335562621,-152.211492421,0.0598342354188,-0.722743579857,0.0753862308158,-9.01728114551,7.02149228049,12.2643507876,3.54575063118,-12.1827916698,3.80006442935,-1.57658499385,-10.7434031958,3.27087774506,6.02604615253,10.0786271343,12.663731143,30.1377260639,8.90199662761,144.445049187,1.21821026287,-8.91872528961,1.66868357557,9.55656062994,-5.63476172621,-11.5160284727,-0.2,0.2,0.2,0.2,0.2,0.2,-7.33624292313,-6.17512190605,-12.8144577426,0,0,0,0,0,0,-7.96906232834,7.55281066895,12.0257377625,2.32979273796,-11.2451410294,2.82163929939,-0.424476563931,-9.81104469299,2.26528573036,4.9365940094,10.5588579178,12.4108791351
20.014,10006,15.206408,1.66523366082,-0.00382262487063,0.371501834195,0.999998932509,0.000973736519404,0.00105831401212,0.000258436765423,0.655601148369,0.01093851697,-0.0920757543275,-0.00900692948388,0.236093141734,0.212189536633,-0.277857677,0.299561157244,2.97350491635,3.27520396773,1.79624534937,2.2427275608,26.7506094981,7.42877919083,151.582574223,1.29198435524,-8.40257606743,1.42996978352,0,0,-9.81,1.6623603173,-0.00401872859261,0.344577146354,0.65557851347,0.0137987818329,-0.0698993828009,26.7506094981,7.42877919083,151.582574223,1.30014981618,-8.40404019531,1.41387431406,0,0,0,-1,0,0,0,1.28616994357,5.1948484697,1.57717735318,-15.5395371042,11.9347832113,1.64776351515,-11.2159251753,0,0,0,0,0,0,1.80526314984,-0.143839920618,0.0348141408419,0,0,0,-50.7406462541,-6.22872533393,-49.115902866,-15.06959807,-6.95616439712,-68.9224281842,13.0928269871,7.32944704773,71.5848033046,13.0928269871,7.32944704773,71.5848033046,1.84643477197,0.134628399652,0.0231646038287,71.5848033046,0,0,-56.9723559262,-0.730663451725,-52.0853899261,-18.2432603281,-0.845155153,-75.0049346242,13.657782511,0.0993321431064,79.9977709181,13.657782511,0.0993321431064,79.9977709181,1.46601538943,-0.146439197427,0.0218136340009,79.9977709181,0,0,5.1636117464,1.13079683404,-12.6972154195,10.7101871966,0.941391621996,-8.57709386597,0,0,0,0,0,0,1.42309048657,0.130330143468,0.0345786794912,0,0,0,15.206408,0,0,-0.000227097578588,-0.412223525076,0.0032735155737,0,15.206408,0,0.412288305222,-0.0002545966236,-0.0226837059706,0,0,15.206408,-0.00263666276971,0.0237559312183,-4.28490011638e-05,-0.000227097578588,0.412288305222,-0.00263666276971,0.21321368588,-0.000269683181898,-0.0237777580185,-0.412223525076,-0.0002545966236,0.0237559312183,-0.000269683181898,0.521113406471,-0.00054787922724,0.0032735155737,-0.0226837059706,-4.28490011638e-05,-0.0237777580185,-0.00054787922724,0.527915943759,27.7859198614,7.52993746209,-0.397246746422,1.35818396704,-9.14522812146,1.48807596597,1.03531036113,0.101158270028,-151.979820969,0.0661996113774,-0.742652053272,0.0581061825067,-1.03531036113,-0.101158270028,151.979820969,-0.0661996113774,0.742652053272,-0.0581061825067,0,0,0,0,0,0,0,0,0,0,0,0,0,0,0,0,0,0,2.19579376903e-09,1.22839960426e-09,-2.89361423711e-10,4.16988665819e-10,-7.63291652106e-10,-5.65041347045e-11,27.7859198614,7.52993746209,-0.397246746422,1.35818396704,-9.14522812146,1.48807596597,0.490085561257,0.956823735819,0.718640862423,3.181893346,-11.0853975077,3.90248943701,-1.16684547458,-9.64227968766,3.35632170084,-1.1157377188,3.03605804563,-0.0591350628886,1.03531036113,0.101158270028,-151.979820969,0.0661996113774,-0.742652053272,0.0581061825067,-9.02626641693,5.80252309493,12.5643443504,3.381893346,-11.2853975077,3.70248943701,-1.36684547458,-9.84227968766,3.15632170084,6.31685139171,8.61073156499,12.6132969713,26.7506094981,7.42877919083,151.582574223,1.29198435524,-8.40257606743,1.42996978352,9.51635197774,-4.8456993583,-11.8457034876,-0.2,0.2,0.2,0.2,0.2,0.2,-7.43258911049,-5.57467351935,-12.6724320342,0,0,0,0,0,0,-7.97737121582,6.34288072586,12.3330001831,2.18999290466,-10.424243927,2.82169723511,-0.23213160038,-8.97284507751,2.24151587486,5.21982717514,9.11340332031,12.3442211151
20.016,10007,15.206408,1.66654300825,-0.00380000131599,0.371331312671,0.999998924385,0.00119130423061,0.000816497618718,0.000255645774319,0.654673712921,0.0113117773214,-0.0852607620309,-0.00255586092569,0.239926442596,0.216766015856,-0.474834612387,0.185818933817,3.4369251377,2.50642378669,0.670495785471,0.501672989382,22.6824685908,5.93569926066,159.606230413,1.3396917275,-7.58659622445,1.16679776839,0,0,-9.81,1.66367863928,-0.00398915985474,0.344437600084,0.65908839836,0.0147795132988,-0.0695950317715,22.6824685908,5.93569926066,159.606230413,1.34606447935,-7.58815727929,1.14917916449,0,0,0,-1,0,0,0,1.28741505325,4.32737597465,1.60606234313,-14.2684947579,10.699765479,1.68267450444,-10.3720387069,0,0,0,0,0,0,1.80893826691,-0.143449592996,0.0358544153557,0,0,0,-51.807531799,-4.6546093312,-56.0694957389,-12.3348484779,-5.45726195035,-75.2830917044,10.9062970372,5.76422904688,77.8045295918,10.9062970372,5.76422904688,77.8045295918,1.84668547725,0.134597805753,0.0231361764874,77.8045295918,0,0,-55.6642791444,-0.651123902936,-55.7094844973,-15.2930499864,-0.760314851345,-77.2530073292,11.7761715537,0.171470213781,81.801700821,11.7761715537,0.171470213781,81.801700821,1.46639503953,-0.146384575391,0.0216746627214,81.801700821,0,0,4.3740450306,1.09649222304,-11.3398466954,9.45158982893,0.926861249087,-7.66388061819,0,0,0,0,0,0,1.42651881104,0.130385594815,0.0357399909215,0,0,0,15.206408,0,0,-0.000218926049977,-0.411544017544,0.00333364457292,0,15.206408,0,0.41159884769,-0.00025793414621,-0.0227748902418,0,0,15.206408,-0.00252012203827,0.0236475477746,-5.13989475836e-05,-0.000218926049977,0.41159884769,-0.00252012203827,0.212803224882,-0.000273029236415,-0.0236567625289,-0.411544017544,-0.00025793414621,0.0236475477746,-0.000273029236415,0.520779011663,-0.000559701012981,0.00333364457292,-0.0227748902418,-5.13989475836e-05,-0.0236567625289,-0.000559701012981,0.527929258381,23.7950169858,6.010734557,7.72903727229,1.41049820524,-8.32699741274,1.20715079301,1.11254839493,0.0750352963065,-151.87719314,0.0708064777354,-0.740401188272,0.0403530246249,-1.11254839493,-0.0750352963065,151.87719314,-0.0708064777354,0.740401188272,-0.0403530246249,0,0,0,0,0,0,0,0,0,0,0,0,0,0,0,0,0,0,5.74580383272e-11,2.73443490073e-11,-6.96331881045e-12,9.23683352028e-12,-2.01936245503e-11,-2.91033863675e-12,23.7950169858,6.010734557,7.72903727229,1.41049820524,-8.32699741274,1.20715079301,0.456015939482,0.607935661292,0.700381843937,3.02703140949,-10.1870100767,3.8365759035,-0.946711744342,-8.72829714867,3.26231587434,-0.968765126386,2.3135810507,0.0472215821025,1.11254839493,0.0750352963065,-151.87719314,0.0708064777354,-0.740401188272,0.0403530246249,-9.04566231934,4.55429269364,12.8624888365,3.22703140949,-10.3870100767,3.6365759035,-1.14671174434,-8.92829714867,3.06231587434,6.60676175205,7.11951988611,12.5516472157,22.6824685908,5.93569926066,159.606230413,1.3396917275,-7.58659622445,1.16679776839,9.50167825881,-3.94635703233,-12.1621069925,-0.2,0.2,0.2,0.2,0.2,0.2,-7.57552687844,-4.8059388354,-12.5044256336,0,0,0,0,0,0,-7.99631071091,5.101541996,12.6398820877,2.05382966995,-9.60845851898,2.83978199959,-0.0212486609817,-8.1262254715,2.22606420517,5.50360488892,7.6397228241,12.2709245682
20.018,10008,15.206408,1.66785063704,-0.00377674581077,0.371173929367,0.999998806811,0.00141202521675,0.000571011999389,0.000257888519513,0.653814393358,0.0116277526068,-0.078691652229,0.00236978230549,0.24150729948,0.217915754682,-0.441223302578,0.157278783537,3.31396201097,2.59575319254,1.69588536608,1.4581254779,24.7922441495,5.82369488895,157.513968618,1.52022297238,-8.49819726306,1.25844449578,0,0,-9.81,1.66500293839,-0.00395802379703,0.344300799388,0.662080567147,0.0155659019706,-0.0682225964596,24.7922441495,5.82369488895,157.513968618,1.5266050643,-8.50038964905,1.23570625498,0,0,0,-1,0,0,0,1.28875106626,4.31196084625,1.67318692085,-14.2119272594,10.7857225536,1.76107959082,-10.1950098044,0,0,0,0,0,0,1.81277384893,-0.143024632599,0.0366910318477,0,0,0,-51.7586845223,-4.66255958591,-55.8204143072,-12.6688502283,-5.47229027967,-75.0078250037,11.5935516391,5.71554774042,77.5490030462,11.5935516391,5.71554774042,77.5490030462,1.84690078314,0.13457314091,0.0231049328428,77.5490030462,0,0,-55.2721441278,-0.47816601351,-54.1973828592,-15.9725254263,-0.581370173015,-75.7438796751,13.1986925104,0.108147148529,79.964965572,13.1986925104,0.108147148529,79.964965572,1.46670739402,-0.146341357121,0.0215668804549,79.964965572,0,0,4.31012320251,1.1135802804,-11.3369427815,9.48624544091,0.946213461748,-7.58019275565,0,0,0,0,0,0,1.4300894271,0.130461192184,0.036742081017,0,0,0,15.206408,0,0,-0.000214881699185,-0.411030066726,0.00338211191312,0,15.206408,0,0.41107464036,-0.000265167755121,-0.0227473618469,0,0,15.206408,-0.00239093135434,0.0234200850729,-5.97137780812e-05,-0.000214881699185,0.41107464036,-0.00239093135434,0.212459131176,-0.000277963832477,-0.0235218062486,-0.411030066726,-0.000265167755121,0.0234200850729,-0.000277963832477,0.520497115554,-0.00057070767642,0.00338211191312,-0.0227473618469,-5.97137780812e-05,-0.0235218062486,-0.00057070767642,0.527928599246,25.8494800634,5.85739629424,5.64198249592,1.59376500515,-9.21660700801,1.2806235937,1.05723591391,0.0337014052849,-151.871986122,0.0735420327732,-0.718409744945,0.0221790979174,-1.05723591391,-0.0337014052849,151.871986122,-0.0735420327732,0.718409744945,-0.0221790979174,0,0,0,0,0,0,0,0,0,0,0,0,0,0,0,0,0,0,2.55795384874e-13,1.09245945623e-13,-2.84217094304e-14,4.10782519111e-14,-9.23705556488e-14,-1.75415237891e-14,25.8494800634,5.85739629424,5.64198249592,1.59376500515,-9.21660700801,1.2806235937,0.410445670787,0.435223500328,0.625959651855,3.01228921005,-10.099565684,3.76406109638,-0.943923252267,-8.65775124788,3.19414295435,-0.811871226982,1.8621023788,0.0357175168668,1.05723591391,0.0337014052849,-151.871986122,0.0735420327732,-0.718409744945,0.0221790979174,-9.04609722131,4.54925734702,12.8524657302,3.21228921005,-10.299565684,3.56406109638,-1.14392325227,-8.85775124788,2.99414295435,6.61136383176,7.10601749519,12.558701779,24.7922441495,5.82369488895,157.513968618,1.52022297238,-8.49819726306,1.25844449578,9.4565428921,-4.11403384669,-12.2265060784,-0.2,0.2,0.2,0.2,0.2,0.2,-7.42323505875,-5.24391511639,-12.5229842621,0,0,0,0,0,0,-7.99631071091,5.101541996,12.6398820877,2.05382966995,-9.60845851898,2.83978199959,-0.0212486609817,-8.1262254715,2.22606420517,5.50360488892,7.6397228241,12.2709245682
20.02,10009,15.206408,1.66915481724,-0.00375357006376,0.3710341091,0.999998583849,0.0016294109114,0.000330039304175,0.000261523938547,0.652090100578,0.0115878735057,-0.0699101331683,0.0074781273027,0.245149624778,0.220979018973,-0.872776347723,-0.0205524944768,4.4188533889,0.685797088018,-2.37174996767,-1.78762628123,13.4170546635,2.82949746045,177.030741863,1.2948402586,-5.33177989786,0.596489715703,0,0,-9.81,1.66633378424,-0.00392534763025,0.344166207883,0.665364946928,0.0163397740216,-0.0671113262593,13.4170546635,2.82949746045,177.030741863,1.29826228968,-5.33277233076,0.579950386626,0,0,0,-1,0,0,0,1.29017731375,2.74813156994,1.66295471465,-11.6177092858,8.24776081066,1.74830676137,-8.61432990061,0,0,0,0,0,0,1.81677279399,-0.142563603052,0.037327267726,0,0,0,-53.9442144822,-1.3943145919,-70.3066793052,-6.84750651403,-2.35443275755,-88.3318733252,6.20906779668,2.56131239554,90.6135810667,6.20906779668,2.56131239554,90.6135810667,1.84708811897,0.134553161097,0.0230721756105,90.6135810667,0,0,-53.2249253323,-0.518794024344,-63.7889210724,-9.14202964424,-0.624237224427,-82.5725250754,7.20798686684,0.268185064912,86.4171607965,7.20798686684,0.268185064912,86.4171607965,1.46696650417,-0.14630716177,0.0214859192134,86.4171607965,0,0,2.93641865597,0.74819366983,-8.53164213125,6.94363969447,0.621238970189,-5.77678073685,0,0,0,0,0,0,1.43380426622,0.130557406483,0.0375867100807,0,0,0,15.206408,0,0,-0.000215065690666,-0.410682357557,0.00341937756644,0,15.206408,0,0.41071643455,-0.000276308107732,-0.0225964586805,0,0,15.206408,-0.00224776408873,0.0230669493815,-6.77146188572e-05,-0.000215065690666,0.41071643455,-0.00224776408873,0.212180504587,-0.000284054426681,-0.0233716505652,-0.410682357557,-0.000276308107732,0.0230669493815,-0.000284054426681,0.520266786278,-0.000581110209417,0.00341937756644,-0.0225964586805,-6.77146188572e-05,-0.0233716505652,-0.000581110209417,0.527913161387,14.3065577631,2.80539015152,25.0569998738,1.36957920379,-6.01251569274,0.599966463167,0.889503099532,-0.0241073089261,-151.973741989,0.0747389451905,-0.680735794875,0.00347674746337,-0.889503099532,0.0241073089261,151.973741989,-0.0747389451905,0.680735794875,-0.00347674746337,0,0,0,0,0,0,0,0,0,0,0,0,0,0,0,0,0,0,-8.881784197e-15,2.22044604925e-15,5.68434188608e-14,-1.55431223448e-15,0,-2.22044604925e-16,14.3065577631,2.80539015152,25.0569998738,1.36957920379,-6.01251569274,0.599966463167,0.408498570299,0.0744499760514,0.697180361106,2.71013355469,-8.36715543087,3.74203027026,-0.670820950635,-6.87887772718,3.09814251315,-0.791973021368,1.19160453666,0.284016612807,0.889503099532,-0.0241073089261,-151.973741989,0.0747389451905,-0.680735794875,0.00347674746337,-9.06874631811,2.04607626894,13.4324261251,2.91013355469,-8.56715543087,3.54203027026,-0.697693977468,-7.07887772718,2.89814251315,7.18521006723,4.1364316618,12.405564022,13.4170546635,2.82949746045,177.030741863,1.2948402586,-5.33177989786,0.596489715703,9.4772448884,-1.97162629289,-12.735245764,-0.2,0.2,0.2,0.0268730268331,0.2,0.2,-7.9771830886,-2.94482712513,-12.1215474091,0,0,0,0,0,0,-8.01911258698,2.6027879715,13.2296438217,1.76215755939,-7.96979379654,2.88164591789,0.428234040737,-6.42266178131,2.1912779808,6.07342386246,4.68177080154,12.1122188568
20.022,10010,15.206408,1.67045447152,-0.00373098493599,0.370914565377,0.999998263619,0.00184222730042,9.6165867115e-05,0.000264026214809,0.649827142038,0.0112925638836,-0.0597718617334,0.00878772456055,0.240635132479,0.217612398313,-1.14204386914,-0.148016433454,5.09687988011,-0.601788445507,-3.65433856262,-2.39416393038,8.39555272399,0.821950464511,188.182671136,1.33031986031,-4.3291262054,0.236313443786,0,0,-9.81,1.66766819458,-0.00389191787575,0.344038961711,0.66716324784,0.0167208829494,-0.0634307556385,8.39555272399,0.821950464511,188.182671136,1.33273525607,-4.32917543645,0.221326578535,0,0,0,-1,0,0,0,1.29167761739,2.41909386436,1.6234898058,-10.8274537615,7.66025703653,1.71440346178,-8.00642068198,0,0,0,0,0,0,1.82088748416,-0.142066914523,0.0377857597842,0,0,0,-56.0485670982,0.711722262986,-79.1362796879,-4.13102648855,-0.350525368116,-96.8881362051,3.79091758667,0.517806899205,99.0722877777,3.79091758667,0.517806899205,99.0722877777,1.84725490086,0.134537270169,0.0230339170756,99.0722877777,0,0,-52.0471087147,-0.463583146665,-68.1310138869,-5.96926318087,-0.569659723771,-85.5277432943,4.60463513732,0.304143565306,89.110383358,4.60463513732,0.304143565306,89.110383358,1.46718519951,-0.146280042476,0.0214252394125,89.110383358,0,0,2.30089349811,0.566528373905,-7.09441376141,5.70999200576,0.461705104415,-4.80921943739,0,0,0,0,0,0,1.43761592502,0.13066693772,0.0383003477963,0,0,0,15.206408,0,0,-0.000216538813095,-0.41049013317,0.0034414327217,0,15.206408,0,0.410513982227,-0.000287942281788,-0.0223347544832,0,0,15.206408,-0.00209192411174,0.0226071656513,-7.50559874704e-05,-0.000216538813095,0.410513982227,-0.00209192411174,0.211962652857,-0.000291007223884,-0.0232084159736,-0.41049013317,-0.000287942281788,0.0226071656513,-0.000291007223884,0.520086515073,-0.00059095192285,0.0034414327217,-0.0223347544832,-7.50559874704e-05,-0.0232084159736,-0.00059095192285,0.527884735736,9.04068894659,0.732489523263,36.0881152704,1.4040339918,-4.95547997264,0.221357571103,0.64513622604,-0.0894609418084,-152.09455586,0.073714132048,-0.626353769307,-0.0149558732878,-0.64513622604,0.0894609418084,152.09455586,-0.073714132048,0.626353769307,0.0149558732878,0,0,0,0,0,0,0,0,0,0,0,0,0,0,0,0,0,0,-3.44012462961e-09,5.60097079827e-10,-5.57218982067e-09,-5.52200063453e-10,2.0700978709e-09,6.05217070904e-10,9.04068894659,0.732489523263,36.0881152704,1.4040339918,-4.95547997264,0.221357571103,0.414718415473,-0.143801935771,0.731138074799,2.55354111104,-7.85316133688,3.71077297454,-0.53413472675,-5.94864028667,3.02602024795,-0.754568440973,0.764080629169,0.40471716198,0.64513622604,-0.0894609418084,-152.09455586,0.073714132048,-0.626353769307,-0.0149558732878,-9.07188802293,0.773849354218,13.9719798304,2.75354111104,-8.05316133688,3.51077297454,-0.466857887715,-6.14864028667,2.82602024795,7.46488674836,2.6468630998,12.3106725976,8.39555272399,0.821950464511,188.182671136,1.33031986031,-4.3291262054,0.236313443786,9.48660643871,-0.917651291036,-13.2408417568,-0.2,0.2,0.2,-0.0672768390352,0.2,0.2,-8.21945518935,-1.88278247058,-11.9059554356,0,0,0,0,0,0,-8.02167797089,1.33243453503,13.7815170288,1.61508119106,-7.54902648926,2.90478801727,0.664309322834,-5.56572771072,2.17080974579,6.35122537613,3.19938087463,12.0190591812
20.024,10011,15.206408,1.67174778345,-0.00370977295961,0.370813766505,0.999997853977,0.0020510913382,-0.000124869130866,0.000263578686705,0.646655963917,0.0106059881919,-0.0503994359602,0.00753660559808,0.233548075601,0.213055064997,-1.59557059358,-0.343853595847,4.71167658809,-1.52391451439,-6.51076494621,-2.10197145445,-1.04036431385,-0.75624991582,185.673448503,1.80105756869,-2.06062331533,-0.202269899617,0,0,-9.81,1.66900485607,-0.00385826149267,0.343921999386,0.668308681117,0.0168390163126,-0.0582782683319,-1.04036431385,-0.75624991582,185.673448503,1.8021055698,-2.05891210933,-0.210205535328,0,0,0,-1,0,0,0,1.29324382082,1.79888766028,2.13808215363,-9.45803764526,6.50487747538,2.22924946429,-7.06957453214,0,0,0,0,0,0,1.82510742273,-0.141535422063,0.0380754645502,0,0,0,-53.246341618,2.58804140888,-83.9357345437,0.466671378315,1.49064932388,-99.4215196517,-0.711000912388,-1.36137702513,101.591326447,-0.711000912388,-1.36137702513,101.591326447,1.84740628741,0.134524780789,0.0229888344209,101.591326447,0,0,-44.7577528962,-0.710393385178,-67.0412729842,-0.687988733613,-0.80774074006,-80.6050098494,-0.329363401464,0.605127109311,84.0821220566,-0.329363401464,0.605127109311,84.0821220566,1.46737283813,-0.14625846372,0.0213806488825,84.0821220566,0,0,1.97408453048,0.814195635609,-5.56716497415,4.665124779,0.735971809305,-3.63980856752,0,0,0,0,0,0,1.44150170346,0.130786068546,0.0388970633082,0,0,0,15.206408,0,0,-0.000217259801626,-0.410449997107,0.0034477037378,0,15.206408,0,0.410464124807,-0.00029781762216,-0.0219639503353,0,0,15.206408,-0.00192377105967,0.0220443126186,-8.15909329098e-05,-0.000217259801626,0.410464124807,-0.00192377105967,0.211803947377,-0.000298184992996,-0.0230316217525,-0.410449997107,-0.00029781762216,0.0220443126186,-0.000298184992996,0.519957173857,-0.000600759377846,0.0034477037378,-0.0219639503353,-8.15909329098e-05,-0.0230316217525,-0.000600759377846,0.527845043156,-0.69729069009,-0.918665439025,33.417345897,1.8740458742,-2.61895253169,-0.237029567571,0.343073623762,-0.162415523206,-152.256102606,0.0729883055098,-0.558329216359,-0.0347596679539,-0.343073623762,0.162415523206,152.256102606,-0.0729883055098,0.558329216359,0.0347596679539,0,0,0,0,0,0,0,0,0,0,0,0,0,0,0,0,0,0,7.32747196253e-15,-1.44328993201e-15,0,4.88498130835e-15,-2.22044604925e-15,7.49400541622e-16,-0.69729069009,-0.918665439025,33.417345897,1.8740458742,-2.61895253169,-0.237029567571,0.327258293001,-0.212561853479,0.615667615564,2.75540232561,-6.90916946293,3.45757958716,-0.181405153191,-5.06366706837,2.79600203357,-0.70268576147,0.504120487364,0.390179474372,0.343073623762,-0.162415523206,-152.256102606,0.0729883055098,-0.558329216359,-0.0347596679539,-8.68442393366,-1.09435809914,13.1912915933,2.95540232561,-7.10916946293,3.47951963928,0.0185948468093,-5.26366706837,2.59600203357,6.92244483915,0.461298189979,10.6408141124,-1.04036431385,-0.75624991582,185.673448503,1.80105756869,-2.06062331533,-0.202269899617,9.01168222666,0.881796245665,-12.5756239777,-0.2,0.2,-0.0219400521187,-0.2,0.2,0.2,-7.62513060062,0.0428222973848,-10.250634638,0,0,0,0,0,0,-7.63344335556,-0.535330176353,13.0147171021,1.82414245605,-6.70113325119,2.92182683945,1.15636146069,-4.75324249268,1.9865988493,5.80809736252,1.01847982407,10.3550014496
20.026,10012,15.206408,1.673034822,-0.00369006403549,0.370731353915,0.999997360858,0.00225813989788,-0.00033383369272,0.000260068528665,0.643519274906,0.00985446205799,-0.0412062948567,0.00445070565637,0.220730456396,0.209139384743,-1.57848602918,-0.376344627226,4.6215495991,-1.56192894339,-6.13114869666,-1.02507359393,0.089886271065,-0.925682170246,185.018377907,1.90319413879,-2.50196126338,-0.143233639274,0,0,-9.81,1.67034128973,-0.00382479259544,0.343814664325,0.668216178817,0.016750532241,-0.0534521488005,0.089886271065,-0.925682170246,185.018377907,1.90454963706,-2.50034997985,-0.153018387878,0,0,0,-1,0,0,0,1.2948666149,2.19775808885,2.26401047043,-9.22854991399,6.79880988232,2.360441811,-6.58228806596,0,0,0,0,0,0,1.82941398897,-0.14095875087,0.0382112606131,0,0,0,-53.303010102,2.67162013285,-84.1436929335,0.159406881024,1.56335129527,-99.6295138136,-0.306733984503,-1.46640175273,101.870973728,-0.306733984503,-1.46640175273,101.870973728,1.84754586397,0.134515128741,0.0229378260897,101.870973728,0,0,-44.5382919967,-0.59983585881,-66.2720978334,-1.13861763371,-0.697427443362,-79.8387584643,0.396620255568,0.540719582489,83.1474041784,0.396620255568,0.540719582489,83.1474041784,1.46753650797,-0.14624126757,0.0213512357025,83.1474041784,0,0,2.03497460676,0.799992778274,-5.52472400457,4.73282716068,0.725470401406,-3.51819913961,0,0,0,0,0,0,1.4454442905,0.130920131213,0.0393953466049,0,0,0,15.206408,0,0,-0.000215779936594,-0.410548677175,0.00343323365872,0,15.206408,0,0.410553929085,-0.000304373961899,-0.0214896249725,0,0,15.206408,-0.00173777149972,0.0213884573333,-8.73026341657e-05,-0.000215779936594,0.410553929085,-0.00173777149972,0.211698116924,-0.000305384126115,-0.0228401623683,-0.410548677175,-0.000304373961899,0.0213884573333,-0.000305384126115,0.519874246424,-0.000609998526857,0.00343323365872,-0.0214896249725,-8.73026341657e-05,-0.0228401623683,-0.000609998526857,0.527794794359,0.107530755415,-1.16760069276,32.5712449053,1.97555033783,-2.98618319304,-0.198092622771,0.01764448435,-0.241918522515,-152.447133001,0.0723561990445,-0.484221929659,-0.0548589834972,-0.01764448435,0.241918522515,152.447133001,-0.0723561990445,0.484221929659,0.0548589834972,0,0,0,0,0,0,0,0,0,0,0,0,0,0,0,0,0,0,-1.69309011255e-14,-9.99200722163e-15,-8.52651282912e-14,-1.24344978758e-14,1.06581410364e-14,-3.1918911958e-15,0.107530755415,-1.16760069276,32.5712449053,1.97555033783,-2.98618319304,-0.198092622771,0.307585029324,-0.241505411765,0.556336710395,2.74817524881,-6.81753623776,3.24001936958,-0.189809000016,-4.99475549782,2.75689702254,-0.638289818115,0.324355369971,0.394524705202,0.01764448435,-0.241918522515,-152.447133001,0.0723561990445,-0.484221929659,-0.0548589834972,-8.68536953896,-1.0939524899,13.1792666778,2.94817524881,-7.01753623776,3.44001936958,0.0101909999837,-5.19475549782,2.55689702254,6.92250024199,0.458470532196,10.6340771886,0.089886271065,-0.925682170246,185.018377907,1.90319413879,-2.50196126338,-0.143233639274,8.99295456828,0.852447078138,-12.6229299674,-0.2,0.2,-0.2,-0.2,0.2,0.2,-7.5607900601,-0.134115162225,-10.2395524834,0,0,0,0,0,0,-7.63344335556,-0.535330176353,13.0147171021,1.82414245605,-6.70113325119,2.92182683945,1.15636146069,-4.75324249268,1.9865988493,5.80809736252,1.01847982407,10.3550014496
20.028,10013,15.206408,1.67431388229,-0.00367279175794,0.370671051081,0.999996820018,0.00245415385193,-0.000523672707294,0.000250700013777,0.639530144064,0.00863613877454,-0.0301514169959,0.00129239786582,0.208678964892,0.207362673828,-2.00320002071,-0.609901766287,5.55032380979,-3.06918271523,-9.6242232948,-5.66672475746,-12.269526506,-4.31338996594,203.469947736,1.7266834212,0.904908875941,-0.778472184014,0,0,-9.81,1.67167779805,-0.00379155423925,0.343716791457,0.668277449507,0.0166411765841,-0.0487047016361,-12.269526506,-4.31338996594,203.469947736,1.72672960782,0.909310955375,-0.773222542351,0,0,0,-1,0,0,0,1.29654603558,0.812822116388,2.23869677976,-6.50830760158,4.22804045555,2.32032436937,-4.97697494755,0,0,0,0,0,0,1.83381504289,-0.140334514398,0.0382021883312,0,0,0,-55.1606955407,6.04773681844,-98.8311068721,6.03673618036,4.78508552576,-113.081943349,-5.98857426804,-4.71225779114,115.125279455,-5.98857426804,-4.71225779114,115.125279455,1.84767611429,0.134507708589,0.0228826153479,115.125279455,0,0,-41.3357248207,-0.402369269949,-74.7903319759,5.95932629631,-0.504622755563,-85.2445282145,-6.28095223796,0.398867825203,88.3446682803,-6.28095223796,0.398867825203,88.3446682803,1.46768136068,-0.146227513284,0.0213346067348,88.3446682803,0,0,0.883374707069,0.797479314283,-2.57711615198,2.17048772529,0.762856155894,-1.66279442818,0,0,0,0,0,0,1.44944544553,0.131068855239,0.0397968948596,0,0,0,15.206408,0,0,-0.000212017285805,-0.410783243977,0.00339861451078,0,15.206408,0,0.410780509728,-0.000307479887744,-0.0209090356946,0,0,15.206408,-0.00153259876624,0.0206360517127,-9.21702511417e-05,-0.000212017285805,0.410780509728,-0.00153259876624,0.211643410313,-0.000312555556006,-0.0226329321851,-0.410783243977,-0.000307479887744,0.0206360517127,-0.000312555556006,0.519836646943,-0.000618532520228,0.00339861451078,-0.0209090356946,-9.21702511417e-05,-0.0226329321851,-0.000618532520228,0.527733959946,-12.6154260893,-4.64464989212,50.7727820459,1.79845388199,0.502746765009,-0.853319355873,-0.345899577719,-0.331259945181,-152.697165689,0.0717704536289,-0.402162112841,-0.074847167131,0.345899577719,0.331259945181,152.697165689,-0.0717704536289,0.402162112841,0.074847167131,0,0,0,0,0,0,0,0,0,0,0,0,0,0,0,0,0,0,-5.56209123204e-09,1.90050579718e-08,-5.93530558035e-10,7.16236958631e-09,1.90832849523e-09,-4.72762384796e-09,-12.6154260893,-4.64464989212,50.7727820459,1.79845388199,0.502746765009,-0.853319355873,0.329708449,-0.451673746062,0.624919688067,2.44816931486,-5.04931979467,3.22472308739,0.296636685134,-3.18329249478,2.6406419092,-0.657857244106,-0.0676660457099,0.597431326205,-0.345899577719,-0.331259945181,-152.697165689,0.0717704536289,-0.402162112841,-0.074847167131,-8.66198834302,-3.66701082991,13.6296679493,2.64816931486,-5.24931979467,3.42472308739,0.496636685134,-3.38329249478,2.4406419092,7.45350591093,-2.53194554094,10.3449772285,-12.269526506,-4.31338996594,203.469947736,1.7266834212,0.904908875941,-0.778472184014,8.99169679202,3.21533708383,-13.0047482613,-0.2,0.2,-0.2,-0.2,0.2,0.2,-8.11136316218,2.46427949321,-9.74754590347,0,0,0,0,0,0,-7.60938215256,-3.10892987251,13.4764385223,1.52927219868,-5.0249876976,2.93954920769,1.65357685089,-3.01223635674,1.90652704239,6.3392124176,-1.96983993053,10.0734272003
20.03,10014,15.206408,1.67559094694,-0.00365605287581,0.370620439658,0.999996194176,0.00265525463132,-0.000709344326118,0.000241013467423,0.638532325533,0.00836944106722,-0.025305711815,-0.00486474699786,0.189601855679,0.196407368079,-0.50464620303,-0.133362784148,2.44089462402,-0.108208587911,-2.15470878864,2.5290056618,6.12875623239,-0.196158574659,164.336117831,0.653412091279,-2.37101551562,0.359252927263,0,0,-9.81,1.67301112524,-0.00375943789253,0.343633224663,0.666708390746,0.0160857959338,-0.0415399045616,6.12875623239,-0.196158574659,164.336117831,0.654230749923,-2.37242412926,0.348296538613,0,0,0,-1,0,0,0,1.2982654687,0.843930833409,0.879853131754,-4.96467643055,3.45310694028,0.946978879916,-3.64878833383,0,0,0,0,0,0,1.83826168838,-0.139663679293,0.0380703008048,0,0,0,-46.0980186227,1.16692078862,-69.3902269758,-2.32158616486,0.229158225898,-83.2823531668,2.09863108666,-0.169138729717,85.9752553666,2.09863108666,-0.169138729717,85.9752553666,1.84780005491,0.134502229183,0.0228199691141,85.9752553666,0,0,-44.5985782463,0.0233030127074,-60.8472114159,-4.57560977678,-0.0741685192135,-75.3025574327,4.03012514573,-0.0270198449412,78.3608624649,4.03012514573,-0.0270198449412,78.3608624649,1.46781298183,-0.146216402069,0.021326818346,78.3608624649,0,0,0.200449405385,0.0572946139075,-3.74820674672,2.28890941262,-0.00466389211905,-2.97546440106,0,0,0,0,0,0,1.45345717374,0.131232453162,0.040128127641,0,0,0,15.206408,0,0,-0.000203710705168,-0.411136748977,0.00333570339336,0,15.206408,0,0.411127170275,-0.000304435184573,-0.0202401126914,0,0,15.206408,-0.00130769367415,0.0198106781735,-9.58613889525e-05,-0.000203710705168,0.411127170275,-0.00130769367415,0.211634558342,-0.000318961654635,-0.022412235984,-0.411136748977,-0.000304435184573,0.0198106781735,-0.000318961654635,0.519842230094,-0.000625801114139,0.00333570339336,-0.0202401126914,-9.58613889525e-05,-0.022412235984,-0.000625801114139,0.52766568506,5.45627048927,-0.612323040657,11.4586122664,0.723835039438,-2.68863389975,0.264317016474,-0.672485801919,-0.416164447738,-152.877505118,0.0704230084001,-0.317618415654,-0.0949358914061,0.672485801919,0.416164447738,152.877505118,-0.0704230084001,0.317618415654,0.0949358914061,0,0,0,0,0,0,0,0,0,0,0,0,0,0,0,0,0,0,5.8797271052e-08,-1.82605272014e-08,-4.46598590997e-07,-6.02419959472e-08,3.15190447076e-08,-1.93836304785e-08,5.45627048927,-0.612323040657,11.4586122664,0.723835039438,-2.68863389975,0.264317016474,0.199523136631,0.0364555733013,0.20051141689,1.4364866807,-4.05216768817,2.93213762332,-0.700589734141,-3.32103066774,2.82314662493,-0.372780843008,0.327386800232,0.164293954761,-0.672485801919,-0.416164447738,-152.877505118,0.0704230084001,-0.317618415654,-0.0949358914061,-7.81540855528,0.0208033968982,11.2448961999,1.63648667899,-4.25216768648,3.13213762282,-0.630387198719,-3.52103066797,2.62314662524,6.94293000539,1.64134862886,10.4580834369,6.12875623239,-0.196158574659,164.336117831,0.653412091279,-2.37101551562,0.359252927263,8.01493174811,0.0156522226565,-11.0443848116,-0.2,0.2,-0.2,-0.0702025404653,0.2,0.2,-7.31571086182,-1.31396181827,-10.2937894716,0,0,0,0,0,0,-6.76088285446,0.576500535011,11.1047239304,0.526292562485,-4.11202001572,2.67741894722,0.535098493099,-3.21171450615,2.12143301964,5.83057498932,2.20250701904,10.1994552612
20.032,10015,15.206408,1.67686686267,-0.00363965611658,0.370578171251,0.999995491783,0.00285777405571,-0.000892175796386,0.000231437975222,0.637957866441,0.00819837961532,-0.0211342033023,-0.00511761363477,0.185428923394,0.201493471948,-0.291819230086,-0.0853501909405,2.10123664244,0.0753697654621,-1.47310554494,0.687664303589,6.55420873115,-0.231710156761,163.531027954,0.318399403309,-1.90891077745,0.368859437941,0,0,-9.81,1.67434611265,-0.00372736384327,0.34355366954,0.667560793342,0.016068508853,-0.0395221968918,6.55420873115,-0.231710156761,163.531027954,0.318803557036,-1.91069031163,0.359169383885,0,0,0,-1,0,0,0,1.30002944972,0.417413297863,0.520353045619,-3.50977627755,2.31997487091,0.574452450904,-2.65541929867,0,0,0,0,0,0,1.84274020515,-0.138974840479,0.0378358042793,0,0,0,-45.0951795449,1.16131698122,-68.2133615622,-2.42005171546,0.237180577426,-81.7439518619,2.25421660235,-0.187962253275,84.4262418963,2.25421660235,-0.187962253275,84.4262418963,1.84791693172,0.134498079764,0.0227623514582,84.4262418963,0,0,-44.9918294976,0.0639191531576,-61.6723023616,-4.68336007296,-0.0371866062084,-76.1958426777,4.2999921288,-0.0437479034864,79.1047860574,4.2999921288,-0.0437479034864,79.1047860574,1.46793183379,-0.146207358992,0.0213291824183,79.1047860574,0,0,0.283562261969,-0.0776206741867,-2.59268286598,1.72269375034,-0.117529709348,-1.95625917991,0,0,0,0,0,0,1.45748001079,0.131395828509,0.0403655509789,0,0,0,15.206408,0,0,-0.000195305685764,-0.411576739898,0.00327024344042,0,15.206408,0,0.411561008511,-0.000300464567964,-0.0195125588215,0,0,15.206408,-0.00107532928177,0.0189297157518,-9.89941432982e-05,-0.000195305685764,0.411561008511,-0.00107532928177,0.211660776452,-0.000326498319327,-0.0221858412806,-0.411576739898,-0.000300464567964,0.0189297157518,-0.000326498319327,0.519882043678,-0.000632769699865,0.00327024344042,-0.0195125588215,-9.89941432982e-05,-0.0221858412806,-0.000632769699865,0.527593735983,5.54326034222,-0.70622134266,10.4715063408,0.385775945246,-2.14412900491,0.26259095515,-1.01094854741,-0.474511211404,-153.059521622,0.0673765350927,-0.235218172726,-0.106268502738,1.01094854741,0.474511211404,153.059521622,-0.0673765350927,0.235218172726,0.106268502738,0,0,0,0,0,0,0,0,0,0,0,0,0,0,0,0,0,0,1.58484021462e-07,2.55057617804e-08,8.82013750925e-09,6.84452006183e-09,-5.47320597732e-08,1.9946804819e-08,5.54326034222,-0.70622134266,10.4715063408,0.385775945246,-2.14412900491,0.26259095515,0.183233277654,0.0256655432287,0.162907183835,1.05360741437,-3.11323659963,2.84129504578,-0.640706314406,-2.63568975097,2.42858759923,-0.289569527968,0.226563212258,0.172106985662,-1.01094854741,-0.474511211404,-153.059521622,0.0673765350927,-0.235218172726,-0.106268502738,-7.68179872423,-0.0129871839263,10.9910077112,1.25360741377,-3.31323659813,3.04129504563,-0.713651798096,-2.83568974987,2.60116726798,7.1046774715,1.54465714415,10.5715698732,6.55420873115,-0.231710156761,163.531027954,0.318399403309,-1.90891077745,0.368859437941,7.86503200204,0.0386527249554,-10.8281005295,-0.2,0.2,-0.2,0.0729454835924,0.2,-0.172579660086,-7.39424700683,-1.31809387174,-10.3994628533,0,0,0,0,0,0,-6.62750053406,0.544811725616,10.8555259705,0.14558917284,-3.24746227264,2.61393237114,0.458399891853,-2.58832263947,2.13202953339,5.99138307571,2.10965514183,10.3158502579
20.034,10016,15.206408,1.67814171232,-0.00362364686654,0.3705439659,0.999994712847,0.00306176918596,-0.00107264101792,0.000222010365076,0.637424824757,0.00800462502195,-0.0171026753425,-0.00499878699421,0.182586137961,0.202906288707,-0.27122350668,-0.0966943876981,2.03109026405,0.0945216536936,-1.23584979487,0.713945638698,7.37802510892,-0.270801320281,162.844683305,0.356571012449,-2.10315018358,0.393641887615,0,0,-9.81,1.67568286713,-0.00369534326518,0.343477910206,0.668463984968,0.0160446559477,-0.0376141972464,7.37802510892,-0.270801320281,162.844683305,0.35685275274,-2.10520240837,0.382251814828,0,0,0,-1,0,0,0,1.3018310176,0.541954716944,0.573682144918,-3.4575526288,2.41897666895,0.63021628558,-2.51572566231,0,0,0,0,0,0,1.84722938301,-0.13827575232,0.0375125376865,0,0,0,-45.0157622446,1.15065414877,-68.1387891695,-2.71963640555,0.224392416405,-81.6283692768,2.61812122983,-0.187208801827,84.276827212,2.61812122983,-0.187208801827,84.276827212,1.84802816633,0.134494997756,0.0227098479065,84.276827212,0,0,-44.8557434391,0.1221198733,-61.2538127242,-5.02036925301,0.0187081019737,-75.7553809875,4.75990387908,-0.0835925184538,78.5678560925,4.75990387908,-0.0835925184538,78.5678560925,1.46804074508,-0.146199937409,0.0213393600246,78.5678560925,0,0,0.406075501542,-0.068088891521,-2.54909034782,1.81594487181,-0.104689067785,-1.83269731082,0,0,0,0,0,0,1.46150722656,0.131556654042,0.0405264830321,0,0,0,15.206408,0,0,-0.000187135717012,-0.412086011558,0.00320230969662,0,15.206408,0,0.412064776471,-0.000295747272853,-0.018738775121,0,0,15.206408,-0.000838558143276,0.0180044195144,-0.00010140165945,-0.000187135717012,0.412064776471,-0.000838558143276,0.211716407203,-0.000335094195482,-0.0219550403729,-0.412086011558,-0.000295747272853,0.0180044195144,-0.000335094195482,0.519951492801,-0.000639547484719,0.00320230969662,-0.018738775121,-0.00010140165945,-0.0219550403729,-0.000639547484719,0.527519905948,6.06862284994,-0.788862195148,9.63013091003,0.419935225047,-2.26335774364,0.276766220521,-1.30940227157,-0.518060874184,-153.214552391,0.0633642126533,-0.16020755495,-0.116875666583,1.30940227157,0.518060874184,153.214552391,-0.0633642126533,0.16020755495,0.116875666583,0,0,0,0,0,0,0,0,0,0,0,0,0,0,0,0,0,0,1.25945662788e-08,-6.82864986778e-10,-3.65557184523e-09,-5.51717560526e-11,-5.11609821174e-09,-5.10915754148e-10,6.06862284994,-0.788862195148,9.63013091003,0.419935225047,-2.26335774364,0.276766220521,0.168011837278,-0.0145120742783,0.16336043664,1.05174575827,-3.04561358121,2.81481066992,-0.627772150743,-2.58246085909,2.37437119238,-0.253793739681,0.141822814453,0.183286358777,-1.30940227157,-0.518060874184,-153.214552391,0.0633642126533,-0.16020755495,-0.116875666583,-7.68184258997,-0.0152749015463,10.9869100375,1.25174575827,-3.24561358121,3.01481066992,-0.719555158819,-2.78246085909,2.57437119238,7.10515719008,1.54102348347,10.5682476103,7.37802510892,-0.270801320281,162.844683305,0.356571012449,-2.10315018358,0.393641887615,7.84985442787,0.000762829920058,-10.8235495995,-0.2,0.2,-0.2,0.0917830080765,0.2,-0.2,-7.35895093026,-1.39920066683,-10.3849612506,0,0,0,0,0,0,-6.62750053406,0.544811725616,10.8555259705,0.14558917284,-3.24746227264,2.61393237114,0.458399891853,-2.58832263947,2.13202953339,5.99138307571,2.10965514183,10.3158502579
20.036,10017,15.206408,1.67941646717,-0.00360785735297,0.370516587221,0.999993865725,0.00326441110455,-0.00125167334456,0.000213181542781,0.637377424124,0.00789475678214,-0.0136893397865,-0.0048401105505,0.180216917308,0.204376203191,-0.0271268155758,-0.0547861450586,1.71999144984,0.298187601868,-0.756084065038,-0.697360941473,7.82778582619,-0.312814629904,161.91492509,-0.0250513723599,-1.59288487209,0.394718058611,0,0,-9.81,1.67702160595,-0.0036633864394,0.34340576832,0.669475984836,0.0160156042883,-0.0357939927776,7.82778582619,-0.312814629904,161.91492509,-0.0251798199095,-1.59528305541,0.384902692358,0,0,0,-1,0,0,0,1.30367012695,0.15089995523,0.204750922779,-1.98435148958,1.27168110984,0.242059039899,-1.52531280305,0,0,0,0,0,0,1.851731305,-0.137565360204,0.0371021190684,0,0,0,-43.9648508025,1.14330237117,-66.7233854153,-2.88797036637,0.234051551483,-79.8613188891,2.81843696317,-0.20264873606,82.5067278935,2.81843696317,-0.20264873606,82.5067278935,1.84813495555,0.134492752468,0.0226620028001,82.5067278935,0,0,-45.2976763376,0.164220639514,-62.1164087175,-5.16374934239,0.0565233920434,-76.7051965632,5.00934886302,-0.110165893844,79.4081971967,5.00934886302,-0.110165893844,79.4081971967,1.4681418965,-0.146193793648,0.0213558753633,79.4081971967,0,0,-0.0764488144608,-0.114623302485,-1.6432569095,0.908886595858,-0.141623428832,-1.3686285667,0,0,0,0,0,0,1.46554118687,0.131715183935,0.0406126473038,0,0,0,15.206408,0,0,-0.000179227271697,-0.412663026808,0.00313149478918,0,15.206408,0,0.412636951385,-0.000290237967356,-0.0179171734878,0,0,15.206408,-0.000596843712208,0.0170327457965,-0.000103012974436,-0.000179227271697,0.412636951385,-0.000596843712208,0.211800972124,-0.000344694061415,-0.021718860339,-0.412663026808,-0.000290237967356,0.0170327457965,-0.000344694061415,0.5200502942,-0.000646041115008,0.00313149478918,-0.0179171734878,-0.000103012974436,-0.021718860339,-0.000646041115008,0.527444171657,6.21744250638,-0.873497681755,8.52436517951,0.0345993714167,-1.67693269516,0.267336483448,-1.61034334888,-0.560683054065,-153.390559908,0.0596507425749,-0.0840478116771,-0.127381579314,1.61034334888,0.560683054065,153.390559908,-0.0596507425749,0.0840478116771,0.127381579314,0,0,0,0,0,0,0,0,0,0,0,0,0,0,0,0,0,0,2.90691586358e-08,2.21446938564e-09,-2.79746359411e-09,1.20179943428e-09,-1.13945348712e-08,4.15101319984e-09,6.21744250638,-0.873497681755,8.52436517951,0.0345993714167,-1.67693269516,0.267336483448,0.153429065248,-0.0115959177377,0.129727704646,0.662727271977,-2.10592459077,2.69805411601,-0.580084600003,-1.90838008661,2.3386847989,-0.190615248513,0.0783026217829,0.186914950938,-1.61034334888,-0.560683054065,-153.390559908,0.0596507425749,-0.0840478116771,-0.127381579314,-7.52787123286,-0.0104672839381,10.7222792823,0.862727271977,-2.30592459077,2.89805411601,-0.518913267592,-2.10838008661,2.5386847989,7.26005981736,1.4699162211,10.6831553566,7.82778582619,-0.312814629904,161.91492509,-0.0250513723599,-1.59288487209,0.394718058611,7.68130029804,-0.00112863424735,-10.5925515779,-0.2,0.2,-0.2,-0.0611713324115,0.2,-0.2,-7.45067506688,-1.39161358797,-10.4962403998,0,0,0,0,0,0,-6.47356319427,0.551730751991,10.59516716,-0.242585092783,-2.37516856194,2.52256393433,0.665827453136,-1.9669495821,2.12181353569,6.14595842361,2.04184317589,10.4345798492
20.038,10018,15.206408,1.68069294756,-0.00359187566713,0.370494140825,0.999992962475,0.00346217924623,-0.00143040584143,0.000205556967557,0.638240194673,0.00799084291957,-0.0112231980001,-0.0042733057946,0.178782388201,0.203011289937,0.430698405633,0.0482433774884,1.24243324058,0.573846818726,-0.163924543688,-2.43572068145,7.57349088697,-0.333794076142,161.711377718,-0.782871610549,-0.293850017473,0.36055085324,0,0,-9.81,1.67836244199,-0.00363150642969,0.343336992722,0.670541606118,0.0159789578721,-0.0341023927057,7.57349088697,-0.333794076142,161.711377718,-0.783643475427,-0.29652526632,0.35666283658,0,0,0,-1,0,0,0,1.30554141552,-0.727600818733,-0.539513243795,0.964698715728,-1.15479310751,-0.549140612812,0.340614987905,0,0,0,0,0,0,1.85622482224,-0.136851621498,0.0366183828222,0,0,0,-42.1543458648,1.14312659453,-64.5725818623,-2.77336326354,0.262948051687,-77.0723897164,2.72268277959,-0.231547256168,79.7306339044,2.72268277959,-0.231547256168,79.7306339044,1.84823817404,0.134491185726,0.0226189485384,79.7306339044,0,0,-46.3196674471,0.173084262532,-64.6779733041,-4.90608077164,0.0585788035781,-79.4021959476,4.85080810739,-0.102246819975,81.9807438133,4.85080810739,-0.102246819975,81.9807438133,1.46823707731,-0.146188656525,0.0213769839365,81.9807438133,0,0,-1.1086468147,-0.334292384547,0.257531107759,-1.04249327841,-0.343543991582,-0.449840771715,0,0,0,0,0,0,1.46956484564,0.13187062662,0.0406294832229,0,0,0,15.206408,0,0,-0.000171938246041,-0.413292809336,0.00305820108775,0,15.206408,0,0.413262525077,-0.00028422834489,-0.0170616067072,0,0,15.206408,-0.000352913650797,0.0160277501227,-0.000103751720906,-0.000171938246041,0.413262525077,-0.000352913650797,0.211910282927,-0.000355076953784,-0.0214798155081,-0.413292809336,-0.00028422834489,0.0160277501227,-0.000355076953784,0.520175328324,-0.000651994201693,0.00305820108775,-0.0170616067072,-0.000103751720906,-0.0214798155081,-0.000651994201693,0.527368665764,5.70507342245,-0.921057183076,8.19095888196,-0.72694457722,-0.307481684196,0.226001718021,-1.86841751138,-0.58726311209,-153.520418829,0.055927030473,-0.0136316477633,-0.134549140838,1.86841751138,0.58726311209,153.520418829,-0.055927030473,0.0136316477633,0.134549140838,0,0,0,0,0,0,0,0,0,0,0,0,0,0,0,0,0,0,4.68517100671e-08,5.15646403354e-09,-6.68805455462e-09,2.8557572973e-09,-1.89591424782e-08,5.6195330056e-09,5.70507342245,-0.921057183076,8.19095888196,-0.72694457722,-0.307481684196,0.226001718021,0.133956407148,0.0157702095494,0.0775053660934,-0.100657827817,-0.271091461694,2.43350484355,-0.548909516061,-0.555537647526,2.24818784078,-0.113475677108,0.026250616788,0.187997424827,-1.86841751138,-0.58726311209,-153.520418829,0.055927030473,-0.0136316477633,-0.134549140838,-7.28273422795,-0.0704852906744,10.2616890092,0.099342172183,-0.471091461694,2.63350484355,-0.748909516061,-0.755537647526,2.44818784078,7.58174585685,1.24045801491,10.9220527377,7.57349088697,-0.333794076142,161.711377718,-0.782871610549,-0.293850017473,0.36055085324,7.41669063511,0.0862555002201,-10.1841836431,-0.2,0.2,-0.2,0.2,0.2,-0.2,-7.69522153652,-1.21420738044,-10.7340553039,0,0,0,0,0,0,-6.2282409668,0.49406644702,10.138256073,-1.00526058674,-0.599397301674,2.28323602676,0.441160529852,-0.66168898344,2.05610132217,6.46761751175,1.8156260252,10.6775016785
20.04,10019,15.206408,1.68197220404,-0.00357536946812,0.370475868379,0.999992005218,0.00365486624407,-0.00160988405889,0.000199313192362,0.6396282391,0.00825309950544,-0.009136222757,-0.00315271878694,0.178482148557,0.198117835497,0.694701313337,0.131731505719,1.05150848084,0.663291998574,0.375386854647,-2.51821685791,7.76198860634,-0.332271509062,161.34822639,-1.17774717168,0.359352201174,0.347723637582,0,0,-9.81,1.67970529505,-0.00359971297269,0.343271513202,0.671560385416,0.0159353134035,-0.032454014405,7.76198860634,-0.332271509062,161.34822639,-1.17888781549,0.35646308556,0.346830967678,0,0,0,-1,0,0,0,1.30743311805,-1.76875023767,-1.01013730232,2.15832437766,-2.70391040787,-1.03036676895,0.659114344927,0,0,0,0,0,0,1.86066572226,-0.13615058805,0.0360880470852,0,0,0,-41.153413459,1.11065416392,-63.338956326,-2.86265577242,0.245867614497,-75.4877813392,2.85053398286,-0.215245159728,78.1380995043,2.85053398286,-0.215245159728,78.1380995043,1.84833852179,0.134490198017,0.0225810805597,78.1380995043,0,0,-46.7967602386,0.20394774741,-65.9334174775,-4.89667701371,0.0841974002617,-80.7044569326,4.91145462348,-0.117026349333,83.2101268862,4.91145462348,-0.117026349333,83.2101268862,1.46832781913,-0.146184300511,0.0214006320813,83.2101268862,0,0,-1.62684692191,-0.665035577691,1.18539530234,-2.01227828405,-0.666377450428,-0.0272479510526,0,0,0,0,0,0,1.4735417572,0.132018777589,0.0405883160706,0,0,0,15.206408,0,0,-0.000165741641041,-0.413947598355,0.00298579342218,0,15.206408,0,0.413913666919,-0.000278267904316,-0.0162018849726,0,0,15.206408,-0.000113151190799,0.0150183359023,-0.000103661824515,-0.000165741641041,0.413913666919,-0.000113151190799,0.212036019629,-0.000366125129645,-0.0212440587706,-0.413947598355,-0.000278267904316,0.0150183359023,-0.000366125129645,0.520320395535,-0.000657286406831,0.00298579342218,-0.0162018849726,-0.000103661824515,-0.0212440587706,-0.000657286406831,0.527297387532,5.73739090025,-0.914036771589,7.8218980786,-1.12560396166,0.400149393849,0.212306729961,-2.02459770628,-0.5817652625,-153.526328312,0.0521432100356,0.0407971927438,-0.135416907624,2.02459770628,0.5817652625,153.526328312,-0.0521432100356,-0.0407971927438,0.135416907624,0,0,0,0,0,0,0,0,0,0,0,0,0,0,0,0,0,0,1.88529192258e-10,-2.76809131172e-11,-1.64277480508e-11,-1.16371356995e-11,-6.88074597299e-11,3.25539595281e-12,5.73739090025,-0.914036771589,7.8218980786,-1.12560396166,0.400149393849,0.212306729961,0.122361720092,0.00954095857634,0.0672967931184,-0.489140855542,0.672242198732,2.66663961331,-0.671329116749,0.147064899354,2.17533949156,-0.0765447524118,-0.0101092706782,0.187499050472,-2.02459770628,-0.5817652625,-153.526328312,0.0521432100356,0.0407971927438,-0.135416907624,-7.15451520176,-0.0957807809842,10.0316860878,-0.289140855542,0.472242198732,2.86663961331,-0.871329116749,-0.0529351006465,2.37533949156,7.7425423356,1.1154787339,11.0374678066,7.76198860634,-0.332271509062,161.34822639,-1.17774717168,0.359352201174,0.347723637582,7.27687692185,0.105321739593,-9.96438929466,-0.2,0.2,-0.2,0.2,0.2,-0.2,-7.81908708801,-1.12558800454,-10.8499687561,0,0,0,0,0,0,-6.09954118729,0.471660405397,9.91090965271,-1.39207363129,0.303104013205,2.54222011566,0.319022506475,0.00494001992047,2.00753235817,6.62865829468,1.69403934479,10.7969865799
20.042,10020,15.206408,1.68325436603,-0.00355833848141,0.370461669756,0.999990996302,0.00384248933471,-0.00179018424414,0.000194502462758,0.641080994132,0.00851549335562,-0.00709931153548,-0.00185122170747,0.17922637111,0.193015781808,0.726999001512,0.131780106152,1.02640758805,0.69006892066,0.413554912864,-2.50979581774,8.41000372088,-0.339452376525,160.953456024,-1.17298425395,0.294089346778,0.356663778845,0,0,-9.81,1.68105020874,-0.00356800799535,0.343209225502,0.672598005838,0.0158895735272,-0.0308620000933,8.41000372088,-0.339452376525,160.953456024,-1.17424661812,0.291020366374,0.355023493907,0,0,0,-1,0,0,0,1.30933895421,-1.710102558,-0.992771759483,2.12719808894,-2.64376683465,-1.013917824,0.646131414692,0,0,0,0,0,0,1.86502182758,-0.135471830242,0.0355108663933,0,0,0,-41.0639010045,1.09095408284,-63.2582704612,-3.13818672642,0.224767813369,-75.3600968137,3.1616100655,-0.198853254655,77.9715915049,3.1616100655,-0.198853254655,77.9715915049,1.84843664382,0.13448970017,0.0225482838815,77.9715915049,0,0,-46.7289394386,0.236461202688,-65.7595899497,-5.18732800574,0.113341899211,-80.5049821259,5.24839365538,-0.14059912187,82.9818645189,5.24839365538,-0.14059912187,82.9818645189,1.46841526404,-0.146180540485,0.0214256566839,82.9818645189,0,0,-1.57753549752,-0.664327375686,1.16397465495,-1.95977859075,-0.66566365137,-0.030755224737,0,0,0,0,0,0,1.47745427653,0.132153017314,0.0404939440264,0,0,0,15.206408,0,0,-0.000160761539451,-0.414617404398,0.00291912140857,0,15.206408,0,0.414580352267,-0.000272633845678,-0.0153541796916,0,0,15.206408,0.00011736477327,0.0140198150285,-0.000102852617248,-0.000160761539451,0.414580352267,0.00011736477327,0.212175555872,-0.000378182282117,-0.0210149679031,-0.414617404398,-0.000272633845678,0.0140198150285,-0.000378182282117,0.520483617891,-0.000662620005664,0.00291912140857,-0.0153541796916,-0.000102852617248,-0.0210149679031,-0.000662620005664,0.527231622687,6.27413746086,-0.898691228185,7.48586482497,-1.12483914262,0.381898725524,0.220850837649,-2.13586626002,-0.55923885166,-153.467591199,0.0481451113245,0.0878093787467,-0.135812941196,2.13586626002,0.55923885166,153.467591199,-0.0481451113245,-0.0878093787467,0.135812941196,0,0,0,0,0,0,0,0,0,0,0,0,0,0,0,0,0,0,8.82849349182e-13,4.55191440096e-14,-1.08002495836e-12,1.66089364484e-13,-5.87252468875e-13,9.42024236394e-14,6.27413746086,-0.898691228185,7.48586482497,-1.12483914262,0.381898725524,0.220850837649,0.111903149847,-0.0191999702826,0.078417320539,-0.491316713871,0.706882163022,2.63592210152,-0.667797749229,0.175859442632,2.15145577631,-0.0649130479525,-0.0409268211251,0.189043688324,-2.13586626002,-0.55923885166,-153.467591199,0.0481451113245,0.0878093787467,-0.135812941196,-7.15495868132,-0.098873466092,10.0291649364,-0.291316713871,0.506882163022,2.83592210152,-0.867797749229,-0.0241405573681,2.35145577631,7.74229486393,1.11200286509,11.0333373982,8.41000372088,-0.339452376525,160.953456024,-1.17298425395,0.294089346778,0.356663778845,7.26686183117,0.0796734958094,-9.95074761589,-0.2,0.2,-0.2,0.2,0.2,-0.2,-7.80720791188,-1.15292968622,-10.8442937099,0,0,0,0,0,0,-6.09954118729,0.471660405397,9.91090965271,-1.39207363129,0.303104013205,2.54222011566,0.319022506475,0.00494001992047,2.00753235817,6.62865829468,1.69403934479,10.7969865799
20.044,10021,15.206408,1.68454047281,-0.00354051468908,0.370450648508,0.999989937315,0.00402510926514,-0.00197159892525,0.00019121407882,0.643053391178,0.00891189616404,-0.00551062401521,-0.000495622402838,0.180046221012,0.187930452594,0.988278892858,0.198923131057,0.800241749799,0.735321286432,0.571790860093,-2.4527293053,8.55124757552,-0.392434818736,160.744125849,-1.58728642759,0.965346797816,0.33571803981,0,0,-9.81,1.68239735217,-0.00353639359601,0.343150026656,0.673719535647,0.015842734603,-0.0293209347351,8.55124757552,-0.392434818736,160.744125849,-1.58886641747,0.962142402539,0.337438513216,0,0,0,-1,0,0,0,1.31125874262,-2.11406890732,-1.36642767899,3.61376866987,-3.87042497886,-1.41850167007,1.55029011515,0,0,0,0,0,0,1.86929484802,-0.134814831406,0.0348858313273,0,0,0,-40.1166010573,1.11174267173,-62.0868330876,-3.22585869746,0.259940061758,-73.8571510542,3.26991066636,-0.233231463117,76.460923604,3.26991066636,-0.233231463117,76.460923604,1.84853305841,0.134489594574,0.0225199120755,76.460923604,0,0,-47.2125937221,0.268513848626,-67.0743988449,-5.17240964345,0.139632445528,-81.8614852499,5.28133690915,-0.159203355619,84.2832022453,5.28133690915,-0.159203355619,84.2832022453,1.4685002356,-0.1461772533,0.0214516511753,84.2832022453,0,0,-2.07388906445,-0.938240404443,2.12493561477,-2.94307831423,-0.93174603722,0.408413556951,0,0,0,0,0,0,1.48130383815,0.132273407011,0.0403457027446,0,0,0,15.206408,0,0,-0.000157038555517,-0.415302257021,0.00285823336446,0,15.206408,0,0.415262615973,-0.000267412072124,-0.0145179697872,0,0,15.206408,0.000338590933718,0.0130315821484,-0.000101353872128,-0.000157038555517,0.415262615973,0.000338590933718,0.212328982451,-0.000391172916837,-0.0207921707307,-0.415302257021,-0.000267412072124,0.0130315821484,-0.000391172916837,0.520664821471,-0.000667993120339,0.00285823336446,-0.0145179697872,-0.000101353872128,-0.0207921707307,-0.000667993120339,0.527171047248,6.31391629137,-0.928370861434,7.32722161947,-1.5424271791,1.09751169474,0.199873587151,-2.23733128415,-0.535936042695,-153.41690423,0.044859248489,0.132164896928,-0.135844452658,2.23733128415,0.535936042695,153.41690423,-0.044859248489,-0.132164896928,0.135844452658,0,0,0,0,0,0,0,0,0,0,0,0,0,0,0,0,0,0,1.49924517245e-12,-2.54951615375e-12,-1.67688085639e-12,-1.12598819157e-12,-4.13780121278e-13,-1.21364029937e-12,6.31391629137,-0.928370861434,7.32722161947,-1.5424271791,1.09751169474,0.199873587151,0.0937708442476,-0.016966031146,0.0623379014739,-0.881668228632,1.65026874747,2.44204645043,-0.750815390712,0.878107119549,2.0632821143,-0.0363263187241,-0.0660712285754,0.18725260657,-2.23733128415,-0.535936042695,-153.41690423,0.044859248489,0.132164896928,-0.135844452658,-7.02178458489,-0.119331105961,9.80176802009,-0.681668228632,1.45026874747,2.64204645043,-0.950815390712,0.678107119549,2.2632821143,7.90315384347,0.981880286324,11.146980118,8.55124757552,-0.392434818736,160.744125849,-1.58728642759,0.965346797816,0.33571803981,7.11555542914,0.102365074817,-9.73943011861,-0.2,0.2,-0.2,0.2,0.2,-0.2,-7.93948016219,-1.0479515149,-10.9597275114,0,0,0,0,0,0,-5.96596908569,0.454169213772,9.68630981445,-1.78101062775,1.21403193474,2.37896704674,0.232638239861,0.679727196693,1.94309341908,6.78980827332,1.56727445126,10.9149169922
20.046,10022,15.206408,1.68583252458,-0.00352115673094,0.370438667717,0.99998881245,0.00420705987239,-0.00215405886952,0.000188820375025,0.646025886916,0.00967897907275,-0.0059903954465,0.000953386631626,0.181157625839,0.182905074989,1.49168982172,0.384796917955,-0.238926972847,0.452033627026,0.564004301023,-0.204362158632,7.51784216069,0.128168860381,152.063465623,-2.32621648001,2.67989589203,0.23620654136,0,0,-9.81,1.68374675404,-0.00350488602585,0.343093853092,0.674851249887,0.0157866749969,-0.0278158468995,7.51784216069,0.128168860381,152.063465623,-2.32819665323,2.67705450565,0.248592340741,0,0,0,-1,0,0,0,1.31318592116,-2.99920914369,-1.99443216959,6.62861298281,-6.42388240828,-2.11141965437,3.34472227403,0,0,0,0,0,0,1.87346343989,-0.13418757418,0.0342257264637,0,0,0,-35.6845010785,0.835525736231,-55.6177141292,-2.94774098199,0.071340130888,-66.0205845106,2.93001441646,-0.0387062165468,68.7204367614,2.93001441646,-0.0387062165468,68.7204367614,1.84862815741,0.134489833887,0.0224958731447,68.7204367614,0,0,-45.9439517401,-0.0370160275926,-66.7961033578,-4.50222413513,-0.168064337409,-80.9460884026,4.58782774423,0.166875076928,83.3430288611,4.58782774423,0.166875076928,83.3430288611,1.4685834729,-0.146174318997,0.0214777283189,83.3430288611,0,0,-3.13324206718,-1.72756237242,4.20230690692,-5.06852892046,-1.70438859713,1.36606553082,0,0,0,0,0,0,1.48507275559,0.132374518333,0.0401487935572,0,0,0,15.206408,0,0,-0.00015462250107,-0.41598944367,0.00280739731923,0,15.206408,0,0.415947717142,-0.00026284355273,-0.0137088343272,0,0,15.206408,0.000546203884275,0.0120690035912,-9.93066376855e-05,-0.00015462250107,0.415947717142,0.000546203884275,0.212491960889,-0.000405300570037,-0.0205791308033,-0.41598944367,-0.00026284355273,0.0120690035912,-0.000405300570037,0.520860602514,-0.000673667727874,0.00280739731923,-0.0137088343272,-9.93066376855e-05,-0.0205791308033,-0.000673667727874,0.527117078527,5.24221421841,-0.367958458052,-1.23867429113,-2.28391133734,2.84443569232,0.103240735938,-2.27562794233,-0.496127318426,-153.302139914,0.0423051426737,0.164539800312,-0.132965805417,2.27562794233,0.496127318426,153.302139914,-0.0423051426737,-0.164539800312,0.132965805417,0,0,0,0,0,0,0,0,0,0,0,0,0,0,0,0,0,0,4.88142859467e-11,-6.92587653894e-12,-2.21973550651e-11,-3.95150578925e-12,-1.73119296676e-11,-4.64794869259e-12,5.24221421841,-0.367958458052,-1.23867429113,-2.28391133734,2.84443569232,0.103240735938,0.0159086911807,0.0920135450163,-0.0615608629897,-1.53670525161,3.53379496141,1.96569903483,-1.10997534555,2.3493987062,1.78845871702,0.0257833066231,-0.0144094501362,0.102035378084,-2.27562794233,-0.496127318426,-153.302139914,0.0423051426737,0.164539800312,-0.132965805417,-6.46391946505,-0.0650541032889,8.65871042959,-1.33670525161,3.33379496141,2.16569903483,-1.30997534555,2.1493987062,1.98845871702,7.75228554439,0.688644891435,10.7602427291,7.51784216069,0.128168860381,152.063465623,-2.32621648001,2.67989589203,0.23620654136,6.47982815623,0.15706764832,-8.72027129258,-0.2,0.2,-0.2,0.2,0.2,-0.2,-7.72650223777,-0.703054341566,-10.6582073511,0,0,0,0,0,0,-5.40773153305,0.511625051498,8.54574203491,-2.4345459938,3.07690834999,1.93325662613,-0.133657112718,2.13118314743,1.6915756464,6.63918781281,1.2774720192,10.5324602127
20.048,10023,15.206408,1.6871316794,-0.00350002112847,0.370425001349,0.999987616973,0.00438942893195,-0.00233744792686,0.000187488366636,0.649577410854,0.0105678012331,-0.00683318397987,0.00184482197663,0.182197528586,0.182223235223,1.782739475,0.445562062562,-0.421892272603,0.544332242121,0.511811469382,0.376640493366,7.6655934443,0.0578586454002,151.603948671,-2.78132230159,3.38282005342,0.207413421267,0,0,-9.81,1.68509812616,-0.00347335258832,0.343038403315,0.675830803078,0.0157949395898,-0.0274705687455,7.6655934443,0.0578586454002,151.603948671,-2.78352830304,3.3799547954,0.223877988355,0,0,0,-1,0,0,0,1.31510563113,-3.40844342369,-2.38441864833,8.12249550611,-7.68695110147,-2.53852304277,4.21242870975,0,0,0,0,0,0,1.8774841357,-0.133603849683,0.0335576234479,0,0,0,-34.6902404693,0.858748551486,-54.2026526062,-3.06693704114,0.111628651649,-64.285762177,3.07646318947,-0.0769454752168,66.9584423963,3.07646318947,-0.0769454752168,66.9584423963,1.84872193715,0.134490386644,0.0224781772019,66.9584423963,0,0,-46.3831278172,0.00674573001729,-68.1176161264,-4.46339217752,-0.130685567458,-82.2889134083,4.58913025482,0.134804120617,84.6455062743,4.58913025482,0.134804120617,84.6455062743,1.46866536269,-0.146171622614,0.0215038843399,84.6455062743,0,0,-4.26063712441,-1.91021432838,4.90262966077,-6.39436931885,-1.89108830031,1.17198597751,0,0,0,0,0,0,1.48872370829,0.132440460543,0.0399162497331,0,0,0,15.206408,0,0,-0.00015292694955,-0.416650936696,0.00277922666167,0,15.206408,0,0.416607575145,-0.000258852702361,-0.012961399587,0,0,15.206408,0.000730937371669,0.0111668781744,-9.71037439192e-05,-0.00015292694955,0.416607575145,0.000730937371669,0.212653013775,-0.000421643068904,-0.0203834971822,-0.416650936696,-0.000258852702361,0.0111668781744,-0.000421643068904,0.52106274838,-0.000680709062764,0.00277922666167,-0.012961399587,-9.71037439192e-05,-0.0203834971822,-0.000680709062764,0.527072864504,5.47358709328,-0.367954723577,-1.44496867957,-2.74031947134,3.5566145483,0.0816020256723,-2.19200635102,-0.425813368977,-153.04891735,0.0410028302554,0.173794494882,-0.125811395594,2.19200635102,0.425813368977,153.04891735,-0.0410028302554,-0.173794494882,0.125811395594,0,0,0,0,0,0,0,0,0,0,0,0,0,0,0,0,0,0,4.26325641456e-14,-4.57550664024e-14,-4.26325641456e-13,-7.06101843662e-14,4.35207425653e-14,-3.74977826567e-14,5.47358709328,-0.367954723577,-1.44496867957,-2.74031947134,3.5566145483,0.0816020256723,-0.00740095368198,0.0832316161924,-0.0638626664256,-1.9318055573,4.46535449081,1.70396711192,-1.20179030671,3.04789841506,2.05500979281,0.0413269930422,-0.0339459094676,0.102656017046,-2.19200635102,-0.425813368977,-153.04891735,0.0410028302554,0.173794494882,-0.125811395594,-6.3116185194,-0.063024035627,8.43298343091,-1.7318055573,4.26535449081,1.90396711192,-1.40179030671,2.84789841506,2.25500979281,7.90484090504,0.547757419582,10.8664518082,7.6655934443,0.0578586454002,151.603948671,-2.78132230159,3.38282005342,0.207413421267,6.30421756571,0.146255651819,-8.49684609734,-0.2,0.2,-0.2,0.2,0.2,-0.2,-7.863513912,-0.58170332905,-10.7637957912,0,0,0,0,0,0,-5.25536870956,0.517885088921,8.31990528107,-2.82682824135,4.01132154465,1.70044267178,-0.242408126593,2.82628297806,1.97906291485,6.7913517952,1.14070665836,10.6410207748
20.05,10024,15.206408,1.68843905599,-0.00347679376251,0.370408789064,0.99998635044,0.00457205609883,-0.00252193566731,0.000187290038099,0.653688291109,0.0116136829813,-0.00810614285969,0.00291991305208,0.183118248235,0.182626409077,2.06399698849,0.52423376041,-0.639190883725,0.578192072596,0.608738261085,0.323865453019,7.78031622006,0.0238032195347,151.268329224,-3.22793125971,4.10730641491,0.166122812279,0,0,-9.81,1.68645150113,-0.00344181320506,0.342983549227,0.676823749703,0.0157926684191,-0.0271930764839,7.78031622006,0.0238032195347,151.268329224,-3.23029649163,4.10454521181,0.187072639748,0,0,0,-1,0,0,0,1.31701252863,-3.81417643837,-2.7849530258,9.61722128461,-8.95530107286,-2.9779467893,5.0724024003,0,0,0,0,0,0,1.88133593571,-0.133071944082,0.0328944339976,0,0,0,-33.7261259032,0.892956708867,-52.8197056431,-3.18258718177,0.162218600232,-62.5940497835,3.21353485001,-0.124041761934,65.2405652797,3.21353485001,-0.124041761934,65.2405652797,1.84881472213,0.134491233794,0.0224663185673,65.2405652797,0,0,-46.8368387599,0.00693993186887,-69.5153040395,-4.41015243107,-0.137513917909,-83.7054278667,4.56678137005,0.147844981469,86.027763944,4.56678137005,0.147844981469,86.027763944,1.4687464218,-0.146169078917,0.0215294227165,86.027763944,0,0,-4.73316246852,-2.21889972443,5.88423148844,-7.38812695726,-2.19230109472,1.59997472591,0,0,0,0,0,0,1.4922289928,0.132467472715,0.0396398522492,0,0,0,15.206408,0,0,-0.000152047126276,-0.417277577566,0.00277852448612,0,15.206408,0,0.417232958733,-0.000255823467585,-0.0122926139671,0,0,15.206408,0.000888789818789,0.0103423189764,-9.49446664329e-05,-0.000152047126276,0.417232958733,0.000888789818789,0.212809579229,-0.000440183194482,-0.0202101414471,-0.417277577566,-0.000255823467585,0.0103423189764,-0.000440183194482,0.521269183136,-0.000689093843669,0.00277852448612,-0.0122926139671,-9.49446664329e-05,-0.0202101414471,-0.000689093843669,0.527039680613,5.71594736354,-0.323001265379,-1.47032995083,-3.18798397505,4.28019030162,0.0514808832474,-2.06436885652,-0.346804484914,-152.738659174,0.0399472846584,0.172883886711,-0.114641929032,2.06436885652,0.346804484914,152.738659174,-0.0399472846584,-0.172883886711,0.114641929032,0,0,0,0,0,0,0,0,0,0,0,0,0,0,0,0,0,0,-4.4408920985e-14,-7.77156117238e-16,-1.13686837722e-13,-1.37667655054e-14,2.84217094304e-14,-2.96984659087e-15,5.71594736354,-0.323001265379,-1.47032995083,-3.18798397505,4.28019030162,0.0514808832474,-0.0264353687034,0.0802494163508,-0.0691215874942,-2.32626453116,5.38913179558,1.42297153602,-1.296825764,3.74787958716,1.90300338172,0.0639244435515,-0.0452265861737,0.0993336256125,-2.06436885652,-0.346804484914,-152.738659174,0.0399472846584,0.172883886711,-0.114641929032,-6.15583992154,-0.0559710507704,8.20996763896,-2.12626453116,5.18913179558,1.62297153602,-1.496825764,3.54787958716,2.10300338172,8.05510839151,0.401169107729,10.9709786763,7.78031622006,0.0238032195347,151.268329224,-3.22793125971,4.10730641491,0.166122812279,6.12940455284,0.136220467121,-8.27908922646,-0.2,0.2,-0.2,0.2,0.2,-0.2,-7.99118394796,-0.446395693903,-10.8716450507,0,0,0,0,0,0,-5.09966039658,0.529316902161,8.09671020508,-3.21831941605,4.95025920868,1.44678330421,-0.357459425926,3.52752447128,1.85147964954,6.94106817245,0.998333454132,10.747918129
20.052,10025,15.206408,1.68975446206,-0.00345162675489,0.370383264712,0.999985027501,0.00475194006335,-0.00270713017122,0.000187845930426,0.65770303862,0.0125835038073,-0.0127621757411,0.00406585719944,0.184208047201,0.18286857694,2.01644120537,0.486082455749,-2.33249130955,0.36522263534,0.419851578581,-1.17747058698,5.8749323816,-1.02493220783,127.129368764,-3.4905361512,4.38172975123,0.07727566847,0,0,-9.81,1.68780690218,-0.00341027803035,0.342929196844,0.677825101354,0.0157848672097,-0.0269655920362,5.8749323816,-1.02493220783,127.129368764,-3.49262346918,4.37961260172,0.0997222442775,0,0,0,-1,0,0,0,1.31889917033,-3.96717934875,-2.85581101357,9.46983209903,-9.00736827601,-3.04569237962,4.81279162058,0,0,0,0,0,0,1.88499805456,-0.132600380032,0.0322492550127,0,0,0,-27.1116992507,1.46510265575,-42.8757601457,-2.56622825307,0.870598799118,-50.6771950724,2.41896636712,-0.827138089722,53.4398933772,2.41896636712,-0.827138089722,53.4398933772,1.84890676934,0.13449236772,0.022459823093,53.4398933772,0,0,-39.4014389381,0.340949390323,-59.3841481358,-3.48717779501,0.213835098884,-71.1818835959,3.45596601447,-0.197794118112,73.6894753871,3.45596601447,-0.197794118112,73.6894753871,1.46882705711,-0.146166614901,0.0215537717195,73.6894753871,0,0,-4.8732600953,-2.42761474942,5.49704505583,-7.25765590795,-2.40846685829,1.17694510844,0,0,0,0,0,0,1.49557167073,0.132449507106,0.0393251846343,0,0,0,15.206408,0,0,-0.000151989116601,-0.417857639645,0.00280994497083,0,15.206408,0,0.4178120448,-0.000254048586417,-0.0117191819158,0,0,15.206408,0.00101483145527,0.00961198394134,-9.30081987223e-05,-0.000151989116601,0.4178120448,0.00101483145527,0.21295722611,-0.000461089068862,-0.0200631340576,-0.417857639645,-0.000254048586417,0.00961198394134,-0.000461089068862,0.521475906166,-0.000699257779304,0.00280994497083,-0.0117191819158,-9.30081987223e-05,-0.0200631340576,-0.000699257779304,0.527018440799,3.98690615271,-1.28584781191,-25.2529971891,-3.45149501928,4.54111491456,-0.024861890232,-1.8880262289,-0.260915604078,-152.382365953,0.0390411319213,0.159385163338,-0.102137558704,1.8880262289,0.260915604078,152.382365953,-0.0390411319213,-0.159385163338,0.102137558704,0,0,0,0,0,0,0,0,0,0,0,0,0,0,0,0,0,0,1.81428205792e-11,8.91287044169e-13,-9.69464508671e-11,2.28084218179e-12,-1.41096023754e-11,1.49440182451e-12,3.98690615271,-1.28584781191,-25.2529971891,-3.45149501928,4.54111491456,-0.024861890232,-0.12042153061,0.266755575526,-0.27534871876,-2.19395883566,5.41453657993,1.26617684227,-1.58311585034,3.65695904485,1.81714512975,0.170483443813,0.156414454855,-0.123747717078,-1.8880262289,-0.260915604078,-152.382365953,0.0390411319213,0.159385163338,-0.102137558704,-4.90716881585,0.047480540641,6.45639381361,-2.10298238752,5.21453657993,1.46617684227,-1.78311585034,3.45695904485,2.01714512975,7.10672341421,0.308037304536,9.02199646935,5.8749323816,-1.02493220783,127.129368764,-3.4905361512,4.38172975123,0.07727566847,4.78674728524,0.219275034888,-6.73174253238,-0.090976448136,0.2,-0.2,0.2,0.2,-0.2,-6.93623997041,-0.151622849672,-9.14574418643,0,0,0,0,0,0,-3.8510529995,0.637358248234,6.34281301498,-3.19199991226,5.00277471542,1.31483840942,-0.666823625565,3.44663023949,1.78819489479,5.99207782745,0.909569323063,8.80122852325
20.054,10026,15.206408,1.69108000523,-0.00342400998192,0.370346646926,0.999983672957,0.00492368553401,-0.00289405601718,0.000188628493503,0.662771582266,0.0138083864864,-0.0183088933125,0.00478309387393,0.184913231052,0.180115306169,2.54667117471,0.613626095001,-2.78218842932,0.0596401371004,0.963552796979,-3.84870918138,5.65058102076,-1.02412918609,125.91189654,-4.3412391433,5.75258924802,-0.0133535266681,0,0,-9.81,1.68916382921,-0.00337902252129,0.342869000522,0.67857722621,0.0156396807978,-0.0299090940182,5.65058102076,-1.02412918609,125.91189654,-4.34341210498,5.75093671501,0.0178005242586,0,0,0,-1,0,0,0,1.31995953272,-4.70437410456,-3.18030296188,12.5598354144,-11.539494939,-3.45112830905,6.70258891996,0,0,0,0,0,0,1.88847223025,-0.132190205171,0.0316186978068,0,0,0,-25.2137764349,1.51914708208,-39.7870801655,-2.62594806914,0.964201482996,-47.0449656212,2.49658880871,-0.914722915354,49.7837032903,2.49658880871,-0.914722915354,49.7837032903,1.84899752522,0.134493937818,0.0224615780015,49.7837032903,0,0,-40.1811970111,0.275165191331,-61.8818956841,-3.13080114732,0.138798666313,-73.7167019182,3.15399221205,-0.109406270735,76.1281932495,3.15399221205,-0.109406270735,76.1281932495,1.46890673432,-0.146164183078,0.0215811497594,76.1281932495,0,0,-5.78957864087,-3.15397457859,7.51032637431,-9.25613019195,-3.11773181106,2.11555688979,0,0,0,0,0,0,1.49875604604,0.132382292495,0.0389658879908,0,0,0,15.206408,0,0,-0.000152399513432,-0.418384693628,0.00287274055958,0,15.206408,0,0.418338322169,-0.000253296833518,-0.0112453753033,0,0,15.206408,0.00110717645273,0.00898055467358,-9.13415959114e-05,-0.000152399513432,0.418338322169,0.00110717645273,0.213092012682,-0.000484525233257,-0.0199431618609,-0.418384693628,-0.000253296833518,0.00898055467358,-0.000484525233257,0.521678964943,-0.000711103016147,0.00287274055958,-0.0112453753033,-9.13415959114e-05,-0.0199431618609,-0.000711103016147,0.527008673898,3.92654119954,-1.20426206677,-26.1421275804,-4.30276914019,5.89552013398,-0.104370651745,-1.72403982122,-0.180132880678,-152.05402412,0.0384700031133,0.142930885969,-0.0910171250771,1.72403982122,0.180132880678,152.05402412,-0.0384700031133,-0.142930885969,0.0910171250771,0,0,0,0,0,0,0,0,0,0,0,0,0,0,0,0,0,0,-1.05337960576e-12,7.4162898045e-14,-4.26325641456e-14,3.37507799486e-14,3.79252185212e-13,-1.75394421209e-13,3.92654119954,-1.20426206677,-26.1421275804,-4.30276914019,5.89552013398,-0.104370651745,-0.130075979992,0.289433302742,-0.299756036196,-2.69008100281,7.26563918104,0.652139111462,-1.83545378745,5.03975232026,1.48726316465,0.240394427407,0.131042455085,-0.109529807467,-1.72403982122,-0.180132880678,-152.05402412,0.0384700031133,0.142930885969,-0.0910171250771,-4.54934164902,0.127809900003,5.9975494564,-2.89008100281,7.06563918104,0.852139111462,-2.03545378745,4.83975232026,1.68726316465,7.37647511556,0.0325202320245,9.21369796039,5.65058102076,-1.02412918609,125.91189654,-4.3412391433,5.75258924802,-0.0133535266681,4.41926566903,0.16162340274,-6.29730549259,0.2,0.2,-0.2,0.2,0.2,-0.2,-7.13608068815,0.0985222230603,-9.32322776785,0,0,0,0,0,0,-3.49271917343,0.723564684391,5.87916660309,-3.97659659386,6.88422250748,0.722286760807,-0.941956102848,4.84174442291,1.47879719734,6.26122236252,0.639639854431,8.99038696289
20.056,10027,15.206408,1.69241682103,-0.00339360749187,0.370298004757,0.999982289557,0.00508729301578,-0.00308286227722,0.000189689091831,0.668407900562,0.0152012450264,-0.024321084295,0.00489926940699,0.186655169864,0.171976948587,2.83217925647,0.697770405224,-3.01715120049,0.0851864171166,1.04938624565,-3.81885014788,5.78739432523,-1.05140393214,125.088292075,-4.80513201182,6.45713731238,-0.0606488083692,0,0,-9.81,1.69052221214,-0.00334804743225,0.342802629346,0.679289034599,0.0154937563643,-0.0330235796031,5.78739432523,-1.05140393214,125.088292075,-4.80732023616,6.45574526473,-0.0248882266255,0,0,0,-1,0,0,0,1.32097545341,-5.09161498786,-3.59391041303,14.0464746678,-12.8001679387,-3.90582143048,7.55277733881,0,0,0,0,0,0,1.89171733186,-0.131849262632,0.0310332515387,0,0,0,-24.213068365,1.55625509968,-38.0856946672,-2.76849216584,1.02148103283,-45.0611448534,2.66749572519,-0.968108148306,47.746791541,2.66749572519,-0.968108148306,47.746791541,1.84908719698,0.134495930516,0.0224711024682,47.746791541,0,0,-40.5521628795,0.262409295347,-63.1443827718,-3.06420693478,0.11825366132,-74.9823745983,3.11989860004,-0.0832957838376,77.3415005336,3.11989860004,-0.0832957838376,77.3415005336,1.46898594724,-0.146161712032,0.0216098078059,77.3415005336,0,0,-6.24078406553,-3.49750849426,8.48671305186,-10.2381510183,-3.45241105253,2.54270947906,0,0,0,0,0,0,1.50174804047,0.132251394356,0.0385756818404,0,0,0,15.206408,0,0,-0.000152761209381,-0.418836605011,0.00296987552904,0,15.206408,0,0.418789413442,-0.000253461517157,-0.0109049834291,0,0,15.206408,0.00115805621583,0.00848114872589,-9.02172814795e-05,-0.000152761209381,0.418789413442,0.00115805621583,0.21320369095,-0.00051129529643,-0.0198581920395,-0.418836605011,-0.000253461517157,0.00848114872589,-0.00051129529643,0.521870514276,-0.000724723182265,0.00296987552904,-0.0109049834291,-9.02172814795e-05,-0.0198581920395,-0.000724723182265,0.527011915533,4.30725942072,-1.14524445897,-26.5531370065,-4.76862260427,6.56465130362,-0.139224119552,-1.48013490451,-0.0938405268229,-151.641429081,0.0365094075472,0.107513991237,-0.0785753111824,1.48013490451,0.0938405268229,151.641429081,-0.0365094075472,-0.107513991237,0.0785753111824,0,0,0,0,0,0,0,0,0,0,0,0,0,0,0,0,0,0,-5.3290705182e-15,8.21565038223e-15,-5.68434188608e-14,3.5527136788e-15,-7.1054273576e-15,1.46410661372e-15,4.30725942072,-1.14524445897,-26.5531370065,-4.76862260427,6.56465130362,-0.139224119552,-0.155147248041,0.276540086625,-0.291934061469,-3.08601602159,8.15878039864,0.317264947006,-1.95270402927,5.71485334527,1.29982377933,0.265268496249,0.115021345725,-0.102294455967,-1.48013490451,-0.0938405268229,-151.641429081,0.0365094075472,0.107513991237,-0.0785753111824,-4.36789694891,0.171688647782,5.77651055342,-3.28601602159,7.95878039864,0.517264947006,-2.15270402927,5.51485334527,1.49982377933,7.50761293445,-0.116575756572,9.30780003924,5.78739432523,-1.05140393214,125.088292075,-4.80513201182,6.45713731238,-0.0606488083692,4.21274970087,0.104851438843,-6.06844461489,0.2,0.2,-0.2,0.2,0.2,-0.2,-7.2423444382,0.231597102297,-9.41009449521,0,0,0,0,0,0,-3.31008005142,0.773957967758,5.65268325806,-4.36671924591,7.829018116,0.401749670506,-1.08751177788,5.54465103149,1.3068754673,6.39218044281,0.496417492628,9.08210659027
20.058,10028,15.206408,1.69376605456,-0.0033600819483,0.370236512637,0.999980880186,0.00524269732607,-0.00327366344078,0.000191090015831,0.67461676386,0.0167627717843,-0.0307460598288,0.00506984417724,0.188545700527,0.163838537592,3.12008712461,0.782259445259,-3.2257578221,0.115663712698,1.11788485968,-3.82207222967,5.9288384727,-1.07747409301,124.642000182,-5.27350548938,7.174379033,-0.108628285116,0,0,-9.81,1.69188208478,-0.00331735939896,0.342729866953,0.680016951776,0.015344893632,-0.0362463230184,5.9288384727,-1.07747409301,124.642000182,-5.27568211243,7.17327731399,-0.0681585289651,0,0,0,-1,0,0,0,1.32199872172,-5.48433261884,-4.01229650943,15.5371138789,-14.0685295257,-4.36480982094,8.40257385867,0,0,0,0,0,0,1.89471354476,-0.131586394347,0.030506867537,0,0,0,-23.3120831649,1.596164757,-36.5223164119,-2.91496235635,1.07949830542,-43.2460199022,2.84143573957,-1.02176123011,45.8842654931,2.84143573957,-1.02176123011,45.8842654931,1.84917601073,0.134498338182,0.0224873884188,45.8842654931,0,0,-41.0148165663,0.248966931547,-64.577229027,-3.00085909976,0.0958666078801,-76.4426669182,3.08740273313,-0.0557128629085,78.7577346891,3.08740273313,-0.0557128629085,78.7577346891,1.46906500149,-0.146159150982,0.0216387942299,78.7577346891,0,0,-6.69616043643,-3.84260803763,9.4722143604,-11.2308674059,-3.78749705479,2.97481585662,0,0,0,0,0,0,1.50453143425,0.132050115647,0.0381608792763,0,0,0,15.206408,0,0,-0.000153038853584,-0.419202417646,0.0031063493352,0,15.206408,0,0.419154201774,-0.000254909406399,-0.0107147352126,0,0,15.206408,0.00116226725835,0.00813051992816,-8.9888397552e-05,-0.000153038853584,0.419154201774,0.00116226725835,0.213287807094,-0.00054164285847,-0.019812564864,-0.419202417646,-0.000254909406399,0.00813051992816,-0.00054164285847,0.522046335135,-0.000740623051355,0.0031063493352,-0.0107147352126,-8.9888397552e-05,-0.019812564864,-0.000740623051355,0.527028839882,4.70487126363,-1.0906595981,-26.5857689328,-5.23951149831,7.23991404622,-0.174815310434,-1.22396720907,-0.0131855050828,-151.227769115,0.0339939910693,0.0655350132257,-0.0661870253177,1.22396720907,0.0131855050828,151.227769115,-0.0339939910693,-0.0655350132257,0.0661870253177,0,0,0,0,0,0,0,0,0,0,0,0,0,0,0,0,0,0,1.59872115546e-14,6.66133814775e-16,-1.42108547152e-14,-8.881784197e-16,-3.5527136788e-15,-7.91033905045e-16,4.70487126363,-1.0906595981,-26.5857689328,-5.23951149831,7.23991404622,-0.174815310434,-0.17738049601,0.264748991977,-0.284061606212,-3.48597007865,9.04949916323,-0.0170070074273,-2.06847389916,6.38981175676,1.11281286429,0.28676030726,0.101053778163,-0.0952374754745,-1.22396720907,-0.0131855050828,-151.227769115,0.0339939910693,0.0655350132257,-0.0661870253177,-4.19946136158,0.217293342844,5.57879522838,-3.68597007865,8.84949916323,0.182992992573,-2.26847389916,6.18981175676,1.31281286429,7.65436612002,-0.271417168779,9.42361272157,5.9288384727,-1.07747409301,124.642000182,-5.27350548938,7.174379033,-0.108628285116,4.02208086557,0.0474556491323,-5.86285683459,0.2,0.2,-0.2,0.2,0.2,-0.2,-7.36760581276,0.372470946942,-9.51885019705,0,0,0,0,0,0,-3.14043450356,0.826253652573,5.4495639801,-4.76180410385,8.78066253662,0.0755533725023,-1.23252534866,6.25508546829,1.13136339188,6.53868246078,0.347593963146,9.19560527802
20.06,10029,15.206408,1.69512854384,-0.00332308533965,0.370161496553,0.999979454399,0.00538927312637,-0.00346546693547,0.000192492388403,0.681244642946,0.0184983043249,-0.0375080421136,0.00530452593009,0.190550231605,0.15563419976,3.33072835735,0.869525571562,-3.39608520702,-0.0642797944081,0.630442894525,-4.10600286609,6.09692869705,-1.20551810382,124.194995108,-5.74691893327,7.83851939009,-0.143296933206,0,0,-9.81,1.69324348424,-0.00328696394755,0.342650598978,0.680763641312,0.0151940153813,-0.0395249266297,6.09692869705,-1.20551810382,124.194995108,-5.74912215938,7.83759154703,-0.0987451459291,0,0,0,-1,0,0,0,1.32303040832,-5.48346675773,-4.51715686853,16.4683853769,-14.6772646479,-4.90109309896,9.06851805257,0,0,0,0,0,0,1.89744093547,-0.131410541684,0.030053648505,0,0,0,-22.4946982479,1.68362018246,-35.0423808867,-3.07956634417,1.18362010962,-41.5443112707,3.02229817064,-1.12088067508,44.1371945577,3.02229817064,-1.12088067508,44.1371945577,1.84926416553,0.134501161391,0.0225095221235,44.1371945577,0,0,-41.4183081141,0.2969031685,-65.8911225844,-2.95700372956,0.134233379369,-77.7717335817,3.07463052641,-0.0846374287442,80.0578005499,3.07463052641,-0.0846374287442,80.0578005499,1.46914416133,-0.146156455946,0.0216672926294,80.0578005499,0,0,-7.07827988415,-4.20884935385,10.3934353452,-12.1268949963,-4.1422425704,3.4088416675,0,0,0,0,0,0,1.50708980854,0.131771735336,0.0377280016894,0,0,0,15.206408,0,0,-0.00015319762766,-0.419471224523,0.00328710475081,0,15.206408,0,0.419421593715,-0.000258023634965,-0.0106914074178,0,0,15.206408,0.00111460237698,0.00794551699667,-9.06070303804e-05,-0.00015319762766,0.419421593715,0.00111460237698,0.213339914845,-0.000575826246315,-0.0198106716438,-0.419471224523,-0.000258023634965,0.00794551699667,-0.000575826246315,0.522202223481,-0.00075929754745,0.00328710475081,-0.0106914074178,-9.06070303804e-05,-0.0198106716438,-0.00075929754745,0.527060159724,5.12609163468,-1.14925316321,-26.6393747556,-5.71627018123,7.85856042962,-0.19765578348,-0.970837062377,0.0562649406262,-150.834369863,0.0306487520559,0.0200410395262,-0.0543588502711,0.970837062377,-0.0562649406262,150.834369863,-0.0306487520559,-0.0200410395262,0.0543588502711,0,0,0,0,0,0,0,0,0,0,0,0,0,0,0,0,0,0,1.31548105742e-11,-7.47868433848e-12,-4.2859937821e-11,-8.68816130151e-12,1.30562227696e-12,-2.92799118284e-12,5.12609163468,-1.14925316321,-26.6393747556,-5.71627018123,7.85856042962,-0.19765578348,-0.201274955708,0.254726654994,-0.283589513534,-3.88205610469,9.53055821294,-0.363631044352,-2.19120927451,6.99872357236,0.918434025301,0.297856967619,0.0772463773817,-0.0804828404798,-0.970837062377,0.0562649406262,-150.834369863,0.0306487520559,0.0200410395262,-0.0543588502711,-4.02617643358,0.267834611134,5.39077760455,-4.08205610469,9.73055821294,-0.163631044352,-2.39120927451,6.85355231322,1.1184340253,7.80001804093,-0.43078848464,9.53565695263,6.09692869705,-1.20551810382,124.194995108,-5.74691893327,7.83851939009,-0.143296933206,3.82490147788,-0.0131079561321,-5.67436711808,0.2,-0.2,-0.2,0.2,0.145171259138,-0.2,-7.50216107331,0.508034862022,-9.61613979311,0,0,0,0,0,0,-2.96591424942,0.883661150932,5.2561879158,-5.15448665619,9.73064422607,-0.270593225956,-1.38436579704,6.96136522293,0.943699479103,6.68401384354,0.194389119744,9.30540657043
20.062,10030,15.206408,1.69650419006,-0.00328264776994,0.370073141732,0.99997802147,0.00552691353383,-0.00365675575503,0.000194782508313,0.687823109055,0.0202187848566,-0.0441774105723,0.00518463904989,0.191565947295,0.1468082183,3.30552087499,0.861867113758,-3.34921382025,0.375267933648,-0.139238024137,-4.16654650382,6.60897477554,-1.28433543988,123.727640541,-5.78425788569,7.80615537066,-0.116141144162,0,0,-9.81,1.69460645773,-0.00325689268637,0.342564715215,0.68153564104,0.015028419019,-0.0428551035851,6.60897477554,-1.28433543988,123.727640541,-5.7866105865,7.80494255816,-0.0721062310023,0,0,0,-1,0,0,0,1.32407140179,-5.61672206994,-4.57430950866,16.2821065312,-14.6776242032,-4.94873203927,8.81227929299,0,0,0,0,0,0,1.89989218366,-0.131332294443,0.0296860559128,0,0,0,-22.431792999,1.67490153225,-34.8777272857,-3.27243975298,1.17313594029,-41.3565156056,3.23226795774,-1.11137216763,43.8783028401,3.23226795774,-1.11137216763,43.8783028401,1.84935179098,0.134504410605,0.0225366765124,43.8783028401,0,0,-41.3259900286,0.384482546805,-65.7031267005,-3.23948856673,0.214505895531,-77.5522136237,3.3767068178,-0.172963272255,79.8493377013,3.3767068178,-0.172963272255,79.8493377013,1.46922365708,-0.146153571528,0.0216947271956,79.8493377013,0,0,-6.78248607193,-4.1220497872,9.81213785581,-11.5311453542,-4.05704981916,3.13759376775,0,0,0,0,0,0,1.50940866615,0.131409044402,0.0372839997298,0,0,0,15.206408,0,0,-0.000152858053074,-0.419634356291,0.00351719157352,0,15.206408,0,0.419582765522,-0.000262788836479,-0.0108460240991,0,0,15.206408,0.00100928804863,0.00793816758148,-9.2554416261e-05,-0.000152858053074,0.419582765522,0.00100928804863,0.213356466126,-0.000613627205336,-0.0198556171161,-0.419634356291,-0.000262788836479,0.00793816758148,-0.000613627205336,0.522335486129,-0.000781506664245,0.00351719157352,-0.0108460240991,-9.2554416261e-05,-0.0198556171161,-0.000781506664245,0.527107371917,5.86561754639,-1.17496884345,-26.767244271,-5.75703177675,7.78276106238,-0.160480085798,-0.743357229149,0.109366596429,-150.494884812,0.0272261089391,-0.0233943082778,-0.0443389416358,0.743357229149,-0.109366596429,150.494884812,-0.0272261089391,0.0233943082778,0.0443389416358,0,0,0,0,0,0,0,0,0,0,0,0,0,0,0,0,0,0,7.63833440942e-14,-7.34967642302e-14,0,-2.84217094304e-14,-2.39808173319e-14,-2.11358708313e-14,5.86561754639,-1.17496884345,-26.767244271,-5.75703177675,7.78276106238,-0.160480085798,-0.223140855694,0.218591765291,-0.260946358022,-3.88232540909,9.45822010918,-0.355185299348,-2.16345533796,6.60516659775,0.917391488631,0.283643160146,0.0583333350423,-0.0667966371191,-0.743357229149,0.109366596429,-150.494884812,0.0272261089391,-0.0233943082778,-0.0443389416358,-4.02754917053,0.260881303485,5.39626309945,-4.08232540909,9.65822010918,-0.155185299348,-2.36345533796,6.80516659775,1.11739148863,7.80031049434,-0.436900611613,9.53761499268,6.60897477554,-1.28433543988,123.727640541,-5.78425788569,7.80615537066,-0.116141144162,3.80440831483,-0.0422895381939,-5.65720945747,0.2,-0.2,-0.2,0.2,-0.2,-0.2,-7.51666733419,0.495233946656,-9.60441162979,0,0,0,0,0,0,-2.96591424942,0.883661150932,5.2561879158,-5.15448665619,9.73064422607,-0.270593225956,-1.38436579704,6.96136522293,0.943699479103,6.68401384354,0.194389119744,9.30540657043
20.064,10031,15.206408,1.69789522122,-0.00323800550335,0.369968031456,0.999976577202,0.00565652719105,-0.00384833454569,0.000197656699495,0.695515579269,0.0223211332945,-0.0525551380217,0.00593812493361,0.191057209302,0.137860341982,3.86602788842,1.05318637167,-4.20757868478,0.232641056894,0.291049749563,-3.64803674847,6.04730616769,-0.781621511957,116.733729141,-6.6375446529,9.40320102379,-0.284371713811,0,0,-9.81,1.69597114725,-0.00322716337816,0.342472105211,0.682382437207,0.0148554455947,-0.0462343753999,6.04730616769,-0.781621511957,116.733729141,-6.63933070457,9.40345216593,-0.228978040671,0,0,0,-1,0,0,0,1.32512213065,-6.84298407302,-5.3678390739,19.1905458873,-17.4837340498,-5.80073418246,10.2268130628,0,0,0,0,0,0,1.90206775357,-0.131352424126,0.0294001248935,0,0,0,-18.890715532,1.49983835875,-28.4651881363,-3.32388596663,1.08334959654,-34.0169622362,3.23590814812,-1.0101148153,36.6168290284,3.23590814812,-1.0101148153,36.6168290284,1.8494390278,0.13450805947,0.0225676155926,36.6168290284,0,0,-40.763002621,0.00375304185534,-66.3680395001,-2.69180779005,-0.17502966252,-77.8399807251,2.81139801957,0.228493303346,80.1169001124,2.81139801957,0.228493303346,80.1169001124,1.46930360417,-0.146150507098,0.0217212077754,80.1169001124,0,0,-8.11889616823,-4.7710213467,11.7200909684,-13.7919171463,-4.68847033054,3.72033861068,0,0,0,0,0,0,1.51149962803,0.130963964235,0.0368255672075,0,0,0,15.206408,0,0,-0.000152708720567,-0.419696273892,0.00379628249009,0,15.206408,0,0.419642069002,-0.000270052145475,-0.0111735564333,0,0,15.206408,0.0008465256452,0.00810480786261,-9.57768042358e-05,-0.000152708720567,0.419642069002,0.0008465256452,0.213339369692,-0.000655307890674,-0.0199470673372,-0.419696273892,-0.000270052145475,0.00810480786261,-0.000655307890674,0.522445166469,-0.000807063942744,0.00379628249009,-0.0111735564333,-9.57768042358e-05,-0.0199470673372,-0.000807063942744,0.527168103656,5.47398711164,-0.641903125254,-33.5151649996,-6.61488461079,9.34288319394,-0.320981783304,-0.573319056088,0.139718386703,-150.24889414,0.0226600421215,-0.0603178298514,-0.0366100694883,0.573319056088,-0.139718386703,150.24889414,-0.0226600421215,0.0603178298514,0.0366100694883,0,0,0,0,0,0,0,0,0,0,0,0,0,0,0,0,0,0,3.6052050234e-11,-4.22328838567e-13,-5.64170932194e-11,-7.95186139158e-12,-5.18163290053e-12,-4.88836748858e-12,5.47398711164,-0.641903125254,-33.5151649996,-6.61488461079,9.34288319394,-0.320981783304,-0.271141686915,0.316784084885,-0.350304633583,-4.59383145449,11.3138109985,-0.680331081533,-2.46980739486,8.01310581737,0.79947453733,0.345737288627,0.109800578222,-0.126816404993,-0.573319056088,0.139718386703,-150.24889414,0.0226600421215,-0.0603178298514,-0.0366100694883,-3.44841189757,0.536885869064,4.48926782808,-4.79383145449,11.5138109985,-0.880331081533,-2.66980739486,8.21310581737,0.692680071249,7.7384689152,-0.7051335002,9.3403408969,6.04730616769,-0.781621511957,116.733729141,-6.6375446529,9.40320102379,-0.284371713811,3.17727021066,-0.220101784163,-4.83957246166,0.2,-0.2,0.2,0.2,-0.2,0.106794466081,-7.39273162658,0.814934078423,-9.46715730189,0,0,0,0,0,0,-2.38551330566,1.16632580757,4.34406518936,-5.86818695068,11.6553478241,-1.00902080536,-1.7136452198,8.41436004639,0.517869651318,6.62185382843,-0.067919075489,9.10650062561
20.066,10032,15.206408,1.69930274309,-0.0031887122519,0.369845117541,0.999975078633,0.00578666795311,-0.00403929661175,0.000201668132998,0.70376093437,0.0246466257256,-0.061456957535,0.00640968530241,0.19135423182,0.129826631295,4.14401493954,1.16530019863,-4.47192059449,0.567306113839,-0.163007336225,0.713003047814,6.16294404173,-0.967863048491,116.427767491,-7.1864917051,10.1555306672,-0.357645062447,0,0,-9.81,1.69733740897,-0.00319764003439,0.342370937522,0.683159368775,0.014752339656,-0.0505252945748,6.16294404173,-0.967863048491,116.427767491,-7.18798313155,10.1563985264,-0.298066475254,0,0,0,-1,0,0,0,1.32618322872,-7.08434795698,-6.35733884278,20.7868668538,-18.6910532024,-6.82775606539,11.257169006,0,0,0,0,0,0,1.90391850867,-0.131487803911,0.0292169088655,0,0,0,-18.0639914445,1.67707985269,-26.8496795888,-3.48312508034,1.27906765163,-32.1909537507,3.41963764258,-1.19559748664,34.7527939055,3.41963764258,-1.19559748664,34.7527939055,1.84952563306,0.134512164335,0.0226037949674,34.7527939055,0,0,-41.2392838562,0.0199653301914,-67.9342657079,-2.61124040179,-0.171831391241,-79.4285546035,2.74330639915,0.227734438145,81.6749735855,2.74330639915,0.227734438145,81.6749735855,1.46938405774,-0.146147244174,0.0217465733652,81.6749735855,0,0,-8.64151701093,-5.08301116766,12.6912468116,-14.8237130536,-4.98410948701,4.12271128475,0,0,0,0,0,0,1.51332158725,0.130423479914,0.036359396357,0,0,0,15.206408,0,0,-0.000152345847118,-0.419632725528,0.00413432436308,0,15.206408,0,0.419574904285,-0.000280106415191,-0.0117104403419,0,0,15.206408,0.000616779367971,0.00848150785926,-0.000100694450184,-0.000152345847118,0.419574904285,0.000616779367971,0.213279535935,-0.000701647225709,-0.0200939735352,-0.419632725528,-0.000280106415191,0.00848150785926,-0.000701647225709,0.522524077678,-0.000836811825669,0.00413432436308,-0.0117104403419,-0.000100694450184,-0.0200939735352,-0.000836811825669,0.527245194742,5.72869408654,-0.826198800436,-33.6372257881,-7.17092710329,10.061143198,-0.387641135031,-0.43424995519,0.141664248055,-150.064993279,0.0155646018051,-0.0943874691924,-0.0299960725831,0.43424995519,-0.141664248055,150.064993279,-0.0155646018051,0.0943874691924,0.0299960725831,0,0,0,0,0,0,0,0,0,0,0,0,0,0,0,0,0,0,3.66817687336e-13,-1.86628490439e-13,-5.68434188608e-14,-7.63833440942e-14,-1.31450406116e-13,-7.44959649523e-14,5.72869408654,-0.826198800436,-33.6372257881,-7.17092710329,10.061143198,-0.387641135031,-0.332102451639,0.301790835051,-0.341135421291,-5.37852605711,12.1931847692,-1.00930624101,-2.60512200155,8.6669463555,0.706871897115,0.332603361358,0.11018907477,-0.137126116375,-0.43424995519,0.141664248055,-150.064993279,0.0155646018051,-0.0943874691924,-0.0299960725831,-3.26958399217,0.6039778829,4.30936151438,-5.57852605711,12.3931847692,-1.20930624101,-2.80512200155,8.8669463555,0.506871897115,7.87540635931,-0.877808974407,9.44015785132,6.16294404173,-0.967863048491,116.427767491,-7.1864917051,10.1555306672,-0.357645062447,2.93748154053,-0.302187047849,-4.65049693567,0.2,-0.2,0.2,0.2,-0.2,0.2,-7.54280299796,0.987998049177,-9.5772839677,0,0,0,0,0,0,-2.20529747009,1.24110496044,4.15696573257,-6.6580529213,12.6155099869,-1.36378538609,-1.87056720257,9.12409877777,0.32338821888,6.75812911987,-0.233916521072,9.20317745209
20.068,10033,15.206408,1.70072784003,-0.00313460809909,0.369703970485,0.999973509163,0.00591915805663,-0.00423106573993,0.000206451003427,0.712548473407,0.0270520764023,-0.0705735279401,0.00754875054358,0.190726858784,0.130337054875,4.41674716443,1.20540697066,-4.58140517735,0.402035032251,0.562152173568,1.66505679197,6.43844679993,-1.33827065654,117.752299597,-7.58364254098,10.5963999089,-0.501826695097,0,0,-9.81,1.69870528245,-0.00316836629063,0.342261148158,0.683960707541,0.0146300826187,-0.0548400052879,6.43844679993,-1.33827065654,117.752299597,-7.58411084232,10.598793716,-0.440442672462,0,0,0,-1,0,0,0,1.32725551955,-7.36465003252,-6.67906441718,22.3384614581,-19.8940594518,-7.17957077658,12.2692703083,0,0,0,0,0,0,1.90542539187,-0.13175890959,0.0291539803823,0,0,0,-18.144339053,2.12736413938,-26.5985308499,-3.80111902476,1.72747307855,-31.9967481496,3.79235384082,-1.63565209028,34.5051464278,3.79235384082,-1.63565209028,34.5051464278,1.84961174855,0.134516831263,0.0226444593403,34.5051464278,0,0,-41.6805903186,-0.028796061515,-69.5251142984,-2.50087245415,-0.234927008383,-81.0228634584,2.64609295911,0.297381433738,83.2471531689,2.64609295911,0.297381433738,83.2471531689,1.46946513897,-0.146143730256,0.0217703079624,83.2471531689,0,0,-9.04045749408,-5.43704606983,13.6955405998,-15.7806303047,-5.31573830034,4.64476129581,0,0,0,0,0,0,1.51485624874,0.129781539546,0.0358913046505,0,0,0,15.206408,0,0,-0.000152067865118,-0.419428547433,0.00454567575725,0,15.206408,0,0.4193659558,-0.000293914078132,-0.01247185283,0,0,15.206408,0.000312618461062,0.00908448183901,-0.000107657246347,-0.000152067865118,0.4193659558,0.000312618461062,0.213172901456,-0.000752965662157,-0.0203008986922,-0.419428547433,-0.000293914078132,0.00908448183901,-0.000752965662157,0.522567925999,-0.000871952486191,0.00454567575725,-0.01247185283,-0.000107657246347,-0.0203008986922,-0.000871952486191,0.527340971107,6.07315732562,-1.23524250777,-32.2536778507,-7.57706102848,10.4788353836,-0.527975739064,-0.365289481475,0.10302814531,-150.00597726,0.00658153698689,-0.1175645496,-0.0261490434288,0.365289481475,-0.10302814531,150.00597726,-0.00658153698689,0.1175645496,0.0261490434288,0,0,0,0,0,0,0,0,0,0,0,0,0,0,0,0,0,0,7.15754477909e-09,3.4637901436e-09,-1.87898052673e-07,-2.44833033847e-08,2.42938682504e-08,-5.38189270927e-10,6.07315732562,-1.23524250777,-32.2536778507,-7.57706102848,10.4788353836,-0.527975739064,-0.339863983385,0.27013985535,-0.301502227037,-5.76115929105,13.0786702059,-1.31596017539,-2.74260648553,9.32602114351,0.535715213743,0.346975981169,0.119383653513,-0.142901568883,-0.365289481475,0.10302814531,-150.00597726,0.00658153698689,-0.1175645496,-0.0261490434288,-3.09005386025,0.672206568517,4.12897391525,-5.96115929104,13.2786702058,-1.51596017538,-2.94260648552,9.52602114349,0.335715213749,8.01514079061,-1.0582848027,9.53753005108,6.43844679993,-1.33827065654,117.752299597,-7.58364254098,10.5963999089,-0.501826695097,2.7501898926,-0.402066701216,-4.43047615765,0.2,-0.2,0.2,0.2,-0.2,0.2,-7.66816480944,1.17766845628,-9.68043161994,0,0,0,0,0,0,-2.02528142929,1.31705212593,3.96943187714,-7.05236434937,13.5840911865,-1.7098454237,-2.0252840519,9.84290790558,0.136647239327,6.8962392807,-0.407523721457,9.29705810547
20.07,10034,15.206408,1.7021702863,-0.00307594139065,0.369545021428,0.999971866069,0.00605390844925,-0.0044240565212,0.000212102372996,0.721223133665,0.0293333542207,-0.0794745286506,0.00836013859691,0.191523688829,0.132676863415,4.36014712915,1.1431904588,-4.47334220146,0.45211297506,0.770868820354,1.61139710407,5.93087809574,-1.73520997288,119.189073205,-7.45352356993,10.6062296077,-0.521605744468,0,0,-9.81,1.70007485228,-0.00313943241564,0.342143106144,0.68481041519,0.0144662809463,-0.0589599211815,5.93087809574,-1.73520997288,119.189073205,-7.45375403485,10.60895702,-0.459101717383,0,0,0,-1,0,0,0,1.32833970612,-7.39845387697,-6.55717152029,22.2244818767,-19.8397824008,-7.03744751779,12.1868199103,0,0,0,0,0,0,1.90656926736,-0.132172769974,0.0292287561524,0,0,0,-18.6012123778,2.43350598174,-28.4244627497,-3.49967081043,2.00608740699,-33.8172301266,3.5518365334,-1.91726026519,36.2338653117,3.5518365334,-1.91726026519,36.2338653117,1.84969762402,0.134522182029,0.0226884573662,36.2338653117,0,0,-41.044553025,0.0941920884871,-69.5280285029,-2.23022844018,-0.122554005421,-80.7082524547,2.37904156234,0.182050292309,82.9552078929,2.37904156234,0.182050292309,82.9552078929,1.46954696999,-0.14613993305,0.0217920285154,82.9552078929,0,0,-9.02071432589,-5.30856185341,13.7666114952,-15.8085955769,-5.1734131421,4.73263249219,0,0,0,0,0,0,1.51608751783,0.129031182992,0.0354299605249,0,0,0,15.206408,0,0,-0.00015143016028,-0.4190714763,0.00503541247907,0,15.206408,0,0.419002659215,-0.00031156488994,-0.0134739228176,0,0,15.206408,-6.97554110545e-05,0.00992893560611,-0.000116943365856,-0.00015143016028,0.419002659215,-6.97554110545e-05,0.213014482502,-0.000810119787918,-0.0205716302976,-0.4190714763,-0.00031156488994,0.00992893560611,-0.000810119787918,0.522573095565,-0.000912595259648,0.00503541247907,-0.0134739228176,-0.000116943365856,-0.0205716302976,-0.000912595259648,0.527457160224,5.54224124484,-1.7256087038,-30.9142365848,-7.45945932056,10.480497043,-0.548163351724,-0.3886368509,0.00960126908499,-150.103309789,-0.00593575063011,-0.125732564694,-0.0265576072558,0.3886368509,-0.00960126908499,150.103309789,0.00593575063011,0.125732564694,0.0265576072558,0,0,0,0,0,0,0,0,0,0,0,0,0,0,0,0,0,0,1.30562227696e-13,-2.09365857984e-12,-2.84217094304e-13,-8.03801469829e-13,-2.48689957516e-14,-3.02757818815e-13,5.54224124484,-1.7256087038,-30.9142365848,-7.45945932056,10.480497043,-0.548163351724,-0.343382316635,0.204997310426,-0.246780942447,-5.69423523403,13.020406143,-1.24984593721,-2.65338159418,9.3435686637,0.542100428175,0.341700739775,0.12397356619,-0.14373842508,-0.3886368509,0.00960126908499,-150.103309789,-0.00593575063011,-0.125732564694,-0.0265576072558,-3.14656764661,0.409208071238,4.1409307409,-5.89423523403,13.220406143,-1.44984593721,-2.85338159418,9.5435686637,0.342100428175,8.02679166669,-1.25623972682,9.39419686338,5.93087809574,-1.73520997288,119.189073205,-7.45352356993,10.6062296077,-0.521605744468,2.80318532998,-0.204210760811,-4.38771168335,0.2,-0.2,0.2,0.2,-0.2,0.2,-7.68509092692,1.38021329301,-9.53793528846,0,0,0,0,0,0,-2.08140587807,1.06190574169,3.97498369217,-7.00090265274,13.6095600128,-1.69858253002,-1.94654226303,9.92377662659,0.118254795671,6.90604019165,-0.598263084888,9.1500005722
20.072,10035,15.206408,1.70361579388,-0.00301784099565,0.369347081411,0.999970105678,0.00618442397403,-0.00463706530874,0.00019564317827,0.722753791026,0.0290501975017,-0.0989700081768,0.00927080587799,0.19273426861,0.134927024068,0.768011236288,-0.144133757969,-9.75277360822,-10.9152403663,10.1802018196,-1.93725577462,0,0,0,0,0,0,0,0,-9.81,1.70144599839,-0.00311093614784,0.342017211094,0.685606835379,0.0142570071879,-0.0628692290028,0,0,0,0,0,0,0,0,0,-1,0,0,0,1.32943570709,-22.5099794785,6.70675964326,-6.26479570027,-13.4141010197,7.38395973364,-18.8803204075,0,0,0,0,0,0,1.90735068085,-0.132726673054,0.029440208809,0,0,0,20.4847474181,1.88983600425,13.4701688056,12.1152348458,2.16509847237,21.2879129506,0,0,0,0,0,0,1.84978376208,0.134528201577,0.0227340893477,0,0,0,20.9791309672,-1.45019678086,12.6650073577,12.2952468275,-1.38594709087,21.2022516334,0,0,0,0,0,0,1.46962962831,-0.146135846566,0.0218121346095,0,0,0,-27.4741522683,-5.59060392727,-7.91364999625,-15.7402655312,-6.35635622746,-23.6759483002,0,0,0,0,0,0,1.51701485972,0.128175046013,0.0349772895997,0,0,0,15.206408,0,0,-0.000150434485738,-0.418561952532,0.00560104915633,0,15.206408,0,0.418485214696,-0.000333318139496,-0.0147152120797,0,0,15.206408,-0.000528041657493,0.0110132633706,-0.000128663226666,-0.000150434485738,0.418485214696,-0.000528041657493,0.212804729552,-0.000873382472786,-0.020905233268,-0.418561952532,-0.000333318139496,0.0110132633706,-0.000873382472786,0.522540556984,-0.00095819279866,0.00560104915633,-0.0147152120797,-0.000128663226666,-0.020905233268,-0.00095819279866,0.527594542733,-0.514627206808,-0.135876703575,-150.364720054,-0.0204410110721,-0.116756474449,-0.0317274027979,-0.514627206808,-0.135876703575,-150.364720054,-0.0204410110721,-0.116756474449,-0.0317274027979,0.514627206808,0.135876703575,150.364720054,0.0204410110721,0.116756474449,0.0317274027979,0,0,0,0,0,0,0,0,0,0,0,0,0,0,0,0,0,0,1.02140518266e-14,-1.05471187339e-15,0,4.51375048449e-15,3.40005801291e-15,1.27675647832e-15,-0.514627206808,-0.135876703575,-150.364720054,-0.0204410110721,-0.116756474449,-0.0317274027979,2.97854920251,0.87935146274,-13.1208577966,7.0320384154,2.40460795475,11.7998036989,-7.16547448248,2.57633771712,14.2472413534,-2.36664384692,0.530686925059,-13.4267490223,-0.514627206808,-0.135876703575,-150.364720054,-0.0204410110721,-0.116756474449,-0.0317274027979,3.17854920251,1.07935146274,-13.3208577966,6.96701617813,2.60460795475,11.9998036989,-7.36547448248,2.77633771712,14.4472413534,-2.56664384692,0.730686925059,-13.6267490223,0,0,0,0,0,0,-0.2,-0.2,0.2,0.0650222372667,-0.2,-0.2,0.2,-0.2,-0.2,0.2,-0.2,0.2,0,0,0,0,0,0,4.24405527115,1.73959672451,-13.4920825958,5.84154653549,3.07053303719,11.6875123978,-6.46076059341,3.2179479599,14.1935005188,-3.68921685219,1.39592540264,-13.8746833801
20.074,10036,15.206408,1.70506407198,-0.00296008703786,0.369112026877,0.999968149575,0.00632131827771,-0.00486991703223,0.000157095302482,0.724139049825,0.0288769788931,-0.117527267329,-0.0127081729574,0.212963042865,0.131020207925,0.694997415869,-0.0887052133299,-9.27872391852,-10.8424351941,10.0883622361,3.43544677083,-1.38730514641,0.0456836265091,1.74570951452,-0.0622733242925,0.691314787505,-0.098785980906,0,0,-9.81,1.70281716425,-0.00308247284983,0.341852108221,0.685626810876,0.0142242554908,-0.082457202347,-1.38730514641,0.0456836265091,1.74570951452,-0.0616648982499,0.692463070223,-0.0908025829218,0,0,0,-1,0,0,0,1.33045910473,-22.287624961,6.88064883883,-5.64024275592,-13.7094322994,7.50888723418,-18.2088432285,0,0,0,0,0,0,1.90775647186,-0.133131873373,0.0291999753336,0,0,0,18.9810049787,1.53551161599,10.2703823616,12.2552297987,1.76536730528,17.7428836618,-0.485142859263,-0.046630019838,0.610104071777,-0.485142859263,-0.046630019838,0.610104071777,1.85025174936,0.134579779168,0.0231624537453,0.610104071777,0,0,19.314245684,-1.94189636709,9.73694913082,12.2577321195,-1.88266126419,17.8275858172,-0.902162287146,0.092313646347,1.13560544274,-0.902162287146,0.092313646347,1.13560544274,1.47010289045,-0.146164953105,0.0222226478293,1.13560544274,0,0,-27.0449667537,-5.50090990975,-7.03354630744,-16.0932050868,-6.30317569318,-22.6371318064,0,0,0,0,0,0,1.51749679007,0.127182921728,0.0339692095144,0,0,0,15.206408,0,0,-0.000130494779552,-0.418055611883,0.00615471752101,0,15.206408,0,0.417969114264,-0.000337756353949,-0.0160192211125,0,0,15.206408,-0.000978720788731,0.0121437990602,-0.000141116261629,-0.000130494779552,0.417969114264,-0.000978720788731,0.212574801649,-0.000955759237116,-0.0212387834927,-0.418055611883,-0.000337756353949,0.0121437990602,-0.000955759237116,0.522508773358,-0.000998892864624,0.00615471752101,-0.0160192211125,-0.000141116261629,-0.0212387834927,-0.000998892864624,0.527723001796,-2.05617331572,0.15668719488,-148.861315985,-0.0394842951282,0.536263738277,-0.142811532449,-0.66886816932,0.111003568983,-150.6070255,0.0227890293783,-0.15505104921,-0.0440255516895,0.66886816932,-0.111003568983,150.6070255,-0.0227890293783,0.15505104921,0.0440255516895,0,0,0,0,0,0,0,0,0,0,0,0,0,0,0,0,0,0,3.89865917327e-12,-6.11593553579e-10,-7.73474617688e-11,-2.1395977351e-10,-1.67833524856e-11,1.46776979459e-10,-2.05617331572,0.15668719488,-148.861315985,-0.0394842951282,0.536263738277,-0.142811532449,2.33371294178,0.134888622722,-11.4908385295,7.01408176669,2.62498573273,11.5094585905,-6.91221971888,2.82594890326,13.9715912444,-2.40762117723,0.306846576756,-11.9141057809,-0.66886816932,0.111003568983,-150.6070255,0.0227890293783,-0.15505104921,-0.0440255516895,2.49502188843,0.125307037942,-11.7366217312,7.21408176669,2.82498573273,11.7094585905,-7.11221971888,3.02594890326,14.1715912444,-2.53118955619,0.126884987003,-12.1893693714,-1.38730514641,0.0456836265091,1.74570951452,-0.0622733242925,0.691314787505,-0.098785980906,-0.161308946651,0.00958158478022,0.245783201711,-0.2,-0.2,-0.2,0.2,-0.2,-0.2,0.12356837918,0.179961589757,0.275263590498,0,0,0,0,0,0,3.56886935234,0.798934400082,-12.1039228439,6.08555221558,3.30503296852,11.5485963821,-6.25517749786,3.49439549446,14.0922641754,-3.65577220917,0.806393682957,-12.6395282745
20.076,10037,15.206408,1.70651430334,-0.00290240864196,0.368841738579,0.999965971612,0.0064662112589,-0.0051219558035,9.64270026616e-05,0.725115676305,0.0288391979518,-0.135144148619,-0.0345217904946,0.233003857832,0.13772141902,0.489067362877,-0.0204670303754,-8.80273044759,-10.859463508,9.76073086858,4.25533334504,-1.61992687069,0.207126384874,2.04507319484,-0.218893702016,1.07798986283,-0.292390778109,0,0,-9.81,1.70418794538,-0.00305402722027,0.341648315189,0.685424971936,0.0142009374969,-0.101757068709,-1.61992687069,0.207126384874,2.04507319484,-0.216441196183,1.0815452835,-0.280859346672,0,0,0,-1,0,0,0,1.33142030032,-22.2869264486,7.2438320682,-5.95204637491,-13.630168991,7.86138275434,-18.3582189788,0,0,0,0,0,0,1.9077829047,-0.133385600553,0.0285234322188,0,0,0,17.7521844274,0.95462938086,8.23623537846,12.0662489599,1.1519246698,15.3936885768,0,0,0,0,0,0,1.85107540307,0.134667592507,0.0239174493891,0,0,0,17.812779779,-2.44240162121,7.27362634471,12.0975196029,-2.38660286668,14.9706457961,-1.61992687069,0.207126384874,2.04507319484,-1.61992687069,0.207126384874,2.04507319484,1.47093056974,-0.146235423879,0.0229785577951,2.04507319484,0,0,-25.5641139306,-5.47663058214,-6.4101083114,-15.5330589017,-6.29547304049,-21.0641399659,0,0,0,0,0,0,1.51752706656,0.126055160379,0.0324283474887,0,0,0,15.206408,0,0,-9.15812628021e-05,-0.417572951583,0.00670865522632,0,15.206408,0,0.417474792069,-0.000325330824066,-0.0173876753632,0,0,15.206408,-0.00142505943062,0.013322209978,-0.000154539560337,-9.15812628021e-05,0.417474792069,-0.00142505943062,0.212335604787,-0.00105881900428,-0.0215740035813,-0.417572951583,-0.000325330824066,0.013322209978,-0.00105881900428,0.522489232841,-0.00103634618056,0.00670865522632,-0.0173876753632,-0.000154539560337,-0.0215740035813,-0.00103634618056,0.527843029188,-2.14649361581,0.537189799956,-149.250257604,-0.161285082632,0.766231773727,-0.356764832493,-0.526566745115,0.330063415155,-151.295330799,0.0576086194101,-0.311758089106,-0.064374054401,0.526566745115,-0.330063415155,151.295330799,-0.0576086194101,0.311758089106,0.064374054401,0,0,0,0,0,0,0,0,0,0,0,0,0,0,0,0,0,0,-4.78306283469e-12,-7.29460658544e-11,-3.74278386062e-12,-2.62262989104e-11,1.39421807432e-12,1.68335900774e-11,-2.14649361581,0.537189799956,-149.250257604,-0.161285082632,0.766231773727,-0.356764832493,1.60922000327,-1.00438345326,-10.0213921688,7.2586070615,2.35835660407,11.6331491172,-6.63942310543,2.60949647001,13.3016341788,-2.43864158679,0.0429548566409,-10.4921470829,-0.526566745115,0.330063415155,-151.295330799,0.0576086194101,-0.311758089106,-0.064374054401,1.80922000327,-0.804383453257,-10.2213921688,7.4586070615,2.55835660407,11.8331491172,-6.83942310543,2.80949647001,13.5016341788,-2.51544339656,-0.439733406908,-10.8262843285,-1.61992687069,0.207126384874,2.04507319484,-0.218893702016,1.07798986283,-0.292390778109,-0.2,-0.2,0.2,-0.2,-0.2,-0.2,0.2,-0.2,-0.2,0.0768018098007,0.482688263547,0.334137245555,0,0,0,0,0,0,2.89563894272,-0.102118261158,-10.7604646683,6.32879734039,3.07682275772,11.8183927536,-6.02504110336,3.34187197685,13.5929718018,-3.65146517754,0.273907005787,-11.4579467773
20.078,10038,15.206408,1.7079661039,-0.00284476065288,0.368537660482,0.999963529761,0.00661951785957,-0.00539638135384,1.41268317033e-05,0.725900282606,0.0288239945407,-0.152039048526,-0.056350973946,0.252389538316,0.146037644729,0.391489976339,-0.00855365174645,-8.43488094299,-10.6069488017,11.3441377768,4.44704522406,0,0,0,0,0,0,0,0,-9.81,1.70555824395,-0.00302555182387,0.341405953875,0.68515632922,0.0142041009695,-0.120974206647,0,0,0,0,0,0,0,0,0,-1,0,0,0,1.33232930712,-22.6614491877,7.47406888022,-6.31890054933,-13.86105053,8.09768789836,-18.7518057255,0,0,0,0,0,0,1.90742829822,-0.133480425031,0.0274114871183,0,0,0,17.1055654899,0.416127383964,6.3092958434,12.3225513841,0.584604190655,13.4310726339,0,0,0,0,0,0,1.85224256283,0.134779861751,0.024944993903,0,0,0,16.9308988955,-2.40538810063,7.27452483655,11.2645939795,-2.34357154024,14.5937156281,0,0,0,0,0,0,1.47207855631,-0.146355196407,0.0240412453075,0,0,0,-25.9346945655,-5.22466263636,-5.82643577438,-16.4181248161,-6.10488163167,-20.6646663049,0,0,0,0,0,0,1.51712043973,0.124791384433,0.030392335131,0,0,0,15.206408,0,0,-3.36368076643e-05,-0.417140626311,0.00726794239351,0,15.206408,0,0.417028896871,-0.000296084681241,-0.0188093420132,0,0,15.206408,-0.0018706265222,0.0145374981774,-0.000168843076172,-3.36368076643e-05,0.417028896871,-0.0018706265222,0.212098978122,-0.00118439936527,-0.0219088556655,-0.417140626311,-0.000296084681241,0.0145374981774,-0.00118439936527,0.522494515951,-0.00107199293708,0.00726794239351,-0.0188093420132,-0.000168843076172,-0.0219088556655,-0.00107199293708,0.527954084476,-0.113338642574,0.506395258514,-152.316086849,0.0837519715476,-0.568825555236,-0.0907361623629,-0.113338642574,0.506395258514,-152.316086849,0.0837519715476,-0.568825555236,-0.0907361623629,0.113338642574,-0.506395258514,152.316086849,-0.0837519715476,0.568825555236,0.0907361623629,0,0,0,0,0,0,0,0,0,0,0,0,0,0,0,0,0,0,-1.05471187339e-14,-7.77156117238e-16,-2.84217094304e-14,5.82867087928e-16,-2.6645352591e-15,8.74300631892e-16,-0.113338642574,0.506395258514,-152.316086849,0.0837519715476,-0.568825555236,-0.0907361623629,1.03726489056,-1.82902238362,-9.00507080861,7.42550093565,2.12281062799,12.0470896346,-6.37631653617,2.79218919341,13.5373491858,-2.1684178649,-1.20283288275,-9.30302108883,-0.113338642574,0.506395258514,-152.316086849,0.0837519715476,-0.568825555236,-0.0907361623629,1.16740959557,-1.62902238362,-9.20507080861,7.62550093565,2.32281062799,12.2470896346,-6.57631653617,2.59218919341,13.7373491858,-2.3684178649,-1.00283288275,-9.50302108883,0,0,0,0,0,0,-0.130144705006,-0.2,0.2,-0.2,-0.2,-0.2,0.2,0.2,-0.2,0.2,-0.2,0.2,0,0,0,0,0,0,2.26825070381,-0.889538705349,-9.89050483704,6.49732017517,2.90070152283,12.3806915283,-5.79864406586,3.21792292595,13.9918384552,-3.52007722855,-0.242053180933,-10.2953653336
20.08,10039,15.206408,1.7094187444,-0.00278713200672,0.368201791546,0.999960805079,0.00678018263794,-0.00569291896324,-9.00169763804e-05,0.726320250543,0.0288143230789,-0.167934468222,-0.0776545430622,0.274972310274,0.154762975926,0.207299694178,-0.00573932456356,-7.92786195628,-10.7280708133,11.1976567555,3.91115329091,0,0,0,0,0,0,0,0,-9.81,1.70692844559,-0.00299709561634,0.341124525264,0.685060914913,0.0141859769283,-0.140420903607,0,0,0,0,0,0,0,0,0,-1,0,0,0,1.33320415689,-22.8256794644,8.03455782675,-6.79337597333,-13.918515295,8.67053420302,-19.0476373395,0,0,0,0,0,0,1.90668112162,-0.133410981873,0.0258599193269,0,0,0,15.7998277455,0.205917120972,4.13477897491,12.0987213315,0.33900551815,10.9671953216,0,0,0,0,0,0,1.85374545316,0.134904875957,0.0262101901605,0,0,0,15.6331177103,-2.76073652705,5.88406013737,10.7265102952,-2.69788570276,12.8180181323,0,0,0,0,0,0,1.47354684185,-0.146527511564,0.025367916084,0,0,0,-25.3029028994,-5.17038379981,-5.88992460964,-16.1713290513,-6.10616347421,-20.0714688058,0,0,0,0,0,0,1.51625395406,0.123394832075,0.0278724890108,0,0,0,15.206408,0,0,4.30046931203e-05,-0.416788120651,0.00783475442581,0,15.206408,0,0.416660743749,-0.000250448064478,-0.0202755323592,0,0,15.206408,-0.00231701419216,0.0157779038008,-0.000183894528767,4.30046931203e-05,0.416660743749,-0.00231701419216,0.211879004661,-0.00133143912429,-0.0222453340491,-0.416788120651,-0.000250448064478,0.0157779038008,-0.00133143912429,0.522536882106,-0.00110792682683,0.00783475442581,-0.0202755323592,-0.000183894528767,-0.0222453340491,-0.00110792682683,0.528053514764,0.59603951852,0.633381799902,-153.641807068,0.0959230784024,-0.924165126911,-0.120634832305,0.59603951852,0.633381799902,-153.641807068,0.0959230784024,-0.924165126911,-0.120634832305,-0.59603951852,-0.633381799902,153.641807068,-0.0959230784024,0.924165126911,0.120634832305,0,0,0,0,0,0,0,0,0,0,0,0,0,0,0,0,0,0,2.88657986403e-15,-2.6645352591e-15,0,2.35922392733e-15,-1.33226762955e-15,-1.17961196366e-15,0.59603951852,0.633381799902,-153.641807068,0.0959230784024,-0.924165126911,-0.120634832305,0.583409990978,-2.66262977283,-7.58233767899,7.80664966581,1.71965443901,12.3827112346,-6.22145577406,2.28942096027,13.5580990214,-2.17055882343,-1.68366000888,-8.02609569058,0.59603951852,0.633381799902,-153.641807068,0.0959230784024,-0.924165126911,-0.120634832305,0.483309594687,-2.46262977283,-7.78233767899,8.00664966581,1.84034149898,12.5827112346,-6.42145577406,2.08942096027,13.7580990214,-2.37055882343,-1.48366000888,-8.22609569058,0,0,0,0,0,0,0.100100396291,-0.2,0.2,-0.2,-0.120687059971,-0.2,0.2,0.2,-0.2,0.2,-0.2,0.2,0,0,0,0,0,0,1.6000521183,-1.67805051804,-8.59568881989,6.88164329529,2.50082135201,12.8709983826,-5.67188692093,2.84308815002,14.1796245575,-3.53793334961,-0.66836386919,-9.15548324585
20.082,10040,15.206408,1.71086547157,-0.00272101854886,0.367862994891,0.999958324269,0.00679569928908,-0.00609297212634,-0.000209493108156,0.723363585402,0.0330567289305,-0.169398327597,-0.0991847487789,0.297286990427,0.162431258322,-1.47711115571,2.10943169483,-0.740449434311,-7.99206026201,51.7537313992,-71.9948726477,1.05867687592,3.9540779818,151.959324174,-18.2962378748,-31.449384806,1.67938141299,0,0,-9.81,1.70829851528,-0.00296865242724,0.340804062233,0.684931520744,0.0141746108431,-0.159833897957,1.05867687592,3.9540779818,151.959324174,-18.3174080095,-31.4645569473,1.04434998845,0,0,0,-1,0,0,0,1.33405579973,-73.6863431997,-10.8373731271,-110.606474017,7.38456253429,-6.33587998977,-132.98963413,1.05867687592,3.9540779818,151.959324174,1.05867687592,3.9540779818,151.959324174,1.90553361996,-0.133165043582,0.0238688089901,151.959324174,0,0,15.4385683913,-3.48941434297,2.09693411592,12.655300057,-3.38442633559,9.12751762336,0,0,0,0,0,0,1.85556252784,0.135037434414,0.0276679339535,0,0,0,15.2061658771,-3.95888187386,4.43306901921,10.9752758197,-3.89362347823,11.4426982917,0,0,0,0,0,0,1.47530935365,-0.146759638976,0.0269250312338,0,0,0,-24.8124518787,-5.24023817038,-7.04033875319,-15.4229629576,-6.27900669636,-20.3811315337,0,0,0,0,0,0,1.51492771884,0.121865053532,0.0248886452046,0,0,0,15.206408,0,0,0.000138588758085,-0.416545306903,0.00840872605992,0,15.206408,0,0.416400113143,-0.000188163974327,-0.0217758931034,0,0,15.206408,-0.00276447635287,0.0170328107713,-0.000199539548468,0.000138588758085,0.416400113143,-0.00276447635287,0.211689836504,-0.00150145259216,-0.0225849699826,-0.416545306903,-0.000188163974327,0.0170328107713,-0.00150145259216,0.522629386307,-0.00114462289737,0.00840872605992,-0.0217758931034,-0.000199539548468,-0.0225849699826,-0.00114462289737,0.528139312573,2.61256017237,4.65780369534,-3.2727399959,-18.1996735561,-32.814244455,1.52333002079,1.55388329644,0.703725713529,-155.23206417,0.0965643186371,-1.36485964898,-0.156051392199,-1.55388329644,-0.703725713529,155.23206417,-0.0965643186371,1.36485964898,0.156051392199,0,0,0,0,0,0,0,0,0,0,0,0,0,0,0,0,0,0,3.47877282536e-12,1.52433621281e-11,-4.55031567981e-11,1.16600062938e-11,3.88311605093e-12,3.5706992918e-12,2.61256017237,4.65780369534,-3.2727399959,-18.1996735561,-32.814244455,1.52333002079,-0.408373776804,-3.52176453143,-6.19424572967,-3.15190861767,-0.995137067747,-8.23992747855,-5.98633419316,1.68243995781,13.442735507,-2.1701533918,-2.19594368163,-6.78074022916,1.55388329644,0.703725713529,-155.23206417,0.0965643186371,-1.36485964898,-0.156051392199,-0.208373776804,-3.32176453143,-6.39424572967,8.28238189992,1.27434043787,12.8200575365,-6.18633419316,1.48243995781,13.642735507,-2.3701533918,-1.99594368163,-6.98074022916,1.05867687592,3.9540779818,151.959324174,-18.2962378748,-31.449384806,1.67938141299,-0.2,-0.2,0.2,-11.4342905176,-2.26947750562,-21.0599850151,0.2,0.2,-0.2,0.2,-0.2,0.2,0,0,0,0,0,0,0.9234547019,-2.49013972282,-7.31023168564,7.16387796402,2.03944516182,13.2683086395,-5.45693445206,2.39104890823,14.2343502045,-3.55180501938,-1.12153446674,-8.02535629272
20.084,10041,15.206408,1.71230196819,-0.00265740064154,0.367566532587,0.999955468348,0.00689178681375,-0.00644008806692,-0.000299769203705,0.718248310484,0.0318089536588,-0.148231152045,-0.115261153536,0.401207223001,0.0176531438471,-2.56616380003,-0.622766159126,10.5261335726,14.8350112795,-26.6317422661,39.8516583216,-8.24921591274,12.1185584023,389.118755124,10.6388124132,12.1304346762,-0.658573631282,0,0,-9.81,1.7096687934,-0.00293917917501,0.340484443903,0.685004287068,0.0146871598569,-0.159353100086,-8.24921591274,12.1185584023,389.118755124,10.6501261719,12.1329237384,-0.363961956198,0,0,0,-1,0,0,0,1.33489753836,-79.6053968553,-11.185939365,-123.425983675,8.5219007905,-6.1601743367,-146.920207437,-3.10554649157,4.20203581249,165.022156593,-3.10554649157,4.20203581249,165.022156593,1.90463259002,-0.132970326012,0.0222276411024,165.022156593,0,0,13.5296361225,-1.92159169945,1.55541575164,11.1558997807,-1.83458629515,7.83218230363,0,0,0,0,0,0,1.85768865765,0.135098773744,0.0292850696206,0,0,0,14.8654277828,0.119923857861,5.6173081013,9.97243695364,0.205240559002,12.3716552134,0,0,0,0,0,0,1.47735581922,-0.147077196791,0.0286871532477,0,0,0,-97.4380590986,18.6940034058,-157.780443298,14.9660133983,8.29754785844,-185.59493138,-5.14366942117,7.91652258985,224.096598531,-5.14366942117,7.91652258985,224.096598531,1.51315561978,0.120196965695,0.0214504614698,224.096598531,0,0,15.206408,0,0,0.000249321096403,-0.41624583153,0.00897408715216,0,15.206408,0,0.416076779612,-0.000107409286297,-0.0232684857003,0,0,15.206408,-0.0033263238775,0.0181943789949,-0.000206834422891,0.000249321096403,0.416076779612,-0.0033263238775,0.211468460414,-0.00166980907132,-0.0229389285472,-0.41624583153,-0.000107409286297,0.0181943789949,-0.00166980907132,0.522730903675,-0.00116303395679,0.00897408715216,-0.0232684857003,-0.000206834422891,-0.0229389285472,-0.00116303395679,0.528257615546,-6.21963682095,12.8535342779,232.995407689,10.6249376379,10.3233610551,-0.928513320827,2.02957909179,0.734975875557,-156.123347435,-0.0138747752265,-1.80707362113,-0.269939689545,-2.02957909179,-0.734975875557,156.123347435,0.0138747752265,1.80707362113,0.269939689545,0,0,0,0,0,0,0,0,0,0,0,0,0,0,0,0,0,0,-2.22044604925e-13,1.63424829225e-13,-1.81898940355e-12,3.09086090056e-13,3.30402372128e-13,-2.57571741713e-14,-6.21963682095,12.8535342779,232.995407689,10.6249376379,10.3233610551,-0.928513320827,-0.726719487546,-4.37179844673,-4.85297306704,-3.43476621934,0.223994399271,-8.3223218128,14.3168667868,1.47846188031,-15.8537048832,-2.23802685709,-2.66744697723,-5.59044666717,2.02957909179,0.734975875557,-156.123347435,-0.0138747752265,-1.80707362113,-0.269939689545,-0.926719487546,-4.17179844673,-5.05297306704,8.54365144879,0.734633755425,13.3600564225,-5.95505132053,0.704925393267,13.5187391392,-2.43802685709,-2.46744697723,-5.79044666717,-8.24921591274,12.1185584023,389.118755124,10.6388124132,12.1304346762,-0.658573631282,0.2,-0.2,0.2,-11.9784176681,-0.510639356154,-21.6823782353,20.2719181073,0.773536487045,-29.3724440224,0.2,-0.2,0.2,0,0,0,0,0,0,0.236372709274,-3.28767371178,-6.04081058502,7.45529270172,1.4373883009,13.7102212906,-5.22612762451,1.78803467751,14.2787771225,-3.61302304268,-1.52634763718,-6.92386770248
20.086,10042,15.206408,1.71372822227,-0.0025959520426,0.367313312769,0.999952422567,0.00704928196967,-0.00673252699521,-0.00036511068117,0.713127035374,0.0307242994702,-0.126609908856,-0.0856384405712,0.347829818043,0.0977788068861,-2.57012429616,-0.541329265379,10.7677695517,12.5583065588,-27.4973234847,30.3859504548,-9.12427183885,7.30956861682,370.751026893,7.36284469573,11.5171470274,-0.341956822571,0,0,-9.81,1.71103697012,-0.00290644580524,0.340227816483,0.683991111728,0.0163563859412,-0.127918439572,-9.12427183885,7.30956861682,370.751026893,7.37252062627,11.5156950683,-0.0883110394951,0,0,0,-1,0,0,0,1.33574505275,-77.6044666439,-9.68783781944,-123.145567671,8.42511276931,-4.67211721061,-145.562107285,-4.14533539587,3.10937256948,160.978828628,-4.14533539587,3.10937256948,160.978828628,1.90392385051,-0.132815283567,0.0209145328669,160.978828628,0,0,12.0392590088,-2.55189995993,-0.685658074227,10.8599230615,-2.49725810929,5.26800255466,0,0,0,0,0,0,1.86008198813,0.13512386069,0.0310366993208,0,0,0,13.6522072665,-0.366318562846,4.43839969167,9.40474155994,-0.279827313773,10.8484504527,0,0,0,0,0,0,1.47964808166,-0.147385038002,0.0306631476597,0,0,0,-91.9143671765,19.5407263103,-151.670850445,12.8995059651,8.90907500172,-177.731170258,-4.97893644298,4.20019604733,209.772198265,-4.97893644298,4.20019604733,209.772198265,1.51173545744,0.118865510707,0.0187366785047,209.772198265,0,0,15.206408,0,0,0.000334894397658,-0.415631893696,0.00951470600093,0,15.206408,0,0.415441438948,-5.28758578236e-05,-0.0245887272369,0,0,15.206408,-0.0038000073429,0.0192323117866,-0.000216264037715,0.000334894397658,0.415441438948,-0.0038000073429,0.211135371617,-0.00181522932026,-0.0231945165641,-0.415631893696,-5.28758578236e-05,0.0192323117866,-0.00181522932026,0.522690599162,-0.00118101523263,0.00951470600093,-0.0245887272369,-0.000216264037715,-0.0231945165641,-0.00118101523263,0.528395973156,-7.65536067962,7.45524039425,215.56177796,7.33287398879,10.0329225958,-0.431477966027,1.46891117784,0.145671769726,-155.189248896,-0.0299707155699,-1.4842244442,-0.0895211430267,-1.46891117784,-0.145671769726,155.189248896,0.0299707155699,1.4842244442,0.0895211430267,0,0,0,0,0,0,0,0,0,0,0,0,0,0,0,0,0,0,-1.86140187708e-08,7.70649855042e-09,-3.7751419768e-08,8.63458904377e-09,1.26713821658e-08,-4.28981794531e-10,-7.65536067962,7.45524039425,215.56177796,7.33287398879,10.0329225958,-0.431477966027,-1.41719376142,-5.18220572464,-3.56786942096,-2.88215996916,0.323880744148,-6.80471847722,11.7869684146,1.56937799919,-12.9742712683,-2.27766488279,-3.09947748551,-4.45436619046,1.46891117784,0.145671769726,-155.189248896,-0.0299707155699,-1.4842244442,-0.0895211430267,-1.61719376151,-4.98220572476,-3.76786942079,9.14107613946,0.071658124907,13.8371435311,-5.73082395742,0.19097256573,13.6542682744,-2.4776648828,-2.89947748558,-4.65436619031,-9.12427183885,7.30956861682,370.751026893,7.36284469573,11.5171470274,-0.341956822571,0.2,-0.2,0.2,-12.0232361151,0.252222616254,-20.6418620137,17.5177923721,1.37840543212,-26.6285395454,0.2,-0.2,0.2,0,0,0,0,0,0,-0.450779914856,-4.06749010086,-4.80598306656,8.05124664307,0.725711345673,14.0760507584,-4.91708517075,1.09666085243,14.2296581268,-3.67734050751,-1.9153701067,-5.8539056778
20.088,10043,15.206408,1.71514527406,-0.00253621845814,0.367101799252,0.999949264335,0.00725559734596,-0.00697550861038,-0.000409074616802,0.708525897457,0.029866792231,-0.105756758577,-0.0605524775704,0.292783265267,0.158793559409,-2.30990457369,-0.427805030336,10.3910008818,10.7210148739,-24.8740839229,24.1784141481,-6.92623017818,4.96187517186,353.725741625,5.260494973,9.87058492903,-0.00927424441554,0,0,-9.81,1.71240277693,-0.0028717430193,0.340029395117,0.682822745166,0.0173663645602,-0.0988544883654,-6.92623017818,4.96187517186,353.725741625,5.2664120698,9.86539154972,0.200732896172,0,0,0,-1,0,0,0,1.3366071172,-76.6784345381,-9.29100774505,-121.376811475,6.82589366572,-4.31828185158,-143.641898934,-3.43414270127,3.07371202749,156.86680766,-3.43414270127,3.07371202749,156.86680766,1.90337009818,-0.132691951665,0.0198712095897,156.86680766,0,0,11.9558749346,-2.60817504963,-0.71365218802,10.7424320109,-2.55295167686,5.32328979223,0,0,0,0,0,0,1.86272179124,0.135099049046,0.0328764769949,0,0,0,13.6174837746,-0.564313423123,4.45040144353,9.23693657721,-0.464258691525,10.9555398559,0,0,0,0,0,0,1.4821617422,-0.147693658709,0.0328239611456,0,0,0,-88.0003470823,19.3321987092,-144.821120154,9.79348868964,8.64670305939,-170.059618786,-3.49208747691,1.88816314437,196.858933965,-3.49208747691,1.88816314437,196.858933965,1.51060278988,0.117806100067,0.016612642677,196.858933965,0,0,15.206408,0,0,0.000398773707666,-0.414789895035,0.0100400337381,0,15.206408,0,0.414581386593,-2.06793845041e-05,-0.0257398236068,0,0,15.206408,-0.00421003903283,0.020150589919,-0.0002275591395,0.000398773707666,0.414581386593,-0.00421003903283,0.210719296958,-0.00194191699199,-0.0233633767878,-0.414789895035,-2.06793845041e-05,0.020150589919,-0.00194191699199,0.522540722326,-0.00119730054705,0.0100400337381,-0.0257398236068,-0.0002275591395,-0.0233633767878,-0.00119730054705,0.528545717432,-5.70272629744,4.72654320262,199.136358353,5.22187298415,8.5703682428,0.00723883253743,1.22350388075,-0.235331969241,-154.589383272,-0.0386219888556,-1.30021668623,0.016513076953,-1.22350388075,0.235331969241,154.589383272,0.0386219888556,1.30021668623,-0.016513076953,0,0,0,0,0,0,0,0,0,0,0,0,0,0,0,0,0,0,8.881784197e-16,-1.42108547152e-14,0,-7.1054273576e-15,-5.3290705182e-15,-6.10622663544e-16,-5.70272629744,4.72654320262,199.136358353,5.22187298415,8.5703682428,0.00723883253743,-1.42561835273,-5.18712076688,-3.53592723237,-2.44899829758,0.38895539186,-5.54256338274,9.64216868813,1.62557147164,-10.6440181073,-2.30093739304,-3.09536466818,-4.41640697404,1.22350388075,-0.235331969241,-154.589383272,-0.0386219888556,-1.30021668623,0.016513076953,-1.62561835273,-4.98712076688,-3.73592723237,9.22714996316,0.0597874380848,14.0391965566,-5.83438086385,0.263926059266,13.9005721053,-2.50093739304,-2.89536466818,-4.61640697404,-6.92623017818,4.96187517186,353.725741625,5.260494973,9.87058492903,-0.00927424441554,0.2,-0.2,0.2,-11.6761482607,0.329167953776,-19.5817599394,15.476549552,1.36164541237,-24.5445902127,0.2,-0.2,0.2,0,0,0,0,0,0,-0.455760985613,-4.04975128174,-4.80240869522,8.13514137268,0.681563138962,14.1860284805,-4.96636533737,1.05528950691,14.3194665909,-3.71937179565,-1.8744546175,-5.86171197891
20.09,10044,15.206408,1.71655333243,-0.00247784583067,0.366930021327,0.999946028839,0.00750455488833,-0.00717157920117,-0.000435335575067,0.704029185631,0.0291863137352,-0.0858889624422,-0.0391375957762,0.243010331609,0.20727549322,-2.25883476416,-0.338931212603,9.91367751565,8.83737055119,-23.6059936461,21.2293478522,-5.64466930317,1.23685532784,325.21243865,2.87338618786,8.57421253359,0.0733160313482,0,0,-9.81,1.71376676785,-0.0028357040215,0.339884744287,0.68191806296,0.0180513828209,-0.071987835358,-5.64466930317,1.23685532784,325.21243865,2.8782291071,8.56960188461,0.237833434654,0,0,0,-1,0,0,0,1.33748419535,-72.1589879898,-6.91252664547,-114.104460318,5.26390098274,-2.22347357092,-135.062496454,-2.65417587143,1.24074781644,146.573039355,-2.65417587143,1.24074781644,146.573039355,1.90294096291,-0.132593917709,0.019050338897,146.573039355,0,0,9.19786288541,-3.31059177402,-4.62748404666,10.272132823,-3.31325023339,0.692797453698,0,0,0,0,0,0,1.86560451986,0.135023153901,0.034807625555,0,0,0,10.9158825093,-1.27754877456,1.65812085556,8.31311592947,-1.20488461603,7.27862234246,0,0,0,0,0,0,1.48489228728,-0.14800740614,0.03517393806,0,0,0,-79.9651247448,18.6118021491,-133.125589046,7.9613428333,8.43587879192,-155.976587291,-2.99049343175,-0.0038924886017,178.639399295,-2.99049343175,-0.0038924886017,178.639399295,1.50970339332,0.116965248671,0.0149705095039,178.639399295,0,0,15.206408,0,0,0.000443990805823,-0.413763820096,0.010556311307,0,15.206408,0,0.413540923803,-7.59000972415e-06,-0.0267340030816,0,0,15.206408,-0.00457292608562,0.0209566490532,-0.000240492321486,0.000443990805823,0.413540923803,-0.00457292608562,0.210233147065,-0.00205324815904,-0.0234553762465,-0.413763820096,-7.59000972415e-06,0.0209566490532,-0.00205324815904,0.522298776072,-0.00121114074606,0.010556311307,-0.0267340030816,-0.000240492321486,-0.0234553762465,-0.00121114074606,0.528702544247,-4.46537360353,0.745918990592,170.910076066,2.82822660804,7.35806397329,0.154273762914,1.17929569965,-0.490936337245,-154.302362583,-0.0451595798173,-1.21614856031,0.0809577315659,-1.17929569965,0.490936337245,154.302362583,0.0451595798173,1.21614856031,-0.0809577315659,0,0,0,0,0,0,0,0,0,0,0,0,0,0,0,0,0,0,-2.6645352591e-15,-8.881784197e-16,-5.68434188608e-14,3.99680288865e-15,5.3290705182e-15,-8.74300631892e-16,-4.46537360353,0.745918990592,170.910076066,2.82822660804,7.35806397329,0.154273762914,-2.51952550878,-6.55428385288,-1.23790400454,-2.08543458276,0.467361678582,-4.57824175108,7.91410025237,1.60923356827,-8.73866830306,-2.14771140391,-3.9723274219,-2.28875334732,1.17929569965,-0.490936337245,-154.302362583,-0.0451595798173,-1.21614856031,0.0809577315659,-2.71952550878,-6.35428385288,-1.43790400454,9.40554858954,0.106257394759,13.6108151518,-5.35842773656,0.040587884647,13.1651054142,-2.34771140391,-3.7723274219,-2.48875334732,-5.64466930317,1.23685532784,325.21243865,2.87338618786,8.57421253359,0.0733160313482,0.2,-0.2,0.2,-11.4909831723,0.361104283823,-18.1890569029,13.2725279889,1.56864568363,-21.9037737173,0.2,-0.2,0.2,0,0,0,0,0,0,-1.54219460487,-5.39038276672,-2.53317666054,8.31072998047,0.707275390625,13.682056427,-4.45509767532,0.759237587452,13.4515247345,-3.58359193802,-2.71021389961,-3.77934193611
20.092,10045,15.206408,1.71795254628,-0.00241982764584,0.366792944624,0.999942662666,0.00779549025205,-0.007328183231,-0.000446590937265,0.699606926446,0.0290090924148,-0.0685383515272,-0.0214601828254,0.19582843138,0.249628379222,-2.22171450666,-0.086840871719,8.66335792172,7.50697141931,-19.8829131609,21.0100274416,-5.60377046278,1.69183006468,294.573478893,1.53251520057,6.64382071404,0.261406128102,0,0,-9.81,1.71512926393,-0.00279931798805,0.339786363509,0.681164915873,0.0182369011221,-0.0488721684662,-5.60377046278,1.69183006468,294.573478893,1.53367522174,6.63764902538,0.383073640755,0,0,0,-1,0,0,0,1.33839256245,-67.3440408168,-7.41679342893,-108.170961643,4.9528984531,-2.98657054606,-127.50582259,-2.96337709945,2.21314818843,137.553426981,-2.96337709945,2.21314818843,137.553426981,1.90261151203,-0.132515926374,0.0184153061584,137.553426981,0,0,7.82385117891,-3.48356942933,-6.3466929322,9.9725640785,-3.5138354138,-1.3525312563,0,0,0,0,0,0,1.86869555836,0.134880475755,0.0367436447119,0,0,0,9.41755521489,-1.61800013679,0.0978400333524,7.81521541636,-1.5609629522,5.27291627072,0,0,0,0,0,0,1.48779849177,-0.148341781614,0.0376418246314,0,0,0,-69.9088294614,16.5046799787,-117.89565811,6.44630131706,7.25366470708,-137.712979224,-2.64039336333,-0.521318123749,157.020051911,-2.64039336333,-0.521318123749,157.020051911,1.50899243688,0.116299291464,0.0137255690463,157.020051911,0,0,15.206408,0,0,0.000473865396423,-0.412637489658,0.0110795948367,0,15.206408,0,0.412404479071,-1.02115792261e-05,-0.0275729241292,0,0,15.206408,-0.00490911634965,0.0216487894667,-0.000254725233974,0.000473865396423,0.412404479071,-0.00490911634965,0.209708804165,-0.00215319614121,-0.0234811881365,-0.412637489658,-1.02115792261e-05,0.0216487894667,-0.00215319614121,0.521998060669,-0.00122292424032,0.0110795948367,-0.0275729241292,-0.000254725233974,-0.0234811881365,-0.00122292424032,0.5288604468,-4.33358299295,1.01909448191,140.567792147,1.47816954839,5.47137287603,0.381551143061,1.2701874698,-0.672735582885,-154.005686745,-0.054345652343,-1.17244783812,0.120145014968,-1.2701874698,0.672735582885,154.005686745,0.054345652343,1.17244783812,-0.120145014968,0,0,0,0,0,0,0,0,0,0,0,0,0,0,0,0,0,0,3.01216829257e-11,1.12915010675e-10,-9.13530584512e-10,1.62967639383e-10,1.02290620418e-10,-8.97920626741e-12,-4.33358299295,1.01909448191,140.567792147,1.47816954839,5.47137287603,0.381551143061,-2.98332862568,-7.09622564638,-0.245401001905,-1.77934283961,0.52798945552,-3.79016808053,6.40530471964,1.65021929997,-7.27040166264,-1.94758336766,-4.39865968376,-1.31298933514,1.2701874698,-0.672735582885,-154.005686745,-0.054345652343,-1.17244783812,0.120145014968,-3.18332862568,-6.89622564638,-0.445401001905,8.59294142689,-0.212960664728,12.9930451099,-4.9927997094,-0.0443157498423,11.67009457,-2.14758336766,-4.19865968376,-1.51298933514,-5.60377046278,1.69183006468,294.573478893,1.53251520057,6.64382071404,0.261406128102,0.2,-0.2,0.2,-10.3722842666,0.74095012031,-16.7832131905,11.398104429,1.69453504983,-18.9404962327,0.2,-0.2,0.2,0,0,0,0,0,0,-2.00725197792,-5.93001508713,-1.53148901463,7.49491167068,0.374744802713,13.0010652542,-4.06654977798,0.62841796875,11.8450307846,-3.39113092422,-3.11647319794,-2.8124525547
20.094,10046,15.206408,1.71934383971,-0.00236189012416,0.366687924932,0.999939179567,0.00811999902549,-0.00745011024028,-0.000445689517085,0.695646712369,0.0289687608357,-0.0525098456966,-0.00642706365701,0.156115793001,0.291363647947,-1.99038036841,-0.018332892871,8.00596050704,6.05421144491,-17.473061058,16.8530946778,-3.70639223313,0.303299384903,279.369399704,0.422666511141,5.46714895359,0.351727194032,0,0,-9.81,1.71649026902,-0.00276247186133,0.339726202159,0.680409552519,0.0184755346835,-0.0297777877996,-3.70639223313,0.303299384903,279.369399704,0.421721987289,5.46057535637,0.44310723549,0,0,0,-1,0,0,0,1.33933881535,-65.451306409,-6.66983272724,-104.704828786,3.78561795592,-2.37706764047,-123.577829713,-2.21440675594,1.76924369459,132.352889083,-2.21440675594,1.76924369459,132.352889083,1.90236172892,-0.132453896433,0.0179354158109,132.352889083,0,0,7.32367205996,-3.56497181978,-5.82684018022,9.29096806183,-3.59157918257,-1.03717619176,0,0,0,0,0,0,1.8719783703,0.134666712385,0.0386470443257,0,0,0,9.29553075011,-1.77667074821,-0.00861392619777,7.69683691355,-1.7130073279,5.23333856102,0,0,0,0,0,0,1.490860514,-0.148704517719,0.0401904544846,0,0,0,-66.7254251495,15.8042560385,-111.530305716,4.50257294835,6.82529703673,-130.668313377,-1.4919854772,-1.46594430968,147.016510621,-1.4919854772,-1.46594430968,147.016510621,1.50843288809,0.115772849665,0.0128102268032,147.016510621,0,0,15.206408,0,0,0.000490951881207,-0.411456476349,0.0116231922875,0,15.206408,0,0.411217833332,-2.62300562046e-05,-0.0282657972988,0,0,15.206408,-0.00523222622213,0.0222292149824,-0.000270118129625,0.000490951881207,0.411217833332,-0.00523222622213,0.209162638153,-0.00224482655564,-0.0234494425749,-0.411456476349,-2.62300562046e-05,0.0222292149824,-0.00224482655564,0.521657740966,-0.00123336074037,0.0116231922875,-0.0282657972988,-0.000270118129625,-0.0234494425749,-0.00123336074037,0.529016936201,-2.28336172972,-0.499820076715,125.598481178,0.356837517141,4.31224587085,0.499940318204,1.42303049467,-0.803119460675,-153.770918522,-0.0658289935134,-1.15490307882,0.148213120938,-1.42303049467,0.803119460675,153.770918522,0.0658289935134,1.15490307882,-0.148213120938,0,0,0,0,0,0,0,0,0,0,0,0,0,0,0,0,0,0,8.73815020341e-09,-9.42161682005e-10,-4.35773017671e-09,-4.87500650959e-10,-3.91692989155e-09,3.23390547674e-09,-2.28336172972,-0.499820076715,125.598481178,0.356837517141,4.31224587085,0.499940318204,-2.97809591318,-6.68656474747,-0.268564826325,-1.50564644565,0.484494179989,-3.07065044512,5.23419648899,1.48842443388,-5.91420651824,-1.94373481541,-4.40872876261,-1.3193554949,1.42303049467,-0.803119460675,-153.770918522,-0.0658289935134,-1.15490307882,0.148213120938,-3.17809591318,-6.88656474747,-0.468564826325,8.59695720008,-0.205170509727,13.0460770041,-5.00751959483,-0.0164483016415,11.7656849406,-2.14373481541,-4.20872876261,-1.5193554949,-3.70639223313,0.303299384903,279.369399704,0.422666511141,5.46714895359,0.351727194032,0.2,0.2,0.2,-10.1026036466,0.689664694623,-16.1167274468,10.2417160851,1.50487273425,-17.6798914598,0.2,-0.2,0.2,0,0,0,0,0,0,-2.00725197792,-5.93001508713,-1.53148901463,7.49491167068,0.374744802713,13.0010652542,-4.06654977798,0.62841796875,11.8450307846,-3.39113092422,-3.11647319794,-2.8124525547
20.096,10047,15.206408,1.72072741129,-0.00230338064989,0.366612919749,0.999935572022,0.00846969245031,-0.00754496807517,-0.00043539832044,0.691785791518,0.0292547371396,-0.0375025915146,0.00570287593935,0.121236916642,0.324737082291,-1.94129061799,0.145100834823,7.50614534814,4.64995048158,-13.6612520699,12.7229335793,-2.38397156048,-0.371727741744,257.378810593,-0.942973971893,3.43918272803,0.27234290544,0,0,-9.81,1.71785027838,-0.00272553491636,0.339700277669,0.67989938013,0.0185275025408,-0.0126665934747,-2.38397156048,-0.371727741744,257.378810593,-0.944279290114,3.43526165658,0.314105682321,0,0,0,-1,0,0,0,1.34032266847,-62.5194364419,-5.85676581762,-100.429346184,3.16380434625,-1.74978921187,-118.389035783,-1.89292560298,1.2797743731,126.134294064,-1.89292560298,1.2797743731,126.134294064,1.90217575244,-0.132404489232,0.0175840037262,126.134294064,0,0,4.76161974642,-3.95495005143,-8.63285590497,8.65922704305,-4.0381786798,-4.64238662347,0,0,0,0,0,0,1.87543994124,0.134380349024,0.040523862281,0,0,0,6.60756314373,-2.21441153066,-2.45486616883,6.81803402986,-2.19503923452,1.81275805308,0,0,0,0,0,0,1.4940759472,-0.149099120954,0.0428210434719,0,0,0,-60.1601516404,14.1227689852,-99.8434215985,2.81821269064,5.92029847637,-117.23656865,-0.491045957497,-1.65150211485,131.244516529,-0.491045957497,-1.65150211485,131.244516529,1.50799512899,0.115357381915,0.0121652716367,131.244516529,0,0,15.206408,0,0,0.000497788079668,-0.410241061147,0.012189911816,0,15.206408,0,0.410001231651,-5.28323212527e-05,-0.0288236147998,0,0,15.206408,-0.00555210642266,0.0227044391652,-0.000286235527226,0.000497788079668,0.410001231651,-0.00555210642266,0.208600609152,-0.0023295000146,-0.0233669900754,-0.410241061147,-5.28323212527e-05,0.0227044391652,-0.0023295000146,0.52128566094,-0.00124249715963,0.012189911816,-0.0288236147998,-0.000286235527226,-0.0233669900754,-0.00124249715963,0.529169486305,-0.771469334111,-1.2747332794,103.719441839,-1.02274100383,2.27657579845,0.443751952985,1.61250222637,-0.903005537658,-153.659368754,-0.0797670319398,-1.16260692958,0.171409047544,-1.61250222637,0.903005537658,153.659368754,0.0797670319398,1.16260692958,-0.171409047544,0,0,0,0,0,0,0,0,0,0,0,0,0,0,0,0,0,0,2.17603712827e-14,6.32827124036e-15,5.68434188608e-14,-3.10862446895e-15,-1.46549439251e-14,5.05151476204e-15,-0.771469334111,-1.2747332794,103.719441839,-1.02274100383,2.27657579845,0.443751952985,-3.68193900083,-7.52731176243,1.58594424592,-1.30719336441,0.42051897074,-2.446832369,4.28277966042,1.39479278288,-4.8597233886,-1.65326045046,-5.07368211188,0.498952042629,1.61250222637,-0.903005537658,-153.659368754,-0.0797670319398,-1.16260692958,0.171409047544,-3.88193900083,-7.72731176243,1.38594424592,8.46064865066,-0.346992529462,12.8171044188,-4.70327992862,0.138842744865,10.889802641,-1.85326045046,-4.87368211188,0.298952042629,-2.38397156048,-0.371727741744,257.378810593,-0.942973971893,3.43918272803,0.27234290544,0.2,0.2,0.2,-9.76784201507,0.767511500202,-15.2639367878,8.98605958904,1.25595003802,-15.7495260296,0.2,-0.2,0.2,0,0,0,0,0,0,-2.71438741684,-6.78036880493,0.341218620539,7.3550453186,0.228507548571,12.7290744781,-3.75236201286,0.767289459705,10.8901777267,-3.10432291031,-3.77070474625,-0.989116847515
20.098,10048,15.206408,1.72210361765,-0.00224391295277,0.366565509879,0.999931838913,0.00883872717983,-0.00761709181247,-0.000417542473349,0.68810317714,0.0297338485567,-0.0237049354631,0.0150489308165,0.0940108268746,0.349768378883,-1.85233279078,0.24172571163,6.90722301154,3.72171511802,-11.4893215485,9.83432732335,-1.28550401847,-0.659598330408,240.346508063,-1.71366280727,2.17460709944,0.254831681985,0,0,-9.81,1.71920964458,-0.00268869015467,0.33970279534,0.679567465152,0.0184852851099,0.00154193331205,-1.28550401847,-0.659598330408,240.346508063,-1.71569848899,2.1716907155,0.265769770995,0,0,0,-1,0,0,0,1.34135635144,-59.9148736747,-5.42350353668,-96.4839454803,2.56377329819,-1.48942100598,-113.664272773,-1.53979738825,1.1268309506,120.523036024,-1.53979738825,1.1268309506,120.523036024,1.90204099293,-0.132365036292,0.0173394141566,120.523036024,0,0,3.44155755558,-3.99581464629,-9.70071695923,8.21066810132,-4.11029782768,-6.13230329621,0,0,0,0,0,0,1.87904857058,0.134012077455,0.0423046299502,0,0,0,5.19341038998,-2.32229217371,-3.5788332517,6.30255669559,-2.32741933782,0.183025099707,0,0,0,0,0,0,1.49740924464,-0.149535786207,0.0454664027914,0,0,0,-55.605798612,12.8315190734,-91.657010679,1.58325011641,5.17648148342,-107.834863037,0.254293369778,-1.78642928101,119.823472039,0.254293369778,-1.78642928101,119.823472039,1.50765498218,0.115030062283,0.0117442255232,119.823472039,0,0,15.206408,0,0,0.000496977667084,-0.409048183654,0.0127862342379,0,15.206408,0,0.4088115068,-8.70706645767e-05,-0.0292513584972,0,0,15.206408,-0.00588155048965,0.0230721068505,-0.000302328376932,0.000496977667084,0.4088115068,-0.00588155048965,0.208045566387,-0.00240906824513,-0.0232419012214,-0.409048183654,-8.70706645767e-05,0.0230721068505,-0.00240906824513,0.520905724701,-0.00125090871958,0.0127862342379,-0.0292513584972,-0.000302328376932,-0.0232419012214,-0.00125090871958,0.529315614907,0.485277441149,-1.6217327886,86.8787902482,-1.80809830718,1.02087503599,0.447998836987,1.77078144042,-0.962134440986,-153.467717796,-0.0944354932404,-1.15373205403,0.193167143367,-1.77078144042,0.962134440986,153.467717796,0.0944354932404,1.15373205403,-0.193167143367,0,0,0,0,0,0,0,0,0,0,0,0,0,0,0,0,0,0,1.91969988794e-08,-1.7201787772e-08,-1.91250535408e-08,-6.67235688923e-09,-9.42099198653e-09,1.16351126511e-08,0.485277441149,-1.6217327886,86.8787902482,-1.80809830718,1.02087503599,0.447998836987,-3.91126372543,-7.74970789933,2.37110113767,-1.11757007612,0.355274112155,-1.95057544661,3.50395982288,1.22077576895,-3.93576674909,-1.43877933135,-5.31613469195,1.30493720435,1.77078144042,-0.962134440986,-153.467717796,-0.0944354932404,-1.15373205403,0.193167143367,-4.11126372543,-7.94970789933,2.17110113767,8.24250452877,-0.454137909657,12.5643103403,-4.57393905529,0.141203343522,10.4228112723,-1.63877933135,-5.11613469195,1.10493720435,-1.28550401847,-0.659598330408,240.346508063,-1.71366280727,2.17460709944,0.254831681985,0.2,0.2,0.2,-9.36007460576,0.809412036847,-14.5148857795,8.07789888552,1.07957241917,-14.358578026,0.2,-0.2,0.2,0,0,0,0,0,0,-2.95618462563,-7.03866910934,1.17023646832,7.13403701782,0.119232445955,12.4424610138,-3.61587071419,0.761011064053,10.357126236,-2.88741874695,-4.02615308762,-0.15034198761
20.1,10049,15.206408,1.72347293051,-0.00218322367251,0.366544018156,0.999927966051,0.00922287453541,-0.00767115625779,-0.000393264396225,0.684656431596,0.0303446401321,-0.0107458612587,0.0225480375325,0.0711502956652,0.368985711853,-1.73434507992,0.307564246568,6.49285214955,3.15004839252,-9.14594506665,7.75363519994,-0.268824218476,-1.18038848751,227.571311109,-2.41585958946,1.17839740749,0.216270308588,0,0,-9.81,1.72056866287,-0.00265201881412,0.339729277088,0.679386149858,0.0183997368247,0.0135123960215,-0.268824218476,-1.18038848751,227.571311109,-2.41804916094,1.17673401211,0.200265254992,0,0,0,-1,0,0,0,1.34244425777,-58.0264330075,-4.86871155653,-93.6543377221,2.06029104097,-1.06402945161,-110.256651936,-1.19494973538,0.787641234046,116.353535003,-1.19494973538,0.787641234046,116.353535003,1.90194728303,-0.132333421768,0.0171833775176,116.353535003,0,0,2.18797004375,-4.08881901427,-10.5869702166,7.75890774132,-4.23744923297,-7.44533188454,0,0,0,0,0,0,1.88278772921,0.133560458097,0.0439602527218,0,0,0,3.64392108427,-2.42754885452,-4.14045475938,5.39398683865,-2.45553113837,-1.09077620847,0,0,0,0,0,0,1.50084270475,-0.150017410375,0.0480947538769,0,0,0,-52.3616366338,11.9062000101,-85.6204663461,0.560464338003,4.65424960362,-100.957350834,0.926125516901,-1.96802972155,111.217776106,0.926125516901,-1.96802972155,111.217776106,1.50739314197,0.114772633094,0.0115072751746,111.217776106,0,0,15.206408,0,0,0.000490197571748,-0.407909066156,0.0134149103802,0,15.206408,0,0.407679821886,-0.000126920600054,-0.0295541883291,0,0,15.206408,-0.00622773536345,0.0233331470713,-0.000317855466052,0.000490197571748,0.407679821886,-0.00622773536345,0.207509399386,-0.00248473328387,-0.0230800805174,-0.407909066156,-0.000126920600054,0.0233331470713,-0.00248473328387,0.520530982177,-0.00125882673903,0.0134149103802,-0.0295541883291,-0.000317855466052,-0.0230800805174,-0.00125882673903,0.529453760766,1.6143520315,-2.16044998928,74.2800438037,-2.52290148608,0.0432652218662,0.430467863828,1.88317624992,-0.980061501764,-153.291267305,-0.107041896595,-1.13513218555,0.214197555226,-1.88317624992,0.980061501764,153.291267305,0.107041896595,1.13513218555,-0.214197555226,0,0,0,0,0,0,0,0,0,0,0,0,0,0,0,0,0,0,6.0701665916e-11,-7.12674363967e-12,-1.84485315913e-10,-2.25686136446e-11,-7.29110105624e-11,1.38177247422e-11,1.6143520315,-2.16044998928,74.2800438037,-2.52290148608,0.0432652218662,0.430467863828,-4.12356742092,-7.88565003712,3.09573123939,-0.974699067295,0.265902089976,-1.51160398735,2.86710497687,1.02201612146,-3.13973180029,-1.30209541873,-5.22193100792,2.03297994938,1.88317624992,-0.980061501764,-153.291267305,-0.107041896595,-1.13513218555,0.214197555226,-4.32356742092,-8.08565003712,2.89573123939,8.16783098233,-0.573417841189,12.450517934,-4.49755222307,0.104358741307,10.1934151364,-1.50209541873,-5.24596812822,1.83297994938,-0.268824218476,-1.18038848751,227.571311109,-2.41585958946,1.17839740749,0.216270308588,0.2,0.2,0.2,-9.14253004962,0.839319931183,-13.9621219214,7.36465719996,0.91765738017,-13.3331469367,0.2,0.0240371202947,0.2,0,0,0,0,0,0,-3.18498897552,-7.22441291809,1.94591152668,7.05700206757,-0.000771606573835,12.302075386,-3.53440475464,0.720166623592,10.0737762451,-2.7478761673,-4.18134737015,0.620491147041
20.102,10050,15.206408,1.72483582931,-0.00212109770756,0.366546977734,0.999923941757,0.0096186054471,-0.00771109526113,-0.000363510512181,0.681449400328,0.0310629824721,0.00147978921795,0.0289077488916,0.0529845759459,0.383996820052,-1.61434394338,0.361334410241,6.13021047531,2.67797855924,-7.17298925801,6.0146414495,0.619657487621,-1.58667804347,216.832631063,-2.95589983876,0.397483705275,0.167288449559,0,0,-9.81,1.72192761045,-0.00261566328987,0.339776364932,0.679348266966,0.0182403410167,0.023805053402,0.619657487621,-1.58667804347,216.832631063,-2.9578622894,0.397074425487,0.129248425981,0,0,0,-1,0,0,0,1.34358777459,-56.3371489087,-4.36358570999,-91.175654194,1.64393024661,-0.676170638694,-107.250899445,-0.891578637625,0.468320162746,112.699759998,-0.891578637625,0.468320162746,112.699759998,1.90188661605,-0.13230793713,0.0171002138597,112.699759998,0,0,0.995639559273,-4.14425234594,-11.2009133986,7.23903976631,-4.32874937468,-8.51380166056,0,0,0,0,0,0,1.88664158961,0.133023023037,0.0454643495471,0,0,0,2.20142056048,-2.50124935496,-4.54251674524,4.51367591642,-2.5537225654,-2.20049766667,0,0,0,0,0,0,1.50435204856,-0.150546678734,0.0506793308053,0,0,0,-49.7333972958,11.096933783,-80.6853288862,-0.278693549275,4.1814390555,-95.3368393685,1.51123612525,-2.05499820622,104.132871066,1.51123612525,-2.05499820622,104.132871066,1.5071941921,0.114570543992,0.0114205602841,104.132871066,0,0,15.206408,0,0,0.000478555562234,-0.406849155979,0.0140791189168,0,15.206408,0,0.406631495374,-0.000171033649245,-0.0297394394983,0,0,15.206408,-0.00659688349575,0.0234905211141,-0.000332350130072,0.000478555562234,0.406631495374,-0.00659688349575,0.207002018375,-0.00255774399738,-0.0228864901051,-0.406849155979,-0.000171033649245,0.0234905211141,-0.00255774399738,0.520173732782,-0.00126637250004,0.0140791189168,-0.0297394394983,-0.000332350130072,-0.0228864901051,-0.00126637250004,0.52958400915,2.54114154635,-2.54439218104,63.6994593845,-3.07267147708,-0.702731775709,0.402677830029,1.92148405856,-0.957714137557,-153.133171679,-0.116771638346,-1.10021548094,0.23538938046,-1.92148405856,0.957714137557,153.133171679,0.116771638346,1.10021548094,-0.23538938046,0,0,0,0,0,0,0,0,0,0,0,0,0,0,0,0,0,0,1.67850178201e-10,-9.26636545273e-12,-1.82581061381e-10,2.06004102665e-11,-3.90629750768e-11,9.18107256886e-12,2.54114154635,-2.54439218104,63.6994593845,-3.07267147708,-0.702731775709,0.402677830029,-4.26881880469,-7.88523628617,3.73578930977,-0.854044414455,0.174628812683,-1.14292121716,2.34893379698,0.818718991848,-2.4654257084,-1.1823551531,-5.06254452678,2.67574818524,1.92148405856,-0.957714137557,-153.133171679,-0.116771638346,-1.10021548094,0.23538938046,-4.46881880469,-8.08523628617,3.53578930977,8.10753626758,-0.696597367418,12.3350511852,-4.45454416905,0.0445041293902,10.0367617396,-1.3823551531,-5.26254452678,2.47574818524,0.619657487621,-1.58667804347,216.832631063,-2.95589983876,0.397483705275,0.167288449559,0.2,0.2,0.2,-8.96158068205,0.871226180157,-13.4779724023,6.80347796603,0.774214862474,-12.502187448,0.2,0.2,0.2,0,0,0,0,0,0,-3.35077786446,-7.28757762909,2.6423869133,6.99473810196,-0.123802453279,12.1667108536,-3.48784804344,0.659144818783,9.87412548065,-2.62586855888,-4.23505401611,1.31298744678
20.104,10051,15.206408,1.72619262166,-0.00205737551269,0.366572833996,0.999919772858,0.0100219748992,-0.00773947755522,-0.000329171067904,0.678396175259,0.0318610974377,0.0129281306985,0.0343260688161,0.0387695104448,0.395497427524,-1.53758841624,0.401168829782,5.74296570018,2.2274363507,-5.88415723621,4.05518377047,2.00602209151,-1.9479241802,209.027844677,-3.3713160304,-0.381664164205,0.151846896573,0,0,-9.81,1.72328673227,-0.00257973603565,0.339841237183,0.679438532487,0.0180219839414,0.0326884164607,2.00602209151,-1.9479241802,209.027844677,-3.37347775208,-0.381562547264,0.0924914581247,0,0,0,-1,0,0,0,1.34478747005,-55.4162564217,-3.94960589071,-89.2746731941,0.93917323492,-0.349800459899,-105.145250628,-0.275476929549,0.196017745447,110.027023132,-0.275476929549,0.196017745447,110.027023132,1.90185261593,-0.132287226492,0.0170766942764,110.027023132,0,0,0.969768448282,-4.15759899875,-11.1776479539,7.32175141625,-4.35872835876,-8.39996055662,0,0,0,0,0,0,1.89059399204,0.132398105407,0.0467944311402,0,0,0,2.10662149238,-2.57253772496,-4.60427794269,4.51136786894,-2.63062512561,-2.23216290438,0,0,0,0,0,0,1.50791456072,-0.151125627886,0.053196016131,0,0,0,-48.1873696158,10.5149545416,-77.1276766944,-1.23059692534,3.82648361832,-91.4609699605,2.28149902106,-2.14394192565,99.0008215458,2.28149902106,-2.14394192565,99.0008215458,1.50704581327,0.114412226509,0.0114555567157,99.0008215458,0,0,15.206408,0,0,0.000462961361091,-0.405888943129,0.0147814511592,0,15.206408,0,0.405686889555,-0.000218274222824,-0.0298143317209,0,0,15.206408,-0.00699402918495,0.0235478012085,-0.000345390421914,0.000462961361091,0.405686889555,-0.00699402918495,0.206531672956,-0.00262906094642,-0.0226654162472,-0.405888943129,-0.000218274222824,0.0235478012085,-0.00262906094642,0.51984429439,-0.00127378025012,0.0147814511592,-0.0298143317209,-0.000345390421914,-0.0226654162472,-0.00127378025012,0.529706644138,3.87904259707,-2.84173397277,56.0288409056,-3.49393415796,-1.4277605135,0.409418620846,1.87302050556,-0.893809792568,-152.999003772,-0.122618127564,-1.0460963493,0.257571724274,-1.87302050556,0.893809792568,152.999003772,0.122618127564,1.0460963493,-0.257571724274,0,0,0,0,0,0,0,0,0,0,0,0,0,0,0,0,0,0,3.99724697786e-12,1.03672626039e-12,-2.10320649785e-12,3.43725048424e-13,-1.74765757421e-12,-2.39946951197e-13,3.87904259707,-2.84173397277,56.0288409056,-3.49393415796,-1.4277605135,0.409418620846,-4.24448383634,-7.80881397406,3.67604570285,-0.735776252707,0.0844110437656,-0.837553305805,1.92891203745,0.611181722457,-1.89120194781,-1.18301259335,-5.01469885212,2.62073732966,1.87302050556,-0.893809792568,-152.999003772,-0.122618127564,-1.0460963493,0.257571724274,-4.44448383634,-8.00881397406,3.47604570285,8.10911831489,-0.697239224336,12.3492196617,-4.45697101434,0.0440431041991,10.0701359702,-1.38301259335,-5.21469885212,2.42073732966,2.00602209151,-1.9479241802,209.027844677,-3.3713160304,-0.381664164205,0.151846896573,0.2,0.2,0.2,-8.8448945676,0.781650268103,-13.1867729675,6.38588305179,0.567138618259,-11.961337918,0.2,0.2,0.2,0,0,0,0,0,0,-3.35077786446,-7.28757762909,2.6423869133,6.99473810196,-0.123802453279,12.1667108536,-3.48784804344,0.659144818783,9.87412548065,-2.62586855888,-4.23505401611,1.31298744678
20.106,10052,15.206408,1.72754359747,-0.001991889075,0.36662089183,0.999915449584,0.0104317241527,-0.00775810827435,-0.000290809052314,0.67548790334,0.0327432188466,0.0240289169938,0.0388407412618,0.0271406362921,0.403068023511,-1.46508968354,0.443147894966,5.57447701572,1.94549634954,-4.98127293493,3.44319875235,2.11568963426,-2.01359374224,200.016099821,-3.64793564899,-0.705826062926,0.0332751505726,0,0,-9.81,1.7246463988,-0.00254433609525,0.339921851037,0.679717046458,0.0177521646274,0.040555545271,2.11568963426,-2.01359374224,200.016099821,-3.64836822528,-0.703383565816,-0.0373231569258,0,0,0,-1,0,0,0,1.34604235022,-53.4654057702,-3.52554627763,-87.0921549416,0.993466489266,-0.0416418978479,-102.249859821,-0.388874285574,-0.0684200152673,106.67360398,-0.388874285574,-0.0684200152673,106.67360398,1.90184014044,-0.132270216347,0.0171014424723,106.67360398,0,0,-0.862061012902,-4.04943857732,-12.3402082154,6.65795165683,-4.31947111912,-10.3167674088,0,0,0,0,0,0,1.89464751429,0.131685477675,0.0479525235258,0,0,0,-0.183641194029,-2.5990348001,-5.27403610497,3.19853155537,-2.70941193415,-4.12706259671,0,0,0,0,0,0,1.51153133724,-0.151755792918,0.0556443999569,0,0,0,-45.7990892817,9.66872031082,-73.2199894808,-1.5738190052,3.27360178884,-86.8274968896,2.50456391983,-1.94517372697,93.3424958415,2.50456391983,-1.94517372697,93.3424958415,1.50693815265,0.114288496419,0.0115879728763,93.3424958415,0,0,15.206408,0,0,0.000444213236435,-0.4050357732,0.0155229558371,0,15.206408,0,0.404853317682,-0.000267451930356,-0.0297802162988,0,0,15.206408,-0.00742315810246,0.0235040415991,-0.000356465567574,0.000444213236435,0.404853317682,-0.00742315810246,0.206100830233,-0.00269915237903,-0.0224184352717,-0.4050357732,-0.000267451930356,0.0235040415991,-0.00269915237903,0.519546116371,-0.00128123955731,0.0155229558371,-0.0297802162988,-0.000356465567574,-0.0224184352717,-0.00128123955731,0.529821393541,3.89448570504,-2.81414979244,47.0726084038,-3.77368741566,-1.69326110432,0.31554828507,1.77879607078,-0.8005560502,-152.943491418,-0.125751766677,-0.987435041395,0.282273134497,-1.77879607078,0.8005560502,152.943491418,0.125751766677,0.987435041395,-0.282273134497,0,0,0,0,0,0,0,0,0,0,0,0,0,0,0,0,0,0,6.12843109593e-14,5.77315972805e-14,-7.95807864051e-13,-7.14983627859e-14,-2.48245868306e-13,-6.0368376964e-15,3.89448570504,-2.81414979244,47.0726084038,-3.77368741566,-1.69326110432,0.31554828507,-4.39756897968,-7.96168044882,4.81836365908,-0.656063051991,-0.000500269526244,-0.585297189748,1.59865517967,0.412617695158,-1.40340592952,-0.978382478178,-4.83323241966,3.75719141986,1.77879607078,-0.8005560502,-152.943491418,-0.125751766677,-0.987435041395,0.282273134497,-4.59756897968,-8.16168044882,4.61836365908,8.01430473308,-0.944787665201,12.0891770548,-4.44380940037,-0.118043717987,9.86379198373,-1.17838247818,-5.03323241966,3.55719141986,2.11568963426,-2.01359374224,200.016099821,-3.64793564899,-0.705826062926,0.0332751505726,0.2,0.2,0.2,-8.67036778507,0.944287395675,-12.6744742445,6.04246458004,0.530661413145,-11.2671979133,0.2,0.2,0.2,0,0,0,0,0,0,-3.52796387672,-7.52025032043,3.83828210831,6.89882230759,-0.370531857014,11.8972616196,-3.47302556038,0.498269319534,9.64287281036,-2.42433071136,-4.10273504257,2.50061178207
20.108,10053,15.206408,1.72888923817,-0.0019245507061,0.366689882409,0.9999109703,0.0108462528704,-0.00776840860636,-0.000249200353809,0.672820352808,0.0336691844488,0.0344952894088,0.0427986764912,0.017325238022,0.409389791334,-1.34440668241,0.465080998805,5.25935922508,1.55634948198,-4.26420007325,2.65174937855,2.67717357029,-2.27091249949,192.935252684,-3.80955411961,-0.887577703163,-0.060045370744,0,0,-9.81,1.72600665649,-0.00250948853225,0.340015834764,0.680027737359,0.0174660073293,0.0472363160752,2.67717357029,-2.27091249949,192.935252684,-3.8085354555,-0.883299866326,-0.137627200401,0,0,0,-1,0,0,0,1.34735464715,-51.8306511859,-3.01813654261,-84.8424915901,0.780442844766,0.353170088664,-99.4637627963,-0.229198378483,-0.429033396469,103.49562292,-0.229198378483,-0.429033396469,103.49562292,1.90184516462,-0.132256056695,0.0171652601106,103.49562292,0,0,-1.83434497923,-4.00803942449,-12.2968468408,5.99410920556,-4.31915218279,-10.7729857984,0,0,0,0,0,0,1.89877819947,0.130886154543,0.0488979973837,0,0,0,-1.25835761647,-2.60665945854,-5.38616206599,2.5100995806,-2.74737785195,-4.85182380749,0,0,0,0,0,0,1.5151667294,-0.152438745103,0.0579823278869,0,0,0,-44.4080817046,9.10348454638,-70.5865608961,-2.06115125073,2.89252174892,-83.8140722323,2.90637194878,-1.84187910302,89.4396297644,2.90637194878,-1.84187910302,89.4396297644,1.50686340662,0.114192069936,0.0117979503171,89.4396297644,0,0,15.206408,0,0,0.000422834833505,-0.404314999189,0.0163062989177,0,15.206408,0,0.404156121298,-0.000317871046022,-0.0296427301597,0,0,15.206408,-0.00788725469327,0.0233629575959,-0.00036529739202,0.000422834833505,0.404156121298,-0.00788725469327,0.205721191021,-0.0027690917411,-0.0221498149426,-0.404314999189,-0.000317871046022,0.0233629575959,-0.0027690917411,0.519292493962,-0.0012892108488,0.0163062989177,-0.0296427301597,-0.00036529739202,-0.0221498149426,-0.0012892108488,0.529929109363,4.22519769848,-2.92031953887,40.0540109557,-3.9311978919,-1.78037346186,0.246778870711,1.54802412819,-0.649407039387,-152.881241728,-0.121643772283,-0.892795758696,0.306824241455,-1.54802412819,0.649407039387,152.881241728,0.121643772283,0.892795758696,-0.306824241455,0,0,0,0,0,0,0,0,0,0,0,0,0,0,0,0,0,0,-7.9936057773e-15,-4.4408920985e-16,2.84217094304e-14,1.7763568394e-15,-3.88578058619e-15,-9.43689570931e-16,4.22519769848,-2.92031953887,40.0540109557,-3.9311978919,-1.78037346186,0.246778870711,-4.37779740412,-7.63549097069,5.25476703822,-0.572417362089,-0.0675878335457,-0.387955814006,1.31864334642,0.231516796775,-0.998614989552,-0.891383065129,-4.58561620508,4.1874637043,1.54802412819,-0.649407039387,-152.881241728,-0.121643772283,-0.892795758696,0.306824241455,-4.57779740412,-7.83549097069,5.05476703822,7.97411324044,-1.06413573556,11.9523492743,-4.47260864794,-0.210886223779,9.82812624818,-1.09138306513,-4.78561620508,3.9874637043,2.67717357029,-2.27091249949,192.935252684,-3.80955411961,-0.887577703163,-0.060045370744,0.2,0.2,0.2,-8.54653060253,0.996547902014,-12.3403050883,5.79125199436,0.442403020554,-10.8267412377,0.2,0.2,0.2,0,0,0,0,0,0,-3.53876924515,-7.29462718964,4.33773803711,6.85772657394,-0.48907455802,11.7550468445,-3.50100493431,0.406812340021,9.58979415894,-2.3425617218,-3.92158746719,2.99373221397
20.11,10054,15.206408,1.73022978563,-0.0018549469394,0.366776955051,0.999906361167,0.0112618020198,-0.00777164715173,-0.000205460404392,0.670273726546,0.0348018833494,0.0435363212893,0.0459797953923,0.00894328581508,0.414122422668,-1.28347287756,0.568627261336,4.54739064664,0.985382408621,-3.6238803776,0.743816274033,2.46189975711,-0.812591828667,181.608591721,-3.59527651393,-1.35110056571,-0.26654218662,0,0,-9.81,1.72736766468,-0.00247526646748,0.340121330925,0.680424116765,0.0171406667478,0.0529911927933,2.46189975711,-0.812591828667,181.608591721,-3.59114548838,-1.34260449522,-0.351593427487,0,0,0,-1,0,0,0,1.34872361838,-49.4943922737,-3.08680142001,-81.8380318075,0.799440550618,0.13785674673,-95.6871388954,-0.323448815436,-0.185985989227,99.3942961492,-0.323448815436,-0.185985989227,99.3942961492,1.90186441043,-0.132244070808,0.0172604154176,99.3942961492,0,0,-2.00366924362,-3.79601162517,-11.7569518974,5.66387223301,-4.12745818539,-10.3699061168,0,0,0,0,0,0,1.90296923991,0.13000049354,0.0496180991879,0,0,0,-2.31796427456,-2.3901663496,-5.69646326499,1.98220837731,-2.57140577123,-5.74406385714,0,0,0,0,0,0,1.51880410953,-0.153175254064,0.0601922869695,0,0,0,-40.8873893907,7.22361227181,-65.2277492416,-2.06182665312,1.4627322179,-77.2801898411,2.78534857254,-0.62660583944,82.2142955713,2.78534857254,-0.62660583944,82.2142955713,1.50681532512,0.114117181301,0.0120684278128,82.2142955713,0,0,15.206408,0,0,0.000399479483161,-0.40373544853,0.0171331206436,0,15.206408,0,0.40360409223,-0.000368699449666,-0.029408120191,0,0,15.206408,-0.00838882663491,0.0231294583486,-0.000371634370572,0.000399479483161,0.40360409223,-0.00838882663491,0.20539715518,-0.00283920675151,-0.0218623039705,-0.40373544853,-0.000368699449666,0.0231294583486,-0.00283920675151,0.519088818553,-0.00129835208983,0.0171331206436,-0.029408120191,-0.000371634370572,-0.0218623039705,-0.00129835208983,0.530030123215,3.68755748268,-1.27108541276,28.7461650657,-3.70694397784,-2.13002923675,0.0654781276271,1.22565766753,-0.458493570617,-152.862426651,-0.111667458534,-0.778928648534,0.332020317264,-1.22565766753,0.458493570617,152.862426651,0.111667458534,0.778928648534,-0.332020317264,0,0,0,0,0,0,0,0,0,0,0,0,0,0,0,0,0,0,5.80369694525e-08,-1.34737707658e-08,-4.0105021526e-09,-5.3772941655e-09,-2.25027971812e-08,-3.01681812864e-09,3.68755748268,-1.27108541276,28.7461650657,-3.70694397784,-2.13002923675,0.0654781276271,-4.16875462098,-7.20822424978,5.2002413132,-0.463967746484,-0.0978979106239,-0.260325370401,1.06817997249,0.136597034119,-0.735248008487,-0.613915628751,-4.42990828587,4.60372490513,1.22565766753,-0.458493570617,-152.862426651,-0.111667458534,-0.778928648534,0.332020317264,-4.36875462098,-7.40822424978,5.4002413132,7.65721030638,-1.21820999757,11.7989259288,-4.65810944181,-0.329181092857,9.17746880486,-0.813915628751,-4.62990828587,4.40372490513,2.46189975711,-0.812591828667,181.608591721,-3.59527651393,-1.35110056571,-0.26654218662,0.2,0.2,-0.2,-8.12117805288,1.12031208703,-12.0592512992,5.72628941953,0.465778148298,-9.91271680209,0.2,0.2,0.2,0,0,0,0,0,0,-3.36291027069,-6.97681093216,4.74587392807,6.5401725769,-0.642348945141,11.5993108749,-3.68623781204,0.289869040251,8.92798709869,-2.07425928116,-3.83921766281,3.47483611107
20.112,10055,15.206408,1.73156537254,-0.00178294269336,0.366880771054,0.999901638838,0.0116759768708,-0.00776908412643,-0.000159830295263,0.667793458328,0.0360021230182,0.0519080014401,0.0480216400058,0.00185146160835,0.415110235672,-1.25040031989,0.602375958489,4.21311459898,0.861755730562,-2.99137537308,-0.452836195053,3.39726480134,-0.949241754723,176.167064234,-3.78000104083,-1.79742246906,-0.279030926795,0,0,-9.81,1.7287293752,-0.00244129070468,0.340235366592,0.680800833585,0.0170028388791,0.0572631965574,3.39726480134,-0.949241754723,176.167064234,-3.77563006235,-1.78846827931,-0.378143498196,0,0,0,-1,0,0,0,1.3501488351,-48.6508336657,-2.82520405862,-80.2535513345,0.320793756495,0.319711876844,-93.88989707,0.128782832565,-0.345122760991,97.2977695328,0.128782832565,-0.345122760991,97.2977695328,1.90189514287,-0.132233782285,0.0173807494594,97.2977695328,0,0,-1.886321455,-3.8745538737,-11.6873298689,5.83646559996,-4.23377573301,-10.1575030474,0,0,0,0,0,0,1.90721512059,0.129032770552,0.0501177821965,0,0,0,-2.33390852621,-2.42191311527,-5.73380665858,2.07236515825,-2.62057249852,-5.74693251879,0,0,0,0,0,0,1.52243034663,-0.153961885689,0.0622541802661,0,0,0,-39.7635868551,6.85237362418,-62.7829577344,-2.59866640757,1.26675107563,-74.5750623223,3.26848196877,-0.604118993732,78.8692947009,3.26848196877,-0.604118993732,78.8692947009,1.5067887344,0.114059205188,0.012386445689,78.8692947009,0,0,15.206408,0,0,0.000375014386709,-0.403298978498,0.0180012803434,0,15.206408,0,0.403198940343,-0.00041873571593,-0.0290818980959,0,0,15.206408,-0.00892847316568,0.0228079610288,-0.000375159124078,0.000375014386709,0.403198940343,-0.00892847316568,0.205129869433,-0.00290942374259,-0.0215589032194,-0.403298978498,-0.00041873571593,0.0228079610288,-0.00290942374259,0.518937401331,-0.00130981215947,0.0180012803434,-0.0290818980959,-0.000375159124078,-0.0215589032194,-0.00130981215947,0.530125140655,4.23351105996,-1.18526469986,23.2684773274,-3.87789494725,-2.44840641755,0.0740241164662,0.83624623973,-0.236022941986,-152.898586905,-0.0978939050893,-0.650983941116,0.353055044534,-0.83624623973,0.236022941986,152.898586905,0.0978939050893,0.650983941116,-0.353055044534,0,0,0,0,0,0,0,0,0,0,0,0,0,0,0,0,0,0,1.88900832754e-08,-3.1553499813e-09,-1.32394006869e-09,-1.33235911193e-09,-7.38302396996e-09,-1.27258220628e-09,4.23351105996,-1.18526469986,23.2684773274,-3.87789494725,-2.44840641755,0.0740241164662,-4.14609355332,-7.09312492191,5.1481350599,-0.393601824442,-0.158696030309,-0.118462035019,0.876493770942,6.18436848676e-06,-0.463811152904,-0.591650703451,-4.34610369301,4.54158974887,0.83624623973,-0.236022941986,-152.898586905,-0.0978939050893,-0.650983941116,0.353055044534,-4.34609355332,-7.29312492191,5.3481350599,7.6178856488,-1.21610387443,11.7118260489,-4.61359438865,-0.328918718481,9.10742923512,-0.791650703451,-4.54610369301,4.34158974887,3.39726480134,-0.949241754723,176.167064234,-3.78000104083,-1.79742246906,-0.279030926795,0.2,0.2,-0.2,-8.01148747325,1.0574078441,-11.8302880839,5.49008816086,0.328924909826,-9.57124038433,0.2,0.2,0.2,0,0,0,0,0,0,-3.37256455421,-6.97225809097,4.75052309036,6.50063467026,-0.639328181744,11.5116558075,-3.64147758484,0.291687071323,8.85044670105,-2.06536412239,-3.83472633362,3.47955131531
20.114,10056,15.206408,1.73289680175,-0.00170849250795,0.367000631743,0.999896824993,0.0120870718122,-0.00776074396397,-0.000113652603372,0.665714605277,0.0372250927088,0.0599303446669,0.0498133291917,-0.00397320936807,0.413708389895,-1.04870212942,0.613777198646,4.03986148453,0.177510520378,-2.96277174422,-1.31999394557,3.30438636349,-0.754543837545,172.955651188,-3.565970081,-1.37237495074,-0.405434789944,0,0,-9.81,1.73009203977,-0.00240760093049,0.340356520272,0.681306391262,0.016843457694,0.060829795777,3.30438636349,-0.754543837545,172.955651188,-3.55942848709,-1.36074819883,-0.492713078327,0,0,0,-1,0,0,0,1.3516294376,-47.2125210191,-2.55334252189,-78.8876290341,0.48153293951,0.50732837203,-91.9690733757,-0.0445569573224,-0.516632031774,95.1310278589,-0.0445569573224,-0.516632031774,95.1310278589,1.90193526491,-0.132224760457,0.0175204887575,95.1310278589,0,0,-3.48496709049,-3.59280275791,-10.6605099274,4.06616794048,-3.9924197876,-10.3066270773,0,0,0,0,0,0,1.91151991014,0.127981322956,0.050399873899,0,0,0,-3.68884397018,-2.36846931323,-5.69137615251,1.11789180032,-2.61591997859,-6.59668551788,0,0,0,0,0,0,1.5260485464,-0.154799500955,0.0641670788097,0,0,0,-39.3883050917,6.34584881856,-62.4931492414,-2.67460467633,0.770651504829,-74.0901792643,3.34894332081,-0.237911805771,77.8246233291,3.34894332081,-0.237911805771,77.8246233291,1.50677960451,0.114014563053,0.0127399514708,77.8246233291,0,0,15.206408,0,0,0.000349637886624,-0.403006768151,0.0189118871562,0,15.206408,0,0.402941867922,-0.000467439915239,-0.028663317714,0,0,15.206408,-0.00950888648685,0.0223966766766,-0.000375457376233,0.000349637886624,0.402941867922,-0.00950888648685,0.204919927475,-0.00297969182995,-0.0212394459394,-0.403006768151,-0.000467439915239,0.0223966766766,-0.00297969182995,0.518839528858,-0.00132426625877,0.0189118871562,-0.028663317714,-0.000375457376233,-0.0212394459394,-0.00132426625877,0.530214317361,3.70634354233,-0.742405050289,19.939391462,-3.64634093534,-1.88917043563,-0.0303307164152,0.401957174726,0.0121387855245,-153.016259721,-0.0803708544268,-0.516795482054,0.375104074396,-0.401957174726,-0.0121387855245,153.016259721,0.0803708544268,0.516795482054,-0.375104074396,0,0,0,0,0,0,0,0,0,0,0,0,0,0,0,0,0,0,4.11485601148e-09,1.73095593414e-09,-5.07807840222e-09,7.95483678928e-11,-2.83264123269e-09,-8.67504457158e-10,3.70634354233,-0.742405050289,19.939391462,-3.64634093534,-1.88917043563,-0.0303307164152,-3.87502786123,-6.0950038268,5.76436017881,-0.33370780771,-0.215978826884,-0.00543409145508,0.733033895749,-0.154850664413,-0.209525322571,-0.472347299366,-3.95616866828,5.12426239165,0.401957174726,0.0121387855245,-153.016259721,-0.0803708544268,-0.516795482054,0.375104074396,-4.07502786123,-6.2950038268,5.96436017881,7.56927288211,-1.43279949961,11.4652319179,-4.81116278379,-0.536354655506,9.21285552191,-0.672347299366,-4.15616866828,4.92426239165,3.30438636349,-0.754543837545,172.955651188,-3.565970081,-1.37237495074,-0.405434789944,0.2,0.2,-0.2,-7.90298068985,1.21682067255,-11.4706660094,5.54419667926,0.381503993096,-9.42238084389,0.2,0.2,0.2,0,0,0,0,0,0,-3.13317227364,-6.08698177338,5.41795539856,6.45206212997,-0.85522300005,11.2667617798,-3.83901429176,0.085575170815,8.95260429382,-1.96430659294,-3.5239007473,4.1253156662
20.116,10057,15.206408,1.73422473,-0.00163160052193,0.367135443599,0.999891927914,0.0124940005637,-0.00774776900874,-6.72178448645e-05,0.663964123783,0.0384459930084,0.0674059278336,0.0502432032679,-0.00975126594238,0.410615023216,-0.883667550807,0.612644272076,3.76639901213,0.0358783176152,-2.37975669494,-1.87298998494,3.61349548226,-0.792339438485,169.809495764,-3.48378422976,-1.17926443909,-0.475574102611,0,0,-9.81,1.7314556429,-0.00237414970094,0.34048394676,0.681808746481,0.0167061181964,0.0639740379957,3.61349548226,-0.792339438485,169.809495764,-3.47602911061,-1.1659798713,-0.557943066798,0,0,0,-1,0,0,0,1.35316440384,-46.1123706993,-2.26977706868,-77.5279339999,0.371755933368,0.71260343454,-90.2299127984,0.058268465076,-0.70867694138,93.1858111979,0.058268465076,-0.70867694138,93.1858111979,1.90198318267,-0.132216692859,0.0176748940164,93.1858111979,0,0,-4.06383689722,-3.46231464259,-9.86480027117,3.22180820337,-3.88861395772,-10.0157531314,0,0,0,0,0,0,1.91584334022,0.126851232124,0.0504523707024,0,0,0,-4.37904993381,-2.29651434212,-5.16813844485,0.336002127907,-2.56828136769,-6.66713917793,0,0,0,0,0,0,1.52963549437,-0.155688217121,0.0659088654928,0,0,0,-39.0108597643,6.05084944731,-61.8928267736,-2.89604859927,0.508091651733,-73.3521418228,3.55522701718,-0.0836624971053,76.6236845666,3.55522701718,-0.0836624971053,76.6236845666,1.50678491226,0.113980401249,0.0131183021705,76.6236845666,0,0,15.206408,0,0,0.000324362287835,-0.402861011051,0.0198639444134,0,15.206408,0,0.402834892859,-0.000513759868907,-0.0281648975912,0,0,15.206408,-0.0101301275696,0.0219080440086,-0.000372555345127,0.000324362287835,0.402834892859,-0.0101301275696,0.20477091716,-0.00304970686545,-0.0209081702718,-0.402861011051,-0.000513759868907,0.0219080440086,-0.00304970686545,0.518798144557,-0.00134288356911,0.0198639444134,-0.0281648975912,-0.000372555345127,-0.0209081702718,-0.00134288356911,0.530297611102,3.51212651497,-0.506542203634,16.6713131956,-3.53715470991,-1.54792643735,-0.0828122349983,-0.101368967305,0.285797234848,-153.138182569,-0.0533704801524,-0.368661998258,0.392761867615,0.101368967305,-0.285797234848,153.138182569,0.0533704801524,0.368661998258,-0.392761867615,0,0,0,0,0,0,0,0,0,0,0,0,0,0,0,0,0,0,1.18278720151e-11,3.94018151439e-12,-1.81330506166e-11,-5.38680211548e-13,-9.0081275772e-12,-2.25020002631e-12,3.51212651497,-0.506542203634,16.6713131956,-3.53715470991,-1.54792643735,-0.0828122349983,-3.6614838745,-5.42010045223,5.94642135393,-0.286066456148,-0.259574384754,0.087615287807,0.598810533927,-0.264335174136,-0.0204595551665,-0.413936141771,-3.41439745103,5.27926511424,-0.101368967305,0.285797234848,-153.138182569,-0.0533704801524,-0.368661998258,0.392761867615,-3.8614838745,-5.62010045223,6.14642135393,7.53358505776,-1.5310779923,11.283639139,-4.91010440541,-0.644285278297,9.26090367354,-0.613936141771,-3.61439745103,5.07926511424,3.61349548226,-0.792339438485,169.809495764,-3.48378422976,-1.17926443909,-0.475574102611,0.2,0.2,-0.2,-7.8196515139,1.27150360754,-11.1960238512,5.50891493934,0.379950104167,-9.28136322871,0.2,0.2,0.2,0,0,0,0,0,0,-2.95466852188,-5.52952718735,5.65540313721,6.41673612595,-0.952866315842,11.0886735916,-3.93807935715,-0.021442219615,9.00158691406,-1.92828702927,-3.06759548187,4.34771728516
20.118,10058,15.206408,1.73554985626,-0.00155231061194,0.367284080587,0.999886954086,0.0128960399357,-0.0077311558645,-2.07560383664e-05,0.662563127402,0.0396449549955,0.0743184941415,0.0503866254197,-0.0143811350722,0.406440524199,-0.707961578244,0.601527670767,3.48430280947,-0.0736693176231,-1.8684226352,-2.24618048136,3.86009976924,-0.824378187937,167.246017752,-3.35597301836,-0.885228326537,-0.545292294537,0,0,-9.81,1.7328202694,-0.00234094905633,0.340616821573,0.682355317493,0.0165619314518,0.066708146743,3.86009976924,-0.824378187937,167.246017752,-3.34706809573,-0.870227391826,-0.619166557225,0,0,0,-1,0,0,0,1.35474998273,-45.0356068565,-2.00110366706,-76.230458516,0.286809388544,0.905126899563,-88.5572785944,0.137470990203,-0.891350094232,91.3408946409,0.137470990203,-0.891350094232,91.3408946409,1.9020376058,-0.132209311406,0.017840006408,91.3408946409,0,0,-4.55370245864,-3.30829106771,-8.91298078395,2.32971098794,-3.75409005821,-9.57086604613,0,0,0,0,0,0,1.92016734914,0.125644875137,0.0502750573936,0,0,0,-4.90424079664,-2.20001015743,-4.49540683075,-0.433898285186,-2.48898154962,-6.53582498097,0,0,0,0,0,0,1.53317533302,-0.156627109175,0.0674734644754,0,0,0,-38.8017196502,5.81103839224,-61.6618159038,-3.07379007286,0.271546317786,-73.0205398004,3.72262877903,0.0669719062945,75.9051231113,3.72262877903,0.0669719062945,75.9051231113,1.50680214656,0.113954475903,0.0135128516886,75.9051231113,0,0,15.206408,0,0,0.000299384679931,-0.402857568097,0.0208569577038,0,15.206408,0,0.402873706116,-0.00055749288595,-0.0275961932291,0,0,15.206408,-0.0107923536408,0.0213507714044,-0.000366438950311,0.000299384679931,0.402873706116,-0.0107923536408,0.204682815618,-0.00311942158735,-0.0205669344704,-0.402857568097,-0.00055749288595,0.0213507714044,-0.00311942158735,0.51881453986,-0.00136638365438,0.0208569577038,-0.0275961932291,-0.000366438950311,-0.0205669344704,-0.00136638365438,0.530376447209,3.22831004391,-0.252496575393,13.953587888,-3.37728705441,-1.10054228741,-0.137050968121,-0.631789726295,0.571881611997,-153.292429863,-0.021314036092,-0.215313960149,0.408241326615,0.631789726295,-0.571881611997,153.292429863,0.021314036092,0.215313960149,-0.408241326615,0,0,0,0,0,0,0,0,0,0,0,0,0,0,0,0,0,0,9.70839408865e-10,5.47282441588e-10,-1.4189254216e-09,4.74713601761e-11,-7.19912240932e-10,-1.98603578028e-10,3.22831004391,-0.252496575393,13.953587888,-3.37728705441,-1.10054228741,-0.137050968121,-3.40906286797,-4.6768544783,6.06576677424,-0.243483034239,-0.29404562118,0.15974328596,0.48490759709,-0.356216626258,0.131265760764,-0.363297925633,-2.82014781384,5.33409531472,-0.631789726295,0.571881611997,-153.292429863,-0.021314036092,-0.215313960149,0.408241326615,-3.60906286797,-4.8768544783,6.26576677424,7.49788303168,-1.62473243029,11.0906712786,-5.02163517654,-0.75683283384,9.32052573805,-0.563297925633,-3.02014781384,5.17326439013,3.86009976924,-0.824378187937,167.246017752,-3.35597301836,-0.885228326537,-0.545292294537,0.2,0.2,-0.2,-7.74136606591,1.33068680915,-10.9309279926,5.50654277352,0.400616207995,-9.18925997721,0.2,0.2,0.160830924592,0,0,0,0,0,0,-2.73787713051,-4.90288448334,5.82973909378,6.3814997673,-1.0459164381,10.9006910324,-4.04986476898,-0.133300900459,9.06515026093,-1.9032548666,-2.5578353405,4.50824356079
20.12,10059,15.206408,1.73687289411,-0.00147076617963,0.367445231681,0.999881894618,0.0132936231804,-0.00771205170563,2.56379077243e-05,0.661518927599,0.0407722161541,0.0805755469,0.0503064164689,-0.0180099874609,0.401547006861,-0.5284932747,0.565270049686,3.15493364894,-0.105744193358,-1.27865581055,-2.0359821058,4.04748728062,-0.884078304031,165.220614645,-3.19495135704,-0.48945243096,-0.609092228093,0,0,-9.81,1.7341859845,-0.00230800831767,0.340754472361,0.682934641928,0.0164128871802,0.069107662189,4.04748728062,-0.884078304031,165.220614645,-3.18507490737,-0.47281215134,-0.670833587653,0,0,0,-1,0,0,0,1.35638165203,-43.9764338705,-1.74457739053,-74.9788934103,0.221388318973,1.08716140448,-86.9343074429,0.195024690171,-1.06713201328,89.5734434762,0.195024690171,-1.06713201328,89.5734434762,1.90209749982,-0.132202407545,0.0180125526312,89.5734434762,0,0,-4.93295783051,-3.12252648295,-7.7808519545,1.38580007065,-3.57665159199,-8.9394084416,0,0,0,0,0,0,1.9244735197,0.124365174607,0.049870459107,0,0,0,-4.76567368641,-1.99112818111,-3.48399351301,-0.974416285963,-2.26508054723,-5.72139589033,0,0,0,0,0,0,1.53665331008,-0.15761465209,0.0688587809543,0,0,0,-38.7559633555,5.65124184279,-61.7902578156,-3.21450183546,0.0859369323519,-73.0866388863,3.85246259045,0.183053709252,75.6471711686,3.85246259045,0.183053709252,75.6471711686,1.50682930501,0.11393501318,0.0139164263345,75.6471711686,0,0,15.206408,0,0,0.000274846020045,-0.402989504071,0.0218899880454,0,15.206408,0,0.403051186316,-0.000598561448721,-0.026967530155,0,0,15.206408,-0.0114950702969,0.0207345064944,-0.000357179634364,0.000274846020045,0.403051186316,-0.0114950702969,0.204654539135,-0.00318872492718,-0.0202174531386,-0.402989504071,-0.000598561448721,0.0207345064944,-0.00318872492718,0.518888940858,-0.00139540694158,0.0218899880454,-0.026967530155,-0.000357179634364,-0.0202174531386,-0.00139540694158,0.530452347008,2.88331948893,-0.0232339023623,11.7497674788,-3.18010190026,-0.55111225528,-0.18748708118,-1.16416779169,0.860844401669,-153.470847166,0.0148494567741,-0.0616598243207,0.421605146913,1.16416779169,-0.860844401669,153.470847166,-0.0148494567741,0.0616598243207,-0.421605146913,0,0,0,0,0,0,0,0,0,0,0,0,0,0,0,0,0,0,-8.881784197e-16,3.21964677141e-15,-2.84217094304e-14,8.881784197e-16,-5.93969318174e-15,5.55111512313e-16,2.88331948893,-0.0232339023623,11.7497674788,-3.18010190026,-0.55111225528,-0.18748708118,-3.11355460752,-3.86064878992,6.10293215887,-0.206957657905,-0.31669406717,0.211653340787,0.379751006184,-0.428477903183,0.248518294883,-0.321347388809,-2.16711883639,4.994770991,-1.16416779169,0.860844401669,-153.470847166,0.0148494567741,-0.0616598243207,0.421605146913,-3.31355460752,-4.06064878992,6.30293215887,7.4602465941,-1.71051478116,10.8843009736,-5.14390942857,-0.872905834033,9.39080516114,-0.521347388809,-2.36711883639,5.194770991,4.04748728062,-0.884078304031,165.220614645,-3.19495135704,-0.48945243096,-0.609092228093,0.2,0.2,-0.2,-7.66720425201,1.39382071399,-10.6726476328,5.52366043475,0.44442793085,-9.14228686626,0.2,0.2,-0.2,0,0,0,0,0,0,-2.47810029984,-4.19962596893,5.92183971405,6.34438085556,-1.13109481335,10.700428009,-4.17248392105,-0.248877823353,9.14176940918,-1.88926804066,-1.98571133614,4.59476995468
20.122,10060,15.206408,1.73819387513,-0.00138684855122,0.367617992299,0.999876772097,0.013685179879,-0.00769098717273,7.20321415583e-05,0.660490508348,0.041958814202,0.0863803089964,0.0501527311203,-0.0204912108812,0.39708968484,-0.520655141101,0.594962465984,2.92864250448,-0.0745847777052,-1.01127845719,-2.82576168909,4.54935301716,-0.951689417135,162.288898936,-3.30319977937,-0.679692004668,-0.61289948921,0,0,-9.81,1.73555283323,-0.00227534212717,0.340896367294,0.683534285257,0.0162573221292,0.0712423456004,4.54935301716,-0.951689417135,162.288898936,-3.29318075049,-0.662650204195,-0.681623825145,0,0,0,-1,0,0,0,1.35805293658,-43.4543676733,-1.57207632102,-74.1660875121,-0.07608248463,1.20629611084,-85.9645339186,0.486114481246,-1.17813329923,88.472221769,0.486114481246,-1.17813329923,88.472221769,1.90216202368,-0.132195821644,0.018189837587,88.472221769,0,0,-4.69788701251,-3.26222240558,-7.71175355745,1.58666841339,-3.74375152509,-8.69771166463,0,0,0,0,0,0,1.92874320432,0.123015847124,0.0492446066507,0,0,0,-4.67699281482,-2.04639144486,-3.47086954371,-0.867135808798,-2.33911298735,-5.64672834891,0,0,0,0,0,0,1.54006268127,-0.158646352964,0.0700775389168,0,0,0,-37.9764505423,5.45257719348,-60.4191835722,-3.45385276614,-0.0100913406774,-71.4876908048,4.06323853591,0.226443882093,73.8166771665,4.06323853591,0.226443882093,73.8166771665,1.5068647799,0.113920608769,0.0143230905684,73.8166771665,0,0,15.206408,0,0,0.000250775406122,-0.403244930666,0.0229614358587,0,15.206408,0,0.403355249957,-0.000637101487873,-0.0262898001921,0,0,15.206408,-0.012236341506,0.0200694254864,-0.000344962113961,0.000250775406122,0.403355249957,-0.012236341506,0.20468255301,-0.00325723459768,-0.0198607388348,-0.403244930666,-0.000637101487873,0.0200694254864,-0.00325723459768,0.519019214044,-0.00143007045159,0.0229614358587,-0.0262898001921,-0.000344962113961,-0.0198607388348,-0.00143007045159,0.530526635359,2.88664333518,0.185880306829,8.62328048385,-3.24996698857,-0.595267212436,-0.17735878225,-1.66270971227,1.13756971566,-153.665618408,0.053232788714,0.0844248054677,0.435540710356,1.66270971227,-1.13756971566,153.665618408,-0.053232788714,-0.0844248054677,-0.435540710356,0,0,0,0,0,0,0,0,0,0,0,0,0,0,0,0,0,0,3.02921812079e-08,8.3003748319e-09,-4.37785558915e-08,2.09046024935e-09,-1.32360404859e-08,-3.39567840513e-09,2.88664333518,0.185880306829,8.62328048385,-3.24996698857,-0.595267212436,-0.17735878225,-3.10282707288,-3.74888479847,6.05497517602,-0.169968524226,-0.34819621705,0.263773876645,0.310265655862,-0.475781000109,0.329437822136,-0.30886914362,-2.07230616003,4.93488677526,-1.66270971227,1.13756971566,-153.665618408,0.053232788714,0.0844248054677,0.435540710356,-3.30282707291,-3.94888479876,6.25497517613,7.45346723746,-1.72719807012,10.8046419331,-5.09543270638,-0.88860160217,9.32030363899,-0.508869143652,-2.27230616029,5.13488677542,4.54935301716,-0.951689417135,162.288898936,-3.30319977937,-0.679692004668,-0.61289948921,0.2,0.2,-0.2,-7.62343576276,1.37900185598,-10.5408680569,5.40569836085,0.412820611208,-8.99086581135,0.2,0.2,-0.2,0,0,0,0,0,0,-2.50266313553,-4.19406509399,5.92895841599,6.33803939819,-1.14709830284,10.6276311874,-4.12448692322,-0.264191925526,9.07941246033,-1.90502512455,-1.96264672279,4.59424066544
20.124,10061,15.206408,1.73951442579,-0.00130082628029,0.367800187689,0.999871584078,0.0140691408625,-0.00767207853127,0.000117638797514,0.660275329365,0.0430111354669,0.091097694962,0.0500587551228,-0.0224407292341,0.391062098199,-0.111268794512,0.527184316215,2.38216286263,-0.437813511185,1.08888022642,-3.64070189176,3.94094652151,-0.594126862886,159.734301104,-2.87908565123,0.148222081153,-0.779925730488,0,0,-9.81,1.73692094672,-0.00224296981311,0.341041741933,0.684198895018,0.0160916208631,0.0729987757122,3.94094652151,-0.594126862886,159.734301104,-2.86680378893,0.169702981652,-0.819771340887,0,0,0,-1,0,0,0,1.35976321044,-41.778365226,-1.23019311309,-72.3949341769,0.148725433879,1.44957402269,-83.5813872009,0.268449568032,-1.42081974878,86.0167798286,0.268449568032,-1.42081974878,86.0167798286,1.90223048033,-0.132189420873,0.0183694541999,86.0167798286,0,0,-6.06188096486,-2.59953012277,-5.34632607257,-0.947242977186,-3.06859609076,-7.85961888005,0,0,0,0,0,0,1.93298075815,0.12159366324,0.0484005211845,0,0,0,-5.46975507432,-1.82165422038,-1.5624726145,-2.73373839321,-2.09287482048,-4.88103623487,0,0,0,0,0,0,1.54340656626,-0.159723714417,0.0711300167177,0,0,0,-37.5411826057,4.84471954864,-60.8794172045,-3.09372762008,-0.648984076786,-71.617894462,3.67249695348,0.826692885897,73.717521275,3.67249695348,0.826692885897,73.717521275,1.50690718982,0.113910183505,0.0147286683807,73.717521275,0,0,15.206408,0,0,0.000227109522308,-0.403621664464,0.0240723619806,0,15.206408,0,0.403783747196,-0.000672996953226,-0.0255618722612,0,0,15.206408,-0.0130182753614,0.0193540339064,-0.000329554809654,0.000227109522308,0.403783747196,-0.0130182753614,0.204766583259,-0.00332471033676,-0.01949585684,-0.403621664464,-0.000672996953226,0.0193540339064,-0.00332471033676,0.519205485221,-0.00147129456224,0.0240723619806,-0.0255618722612,-0.000329554809654,-0.01949585684,-0.00147129456224,0.530599697775,1.78921129127,0.827022892226,5.8135373529,-2.78582068818,0.377583050966,-0.330849115701,-2.15173531466,1.42114973623,-153.920763743,0.0932649570895,0.229361003483,0.449076628,2.15173531466,-1.42114973623,153.920763743,-0.0932649570895,-0.229361003483,-0.449076628,0,0,0,0,0,0,0,0,0,0,0,0,0,0,0,0,0,0,8.44160910063e-08,1.88867277373e-08,-7.75179387347e-09,5.96218274751e-09,-3.36702607184e-08,-1.32122092156e-08,1.78921129127,0.827022892226,5.8135373529,-2.78582068818,0.377583050966,-0.330849115701,-2.41739051548,-2.0568094685,6.35025062437,-0.140524726955,-0.340952170102,0.290487584934,0.19870339544,-0.468577067285,0.352324724948,-0.259311943986,-0.73714052765,4.83983505212,-2.15173531466,1.42114973623,-153.920763743,0.0932649570895,0.229361003483,0.449076628,-2.61739051548,-2.2568094685,6.55025062437,7.37744921383,-1.86068702116,10.4413836909,-5.41711293722,-1.11571385023,9.55557849525,-0.459311943986,-0.93714052765,5.03983505212,3.94094652151,-0.594126862886,159.734301104,-2.87908565123,0.148222081153,-0.779925730488,0.2,0.2,-0.2,-7.5179739408,1.51973485104,-10.150896106,5.61581632626,0.647136814032,-9.20325375352,0.2,0.2,-0.2,0,0,0,0,0,0,-1.85146021843,-2.60535216331,6.2770409584,6.26255559921,-1.28003013134,10.2720651627,-4.44657659531,-0.49108839035,9.32403564453,-1.88691282272,-0.696090102196,4.55676698685
20.126,10062,15.206408,1.74083549438,-0.00121288545221,0.367990528005,0.99986634044,0.0144451513896,-0.00765587897781,0.000162399407796,0.660534294573,0.0439704140381,0.0951701580486,0.0492296922731,-0.0202590813446,0.383479419358,0.127262201604,0.480431595358,2.05752331261,-0.459656906374,1.38065142698,-3.84082466456,4.03805289644,-0.606325090624,158.674704222,-2.60539243425,0.744630755368,-0.843328850898,0,0,-9.81,1.73829015425,-0.00221079172976,0.341189913499,0.68477260559,0.0159788505463,0.0744089881856,4.03805289644,-0.606325090624,158.674704222,-2.59248585681,0.768013787072,-0.861928160648,0,0,0,-1,0,0,0,1.3615007902,-40.723461677,-1.01377116963,-71.1436227561,0.108743033765,1.59236539775,-81.965210115,0.302670701387,-1.56231772882,84.3217035529,0.302670701387,-1.56231772882,84.3217035529,1.90230241857,-0.132183130949,0.0185499743616,84.3217035529,0,0,-6.17381742659,-2.35127505756,-3.78649164165,-2.0329774642,-2.78814194683,-6.78787905607,0,0,0,0,0,0,1.9371340879,0.1201118443,0.0473421889297,0,0,0,-5.66211727038,-1.68310954272,-0.432660687789,-3.64063446191,-1.93641449621,-4.25155319862,0,0,0,0,0,0,1.54665021741,-0.160842334545,0.0720232132049,0,0,0,-37.7886889962,4.76313386517,-61.7010644047,-3.15989897398,-0.812367241662,-72.4365163911,3.73538219505,0.955992638196,74.3530006695,3.73538219505,0.955992638196,74.3530006695,1.50695550068,0.113902801446,0.0151292021493,74.3530006695,0,0,15.206408,0,0,0.000204503024917,-0.404097199982,0.0252155297307,0,15.206408,0,0.404313355865,-0.000706289953138,-0.0248140363848,0,0,15.206408,-0.0138353159834,0.0186156443029,-0.000311561597628,0.000204503024917,0.404313355865,-0.0138353159834,0.204901512757,-0.00339110120521,-0.0191276696014,-0.404097199982,-0.000706289953138,0.0186156443029,-0.00339110120521,0.51944505583,-0.00151869457404,0.0252155297307,-0.0248140363848,-0.000311561597628,-0.0191276696014,-0.00151869457404,0.530675418128,1.48142996524,1.05158571163,4.57272666113,-2.47116198953,1.10314746666,-0.382081772104,-2.5566229389,1.65791080118,-154.101977561,0.134230444401,0.358516714334,0.461247079844,2.5566229389,-1.65791080118,154.101977561,-0.134230444401,-0.358516714334,-0.461247079844,0,0,0,0,0,0,0,0,0,0,0,0,0,0,0,0,0,0,7.70716113152e-09,1.07550557349e-09,-6.05155037192e-10,3.16930925948e-10,-3.04443359411e-09,-1.04995534489e-09,1.48142996524,1.05158571163,4.57272666113,-2.47116198953,1.10314746666,-0.382081772104,-2.0236310763,-1.08814653415,6.14878013123,-0.107596473747,-0.346568641045,0.306483440496,0.135728489062,-0.506540621645,0.405288452021,-0.241999735938,0.0221354657301,4.66161474936,-2.5566229389,1.65791080118,-154.101977561,0.134230444401,0.358516714334,0.461247079844,-2.2236310763,-1.28814653415,6.34878013123,7.32965002934,-1.92466377256,10.2080535939,-5.56517541569,-1.24368567182,9.64746718412,-0.441999735938,-0.17786453427,4.86161474936,4.03805289644,-0.606325090624,158.674704222,-2.60539243425,0.744630755368,-0.843328850898,0.2,0.2,-0.2,-7.43724650309,1.57809513151,-9.90157015343,5.7009039044,0.737145053009,-9.24217873056,0.2,0.2,-0.2,0,0,0,0,0,0,-1.49158751965,-1.72510385513,6.13594865799,6.21545505524,-1.34291791916,10.0468120575,-4.59465885162,-0.618115961552,9.42516136169,-1.89698457718,0.00745601858944,4.43458271027
20.128,10063,15.206408,1.74215797017,-0.00112305917224,0.368188544248,0.99986104735,0.0148132169634,-0.00764278036756,0.000206164400413,0.661237895112,0.0449131399859,0.0990081212351,0.0483487771466,-0.0175229007408,0.375543200465,0.351012876872,0.47189422729,1.93813327557,-0.526658345958,1.58964787877,-3.87020815661,3.99512660853,0.404129601362,160.590869169,-2.13212994779,1.2177770133,-0.91003400209,0,0,-9.81,1.73966047016,-0.00217880703279,0.341340598709,0.685347693997,0.0158687712414,0.0756757509064,3.99512660853,0.404129601362,160.590869169,-2.1186166366,1.24333781241,-0.907025625162,0,0,0,-1,0,0,0,1.36325868231,-40.6831973427,-1.44730570889,-71.7681067749,0.12341373539,1.15320836079,-82.5017167665,0.309824734672,-1.12499784392,84.759191097,0.309824734672,-1.12499784392,84.759191097,1.90237739857,-0.132176881639,0.0187299790881,84.759191097,0,0,-6.16832879811,-1.94782578737,-2.06506969409,-3.16014706901,-2.33035404723,-5.53983202072,0,0,0,0,0,0,1.94118409496,0.118575802531,0.0460846560638,0,0,0,-5.77955910743,-1.4012289824,0.650889625035,-4.47526035842,-1.63144802646,-3.61950625122,0,0,0,0,0,0,1.5497781093,-0.161999387151,0.0727650186987,0,0,0,-38.3190848819,4.30805542175,-63.3303862957,-3.09581652036,-1.41361812761,-74.0679893066,3.68530187386,1.52912744528,75.8316780719,3.68530187386,1.52912744528,75.8316780719,1.50700891742,0.113897787278,0.0155214155564,75.8316780719,0,0,15.206408,0,0,0.000182967347838,-0.404656302692,0.0263875754001,0,15.206408,0,0.404928535106,-0.000737335970061,-0.024060700897,0,0,15.206408,-0.0146846243891,0.0178684587535,-0.000291381252701,0.000182967347838,0.404928535106,-0.0146846243891,0.205082914986,-0.0034563524663,-0.0187584481731,-0.404656302692,-0.000737335970061,0.0178684587535,-0.0034563524663,0.519734759289,-0.00157251496968,0.0263875754001,-0.024060700897,-0.000291381252701,-0.0187584481731,-0.00157251496968,0.530755683995,1.12162615845,2.26449153122,6.33569350377,-1.95826139402,1.68812931659,-0.4401630153,-2.87350045118,1.86036192957,-154.255175665,0.173868553681,0.470352303728,0.469870986971,2.87350045118,-1.86036192957,154.255175665,-0.173868553681,-0.470352303728,-0.469870986971,0,0,0,0,0,0,0,0,0,0,0,0,0,0,0,0,0,0,1.09556275163e-09,2.90450108409e-10,-9.29674115469e-11,9.5244701015e-11,-4.35145919297e-10,-1.81473724936e-10,1.12162615845,2.26449153122,6.33569350377,-1.95826139402,1.68812931659,-0.4401630153,-1.50689892575,-0.0879030840868,5.87339314028,-0.0899061334183,-0.381194445886,0.347255196218,0.0925449402715,-0.552820094281,0.461923448083,-0.158619487317,0.730436453352,4.45350909746,-2.87350045118,1.86036192957,-154.255175665,0.173868553681,0.470352303728,0.469870986971,-1.70689892575,-0.287903084087,6.07339314028,7.23004259987,-2.07267358297,10.235935194,-5.91614894457,-1.45100084813,9.81462185812,-0.358619487317,0.530436453352,4.65350909746,3.99512660853,0.404129601362,160.590869169,-2.13212994779,1.2177770133,-0.91003400209,0.2,0.2,-0.2,-7.31994873329,1.69147913709,-9.88867999773,6.00869388475,0.898180754251,-9.35269840982,0.2,0.2,-0.2,0,0,0,0,0,0,-1.00658810139,-0.797770082951,5.92151546478,6.11652898788,-1.48969137669,10.0829143524,-4.94559431076,-0.824477434158,9.60229969025,-1.83887720108,0.670427799225,4.28053617477
20.13,10064,15.206408,1.74348190993,-0.00103129814491,0.368393800214,0.999855720912,0.0151729534804,-0.00763261316529,0.000249114674503,0.661969883096,0.0458805136644,0.102627983067,0.0473261992867,-0.014392406397,0.367614366754,0.365141530624,0.484268106378,1.82888588057,-0.43797562153,1.50459203513,-4.0640327811,4.30663738171,0.294765345174,159.325689796,-2.2007287456,1.23048214014,-0.905477285906,0,0,-9.81,1.74103187031,-0.00214674466488,0.341494295346,0.685904111061,0.015897048204,0.0771886383619,4.30663738171,0.294765345174,159.325689796,-2.18742409466,1.25635822118,-0.902176409793,0,0,0,-1,0,0,0,1.36503005163,-40.3142224824,-1.32509396194,-71.4332351954,-0.0558517171547,1.23756961394,-82.0253911962,0.485041963021,-1.20542643088,84.2191064286,0.485041963021,-1.20542643088,84.2191064286,1.90245518366,-0.132170697338,0.0189076212639,84.2191064286,0,0,-5.9922869441,-2.07355965923,-2.00900040424,-3.05115252863,-2.47171650538,-5.36882863101,0,0,0,0,0,0,1.94511154894,0.116994373167,0.0446465903863,0,0,0,-5.69062865925,-1.47169130984,0.685168428886,-4.41900285411,-1.71315399492,-3.54345915596,0,0,0,0,0,0,1.5527763691,-0.1631891494,0.0733639591109,0,0,0,-37.9158268127,4.2854751682,-62.8242166412,-3.24982582041,-1.40423505915,-73.4188271012,3.82159541869,1.50019177605,75.1065833674,3.82159541869,1.50019177605,75.1065833674,1.50706688838,0.11389454688,0.0159025363164,75.1065833674,0,0,15.206408,0,0,0.000162567769487,-0.405284391665,0.0275836071691,0,15.206408,0,0.405614366692,-0.000766460000663,-0.0233158472806,0,0,15.206408,-0.0155615770223,0.0171263597491,-0.000269488815182,0.000162567769487,0.405614366692,-0.0155615770223,0.205306431248,-0.00352035506496,-0.0183910522609,-0.405284391665,-0.000766460000663,0.0171263597491,-0.00352035506496,0.520071018671,-0.00163291062296,0.0275836071691,-0.0233158472806,-0.000269488815182,-0.0183910522609,-0.00163291062296,0.530841962693,1.21645479287,2.31488261075,4.95999193322,-1.98957186264,1.79138628651,-0.431805877248,-3.09018258885,2.02011726558,-154.365697863,0.211156882963,0.56090414637,0.473671408658,3.09018258885,-2.02011726558,154.365697863,-0.211156882963,-0.56090414637,-0.473671408658,0,0,0,0,0,0,0,0,0,0,0,0,0,0,0,0,0,0,1.89892546132e-12,-3.75921516138e-13,-1.42108547152e-13,-1.51434420559e-13,-7.43405337289e-13,-1.20792265079e-13,1.21645479287,2.31488261075,4.95999193322,-1.98957186264,1.79138628651,-0.431805877248,-1.51146712513,-0.0243520277037,5.82010325238,-0.0702335519136,-0.398894336811,0.367008259852,0.0685818853426,-0.570177316289,0.487413802858,-0.167835484887,0.799479591032,4.39778398148,-3.09018258885,2.02011726558,-154.365697863,0.211156882963,0.56090414637,0.473671408658,-1.71146712513,-0.224352027704,6.02010325238,7.24222887123,-2.11920763838,10.1669986116,-5.87274614268,-1.48958526002,9.73912843972,-0.367835484887,0.599479591032,4.59778398148,4.30663738171,0.294765345174,159.325689796,-2.2007287456,1.23048214014,-0.905477285906,0.2,0.2,-0.2,-7.31246242315,1.72031330157,-9.79999035172,5.94132802802,0.919407943727,-9.25171463687,0.2,0.2,-0.2,0,0,0,0,0,0,-1.03953766823,-0.789989352226,5.92989683151,6.12934923172,-1.53504085541,10.0229063034,-4.90216207504,-0.862198472023,9.53772735596,-1.87022531033,0.704874098301,4.27696228027
20.132,10065,15.206408,1.74480946403,-0.000938216645703,0.368604009847,0.99985036231,0.0155243540003,-0.00762644829778,0.000291044971793,0.663777046998,0.0465407496057,0.105104816482,0.0464784868981,-0.0114342305146,0.359299096441,0.906295816383,0.329990127807,1.25147328655,-0.521005220436,2.0724054364,-4.11826319418,4.10234746955,0.386675350546,159.845969666,-1.47458257315,2.66700044363,-1.03010237321,0,0,-9.81,1.74240443176,-0.00211463328606,0.341650674947,0.686496463775,0.0159112185229,0.0785397363624,4.10234746955,0.386675350546,159.845969666,-1.46064220432,2.6966378912,-0.971115062916,0,0,0,-1,0,0,0,1.36681422595,-38.6324502872,-1.07695545291,-69.360633571,0.0632047196496,1.38104046487,-79.3889933808,0.350680306663,-1.35577940953,81.5743394429,0.350680306663,-1.35577940953,81.5743394429,1.90253547081,-0.132164514365,0.0190818054706,81.5743394429,0,0,-6.0163188856,-1.34377551876,1.69360907774,-5.5700534887,-1.55684550958,-2.72412802169,0,0,0,0,0,0,1.94891897902,0.115364403814,0.0430307224825,0,0,0,-5.68066673777,-1.05844119284,3.40464288645,-6.37487807264,-1.18068087992,-1.71720346706,0,0,0,0,0,0,1.55564687805,-0.164413521139,0.0738208400843,0,0,0,-39.1896252507,4.29794876847,-65.9107041454,-3.17398722765,-1.66731029364,-76.7180936501,3.75166716288,1.74245476007,78.2716302227,3.75166716288,1.74245476007,78.2716302227,1.50712881856,0.113892709459,0.0162712536712,78.2716302227,0,0,15.206408,0,0,0.00014316949668,-0.405979806377,0.0288045727733,0,15.206408,0,0.40636923933,-0.000793846415517,-0.0225790116319,0,0,15.206408,-0.0164673475844,0.0163890487233,-0.000245882323587,0.00014316949668,0.40636923933,-0.0164673475844,0.205571857376,-0.00358307906361,-0.0180249840472,-0.405979806377,-0.000793846415517,0.0163890487233,-0.00358307906361,0.520453468307,-0.00170059262896,0.0288045727733,-0.0225790116319,-0.000245882323587,-0.0180249840472,-0.00170059262896,0.530934320719,0.835159519005,2.56297502188,5.33276253089,-1.22638614336,3.31055756547,-0.553293345211,-3.26718795056,2.17629967133,-154.513207135,0.248196429789,0.64355712184,0.476809028004,3.26718795056,-2.17629967133,154.513207135,-0.248196429789,-0.64355712184,-0.476809028004,0,0,0,0,0,0,0,0,0,0,0,0,0,0,0,0,0,0,2.45705678026e-11,4.2379433296e-12,-1.76214598469e-12,1.32427402377e-12,-9.68025659631e-12,-3.52673446002e-12,0.835159519005,2.56297502188,5.33276253089,-1.22638614336,3.31055756547,-0.553293345211,-0.59971232587,2.00944606257,5.04738856203,-0.0326031124727,-0.359856678095,0.332872721493,-0.00145673629759,-0.578659228482,0.49515801893,-0.164738733024,2.37358745905,3.74633281502,-3.26718795056,2.17629967133,-154.513207135,0.248196429789,0.64355712184,0.476809028004,-0.79971232587,1.80944606257,5.24738856203,7.12379748901,-2.16665064906,9.74462914465,-6.24354651441,-1.72748549105,10.0302663147,-0.364738733024,2.17358745905,3.94633281502,4.10234746955,0.386675350546,159.845969666,-1.47458257315,2.66700044363,-1.03010237321,0.2,0.2,-0.2,-7.15640060148,1.80679397096,-9.41175642316,6.24208977811,1.14882626258,-9.53510829579,0.2,0.2,-0.2,0,0,0,0,0,0,-0.15471085906,1.19434225559,5.21850681305,6.01152276993,-1.58141005039,9.60976791382,-5.2729101181,-1.09936439991,9.84016036987,-1.89091932774,2.24916887283,3.6771607399
20.134,10066,15.206408,1.74614187946,-0.000844086094348,0.368817941389,0.999845001301,0.0158661035579,-0.00762430456765,0.000331830243848,0.666207716608,0.0470652756776,0.106965771274,0.0454461757657,-0.00740164779725,0.35098013825,1.21995213837,0.2620620795,0.940701721489,-0.586171447753,2.09537005868,-4.81328892553,4.15105497096,0.391835374437,159.612160664,-1.10343085543,3.45821385719,-1.09138912572,0,0,-9.81,1.74377807606,-0.0020824362646,0.341809853469,0.687037111899,0.0159500610594,0.0799385348,4.15105497096,0.391835374437,159.612160664,-1.08949938483,3.49005145335,-1.00023242397,0,0,0,-1,0,0,0,1.36859494714,-37.5721409586,-0.893664685976,-68.0586937448,0.028038306617,1.49080968441,-77.7317625387,0.380141418076,-1.46784427625,79.8945795194,0.380141418076,-1.46784427625,79.8945795194,1.90261800207,-0.132158318315,0.0192524300074,79.8945795194,0,0,-5.88440884395,-1.00608218636,3.71170774521,-6.84127722253,-1.10202738833,-1.1822456573,0,0,0,0,0,0,1.9525653651,0.113703718635,0.0412799753692,0,0,0,-6.20282617465,-0.986327864843,4.65376110777,-7.63750026754,-1.080729552,-1.26728093054,0,0,0,0,0,0,1.55835805653,-0.165662461441,0.0741649069251,0,0,0,-39.6760768505,4.30424615425,-67.3796226122,-3.19790472947,-1.79782605393,-78.2257782281,3.77091355288,1.85967965069,79.7175811441,3.77091355288,1.85967965069,79.7175811441,1.50719437132,0.113891906067,0.016625260936,79.7175811441,0,0,15.206408,0,0,0.000124855885803,-0.406706339878,0.0300395501957,0,15.206408,0,0.407156081029,-0.000820428187353,-0.0218843942514,0,0,15.206408,-0.0173920292227,0.0156903904067,-0.000221760193013,0.000124855885803,0.407156081029,-0.0173920292227,0.205866452564,-0.00364467143174,-0.0176664920432,-0.406706339878,-0.000820428187353,0.0156903904067,-0.00364467143174,0.520871944575,-0.00177427490496,0.0300395501957,-0.0218843942514,-0.000221760193013,-0.0176664920432,-0.00177427490496,0.531036424643,0.895816766953,2.62863569079,5.10895535803,-0.825326319144,4.1410862753,-0.617206338983,-3.255238204,2.23680031635,-154.503205305,0.278104536281,0.682872418108,0.474182786736,3.255238204,-2.23680031635,154.503205305,-0.278104536281,-0.682872418108,-0.474182786736,0,0,0,0,0,0,0,0,0,0,0,0,0,0,0,0,0,0,2.21156426505e-13,9.12603326242e-14,2.84217094304e-14,2.55351295664e-14,-8.70414851306e-14,-4.52970994047e-14,0.895816766953,2.62863569079,5.10895535803,-0.825326319144,4.1410862753,-0.617206338983,-0.121730694512,3.07960443071,4.50267376709,-0.00129037243134,-0.349051732913,0.321330243868,-0.0313617666523,-0.581337812144,0.497005242191,-0.182915133371,3.20954915197,3.6933813458,-3.255238204,2.23680031635,-154.503205305,0.278104536281,0.682872418108,0.474182786736,-0.321730694512,2.87960443071,4.70267376709,7.06473277561,-2.20178348362,9.48886206825,-6.40938684281,-1.87316400526,10.1405963634,-0.382915133371,3.00954915197,3.8933813458,4.15105497096,0.391835374437,159.612160664,-1.10343085543,3.45821385719,-1.09138912572,0.2,0.2,-0.2,-7.06602314804,1.85273175071,-9.16753182438,6.37802507616,1.29182619311,-9.64359112125,0.2,0.2,-0.2,0,0,0,0,0,0,0.300832897425,2.24809980392,4.73498058319,5.95302915573,-1.6148481369,9.36239719391,-5.43849420547,-1.24390101433,9.96165370941,-1.92196691036,3.07661652565,3.66937446594
20.136,10067,15.206408,1.74748052295,-0.000749468927709,0.369034936868,0.999839608787,0.0162015996257,-0.00762408341826,0.000371781270494,0.66932174606,0.0473085833193,0.108497739288,0.0442769260907,-0.00334632139632,0.341347171716,1.56348552331,0.121054575632,0.772718319721,-0.425824463794,1.05334798429,-3.13355891461,4.6058882788,-0.0325918637174,162.004752418,-0.606012707284,4.6816180935,-1.11511488031,0,0,-9.81,1.74515280181,-0.00205014604866,0.341971759991,0.687569956276,0.015995746609,0.0812971362215,4.6058882788,-0.0325918637174,162.004752418,-0.593191720611,4.71438973078,-0.975158253843,0,0,0,-1,0,0,0,1.37036450172,-36.5788320448,-0.693058773987,-66.7861829468,-0.0427390035676,1.6204283928,-76.1331590178,0.436513872573,-1.60337317332,78.2748284901,0.436513872573,-1.60337317332,78.2748284901,1.90270258878,-0.132152087737,0.0194191338224,78.2748284901,0,0,-5.72574653685,-0.608925436218,5.8508667741,-8.17651389042,-0.562595617614,0.464448457862,0,0,0,0,0,0,1.95603168407,0.112020892078,0.0394209001788,0,0,0,-5.92588075417,-0.708900224877,6.25619535512,-8.61750217679,-0.705063081573,-0.011173486811,0,0,0,0,0,0,1.56088622124,-0.166934704919,0.074400139117,0,0,0,-41.6319069518,4.91258398833,-70.9465805633,-3.55541696682,-1.52732125977,-82.3152036472,4.16937440623,1.5707813096,83.7299239284,4.16937440623,1.5707813096,83.7299239284,1.50726321978,0.113891887026,0.0169635222382,83.7299239284,0,0,15.206408,0,0,0.000107686543497,-0.407446584959,0.0312826972629,0,15.206408,0,0.407956969624,-0.000846765692366,-0.0212507344408,0,0,15.206408,-0.0183313621851,0.0150493492632,-0.000197844034245,0.000107686543497,0.407956969624,-0.0183313621851,0.206184522831,-0.00370564899798,-0.0173197535625,-0.407446584959,-0.000846765692366,0.0150493492632,-0.00370564899798,0.521321651303,-0.00185382653243,0.0312826972629,-0.0212507344408,-0.000197844034245,-0.0173197535625,-0.00185382653243,0.531150369902,1.47004892542,2.21853868349,7.5842087857,-0.300048970663,5.37529374069,-0.648904373776,-3.13583935338,2.25113054721,-154.420543633,0.305963736621,0.693675647191,0.466210506535,3.13583935338,-2.25113054721,154.420543633,-0.305963736621,-0.693675647191,-0.466210506535,0,0,0,0,0,0,0,0,0,0,0,0,0,0,0,0,0,0,4.79616346638e-14,-2.88657986403e-15,5.68434188608e-14,-1.99840144433e-15,-1.50990331349e-14,-4.4408920985e-15,1.47004892542,2.21853868349,7.5842087857,-0.300048970663,5.37529374069,-0.648904373776,0.37738611739,4.17000710928,3.88097983105,0.0181215046417,-0.336244969526,0.29433316087,-0.0494785577336,-0.64009922355,0.547465286003,-0.210767748346,4.06245188499,3.17419584831,-3.13583935338,2.25113054721,-154.420543633,0.305963736621,0.693675647191,0.466210506535,0.17738611739,3.97000710928,4.08097983105,7.00762248411,-2.22273193343,9.23148763555,-6.5867903154,-2.03422881261,10.6484723626,-0.410767748346,3.86245188499,3.37419584831,4.6058882788,-0.0325918637174,162.004752418,-0.606012707284,4.6816180935,-1.11511488031,0.2,0.2,-0.2,-6.98950097947,1.88648696391,-8.93715447468,6.53731175767,1.39412958906,-10.1010070766,0.2,0.2,-0.2,0,0,0,0,0,0,0.780727505684,3.34284353256,4.17300462723,5.89659070969,-1.6338493824,9.11309909821,-5.61539173126,-1.40363883972,10.4805812836,-1.95947933197,3.93249392509,3.19531154633
20.138,10068,15.206408,1.74882557087,-0.000654387330394,0.369254991139,0.999834187435,0.0165311613179,-0.00762557786683,0.000410978755826,0.672523960074,0.0475407986575,0.110027135765,0.0434148611635,-0.00139947120011,0.335105978125,1.60746705341,0.115548985972,0.771370098911,-0.384976981278,0.948344910587,-2.97544222988,5.16317718517,-0.0170890057858,161.798627023,-0.5930192174,4.70732478588,-1.11081311621,0,0,-9.81,1.74652871405,-0.00201786679486,0.342137013342,0.688148138966,0.0159929732473,0.0829597338792,5.16317718517,-0.0170890057858,161.798627023,-0.580690896438,4.74055226489,-0.966667739084,0,0,0,-1,0,0,0,1.37211330698,-36.4697610781,-0.661123310932,-66.6704111313,-0.331337629532,1.62540601268,-75.9781057161,0.731689312869,-1.60828587875,78.0820510182,0.731689312869,-1.60828587875,78.0820510182,1.90278903365,-0.132145802126,0.0195816378182,78.0820510182,0,0,-5.72738533507,-0.607053836599,5.83789023365,-8.16821771014,-0.558175651711,0.47019027905,0,0,0,0,0,0,1.95929860502,0.110326254701,0.0374826208178,0,0,0,-5.89722466351,-0.737831085497,6.21183879834,-8.56543597531,-0.735711291567,-0.0251027386258,0,0,0,0,0,0,1.56321735623,-0.168223169102,0.0745484286769,0,0,0,-41.5851285388,4.90096740755,-70.9528048366,-3.83515655317,-1.55608815867,-82.2831275242,4.4314878723,1.59119687296,83.7165760046,4.4314878723,1.59119687296,83.7165760046,1.50733523877,0.113892484227,0.0172845439622,83.7165760046,0,0,15.206408,0,0,9.12510582177e-05,-0.408181181127,0.0325291828771,0,15.206408,0,0.408752301648,-0.000873963675277,-0.0206952030689,0,0,15.206408,-0.019278343203,0.0144850963549,-0.000175173904497,9.12510582177e-05,0.408752301648,-0.019278343203,0.206518411074,-0.00376638945623,-0.0169884744278,-0.408181181127,-0.000873963675277,0.0144850963549,-0.00376638945623,0.521795522975,-0.00193830256253,0.0325291828771,-0.0206952030689,-0.000175173904497,-0.0169884744278,-0.00193830256253,0.531277106429,2.25548498958,2.19383152685,7.54371030986,-0.263898222242,5.3821239454,-0.655628169005,-2.90769230706,2.21092058237,-154.254916466,0.329121030219,0.674799251524,0.455184929727,2.90769230706,-2.21092058237,154.254916466,-0.329121030219,-0.674799251524,-0.455184929727,0,0,0,0,0,0,0,0,0,0,0,0,0,0,0,0,0,0,1.11471293529e-07,-4.97327323767e-08,-2.47108715712e-07,-3.50615337874e-08,-9.20018869977e-08,1.74770207195e-08,2.25548498958,2.19383152685,7.54371030986,-0.263898222242,5.3821239454,-0.655628169005,0.393358394709,4.14526351214,3.82380262128,0.0239117181273,-0.354040600325,0.309910094168,-0.0509895039676,-0.631735720466,0.542301486585,-0.207369970802,4.04583142142,3.13484678739,-2.90769230706,2.21092058237,-154.254916466,0.329121030219,0.674799251524,0.455184929727,0.193358394999,3.94526351117,4.02380262021,7.00732272197,-2.22484568496,9.22408210273,-6.58698555629,-2.03519931519,10.6364082866,-0.407369970788,3.84583142099,3.3348467867,5.16317718517,-0.0170890057858,161.798627023,-0.5930192174,4.70732478588,-1.11081311621,0.2,0.2,-0.2,-6.98341099913,1.87080512634,-8.91417198955,6.53599607525,1.40346361694,-10.0941068106,0.2,0.2,-0.2,0,0,0,0,0,0,0.780727505684,3.34284353256,4.17300462723,5.89659070969,-1.6338493824,9.11309909821,-5.61539173126,-1.40363883972,10.4805812836,-1.95947933197,3.93249392509,3.19531154633
20.14,10069,15.206408,1.7501782194,-0.000559262529721,0.369476582677,0.999828737858,0.0168549708815,-0.00762908219517,0.000449460526155,0.676324264604,0.0475624003364,0.11079576897,0.0426334099114,0.000338449514865,0.329182707753,1.9086741041,0.00978887780774,0.386808334495,-0.355074810128,1.11247554113,-2.90723784598,4.63884163378,-0.169018665897,161.73558438,-0.289648072844,5.70871599659,-1.16963222535,0,0,-9.81,1.74790595702,-0.00198559396409,0.342305563756,0.688797432114,0.015992519594,0.0845994555272,4.63884163378,-0.169018665897,161.73558438,-0.277925718218,5.74410058437,-0.984601264588,0,0,0,-1,0,0,0,1.3737695035,-35.2178138915,-0.441889452284,-65.5803590573,-0.0763482356115,1.77644494392,-74.4184895706,0.467145901746,-1.76426207786,76.5167606102,0.467145901746,-1.76426207786,76.5167606102,1.90287723474,-0.132139455378,0.0197392988123,76.5167606102,0,0,-5.5794462531,-0.285129632907,8.05286663971,-9.55314230335,-0.0623896929105,2.18946572795,0,0,0,0,0,0,1.96236687793,0.10861939911,0.0354664440711,0,0,0,-5.56672891554,-0.58098228225,7.94670997393,-9.61094221388,-0.450044837443,1.37965939523,0,0,0,0,0,0,1.56535296154,-0.169528920087,0.0746100145241,0,0,0,-41.7763019009,5.02536181529,-72.5735331075,-3.58913950645,-1.57055639622,-83.7978687068,4.17169573204,1.59524341196,85.2188237695,4.17169573204,1.59524341196,85.2188237695,1.5074101175,0.113893554512,0.0175887196783,85.2188237695,0,0,15.206408,0,0,7.54849359893e-05,-0.408910829354,0.0337788467445,0,15.206408,0,0.409542762815,-0.000902285098094,-0.0202181338064,0,0,15.206408,-0.020232543418,0.0139981153115,-0.000153954352114,7.54849359893e-05,0.409542762815,-0.020232543418,0.206868296678,-0.00382719045508,-0.0166730474927,-0.408910829354,-0.000902285098094,0.0139981153115,-0.00382719045508,0.522293006753,-0.00202783614059,0.0337788467445,-0.0202181338064,-0.000153954352114,-0.0166730474927,-0.00202783614059,0.531416173902,1.97459744266,2.00078429172,7.61567771688,0.062465247441,6.35633599477,-0.724612060885,-2.66424416438,2.16980294924,-154.119906627,0.352113324332,0.647620002636,0.445020175244,2.66424416438,-2.16980294924,154.119906627,-0.352113324332,-0.647620002636,-0.445020175244,0,0,0,0,0,0,0,0,0,0,0,0,0,0,0,0,0,0,-2.67397277653e-08,8.37543612242e-09,-3.6158326111e-08,-4.04705491341e-09,-4.45435066609e-09,-1.07764901447e-08,1.97459744266,2.00078429172,7.61567771688,0.062465247441,6.35633599477,-0.724612060885,0.851542035447,5.25921800664,3.1082715741,0.0514097646423,-0.331642296947,0.282790935894,-0.0845525954652,-0.611818682821,0.51689211536,-0.290219372962,4.94372730672,2.54131178911,-2.66424416438,2.16980294924,-154.119906627,0.352113324332,0.647620002636,0.445020175244,0.651542035413,5.05921800656,3.30827157416,6.97036918054,-2.35074298393,8.90764782172,-6.71727565437,-2.27421290022,10.654949658,-0.490219372956,4.74372730666,2.74131178915,4.63884163378,-0.169018665897,161.73558438,-0.289648072844,5.70871599659,-1.16963222535,0.2,0.2,-0.2,-6.9189594101,2.01910067548,-8.62485689102,6.6327230544,1.66239422173,-10.1380575454,0.2,0.2,-0.2,0,0,0,0,0,0,1.22467172146,4.48572969437,3.51385521889,5.85987663269,-1.75771951675,8.80436611176,-5.74547147751,-1.64167904854,10.5110845566,-2.04724788666,4.85070323944,2.64036870003
20.142,10070,15.206408,1.75154111311,-0.00046504876858,0.369696720616,0.999823267056,0.0171726538391,-0.00763525991172,0.000487256910913,0.681446855834,0.0471068805704,0.110068969222,0.0418980564261,0.00236960500043,0.323441489455,2.57443951058,-0.229889223388,-0.369861396027,-0.321561174068,1.47491952122,-3.16185600894,4.65278993874,-0.12178743948,162.473186927,0.607901986773,7.39021197922,-1.25028357852,0,0,-9.81,1.74928438085,-0.00195336016978,0.342477384616,0.689366045631,0.0159792438056,0.0862206187786,4.65278993874,-0.12178743948,162.473186927,0.61834313571,7.42854838944,-0.991114293287,0,0,0,-1,0,0,0,1.37487063454,-33.4246566122,-0.269194314993,-62.7481186925,-0.149935558795,1.82879647469,-71.0720729784,0.514303138301,-1.83081403233,73.2016715977,0.514303138301,-1.83081403233,73.2016715977,1.90296712377,-0.132133041948,0.0198921143554,73.2016715977,0,0,-4.89265850294,0.568984638426,12.847919661,-12.2596021235,1.21525814268,6.12831084241,0,0,0,0,0,0,1.96521746831,0.106909733444,0.033404055477,0,0,0,-4.62970001856,0.0471797750565,11.356470954,-11.4665593134,0.470051504025,4.32467915776,0,0,0,0,0,0,1.56727850259,-0.170846860485,0.0746103744448,0,0,0,-43.3263899432,5.23956712758,-76.4074372892,-3.55923318403,-1.70027340948,-87.9043032609,4.13848680044,1.70902659285,89.2715153293,4.13848680044,1.70902659285,89.2715153293,1.50748769429,0.113894959578,0.0178759674159,89.2715153293,0,0,15.206408,0,0,6.03147406893e-05,-0.409613026422,0.0350251315389,0,15.206408,0,0.410305303351,-0.000932601241584,-0.019839879818,0,0,15.206408,-0.0211880206752,0.0136088504854,-0.000135118200519,6.03147406893e-05,0.410305303351,-0.0211880206752,0.207224934092,-0.00388847005126,-0.0163771833813,-0.409613026422,-0.000932601241584,0.0136088504854,-0.00388847005126,0.522806097283,-0.00212102609874,0.0350251315389,-0.019839879818,-0.000135118200519,-0.0163771833813,-0.00212102609874,0.53156915939,2.31903221212,1.95436247564,8.5685359145,0.978534892823,7.98260354356,-0.815635740688,-2.33375772662,2.07614991512,-153.904651012,0.370632906051,0.592391564344,0.43464783783,2.33375772662,-2.07614991512,153.904651012,-0.370632906051,-0.592391564344,-0.43464783783,0,0,0,0,0,0,0,0,0,0,0,0,0,0,0,0,0,0,7.1054273576e-15,2.44249065418e-15,0,1.11022302463e-16,1.7763568394e-15,-1.55431223448e-15,2.31903221212,1.95436247564,8.5685359145,0.978534892823,7.98260354356,-0.815635740688,1.93842796154,7.58962489594,1.41048594493,0.099943812577,-0.264735351684,0.215212639121,-0.147706998572,-0.585945397032,0.480883518494,-0.307549502832,6.64492245476,1.21867067314,-2.33375772662,2.07614991512,-153.904651012,0.370632906051,0.592391564344,0.43464783783,1.73842796154,7.38962489594,1.61048594493,6.77366749192,-2.25638984348,8.42828277759,-7.09071379004,-2.53374392823,10.9757974975,-0.507549502832,6.44492245476,1.41867067314,4.65278993874,-0.12178743948,162.473186927,0.607901986773,7.39021197922,-1.25028357852,0.2,0.2,-0.2,-6.67372367934,1.9916544918,-8.21307013847,6.94300679147,1.9477985312,-10.494913979,0.2,0.2,-0.2,0,0,0,0,0,0,2.30013942719,6.86432790756,1.86774361134,5.66338539124,-1.66097402573,8.33209323883,-6.11855983734,-1.89990997314,10.8432922363,-2.06329274178,6.58544969559,1.34863209724
20.144,10071,15.206408,1.75291543932,-0.00037222525141,0.369913975394,0.999817802836,0.0174835357869,-0.00764284188338,0.000523523439275,0.687163102602,0.0464117585852,0.10862738894,0.0412031447108,0.00506391648101,0.317325984779,2.87324085714,-0.350138432275,-0.731781420971,-0.75627184946,0.857655993314,-3.53231347405,4.67563072744,-0.0294670804009,162.640334841,1.07415938479,8.31991215292,-1.28694508204,0,0,-9.81,1.75066397117,-0.00192113771229,0.342652644784,0.689918760459,0.0159871366999,0.0879132913991,4.67563072744,-0.0294670804009,162.640334841,1.0833727324,8.3599683219,-0.983980406248,0,0,0,-1,0,0,0,1.37598842175,-32.3872599215,-0.205251823622,-61.3269496976,-0.211885062103,1.82142624488,-69.3297122733,0.553838127701,-1.83208686839,71.4507689478,0.553838127701,-1.83208686839,71.4507689478,1.90305852314,-0.132126602636,0.0200407426759,71.4507689478,0,0,-4.65003647303,1.04564833804,15.3280339203,-13.7086957746,1.93992822312,8.12238771277,0,0,0,0,0,0,1.9678166479,0.105222371123,0.0313683264477,0,0,0,-3.76023653094,0.277250535287,12.5771107352,-11.7581121863,0.867010304115,5.77884521523,0,0,0,0,0,0,1.56897075617,-0.172159200728,0.0746042770235,0,0,0,-43.8555259987,5.31538074442,-78.2911313902,-3.54765062367,-1.79518586247,-89.8067545913,4.12179259974,1.80261978799,91.1895658928,4.12179259974,1.80261978799,91.1895658928,1.50756786721,0.113896536486,0.0181454852782,91.1895658928,0,0,15.206408,0,0,4.55799579608e-05,-0.410240333892,0.0362510813471,0,15.206408,0,0.410991239026,-0.000966457549131,-0.0196006623659,0,0,15.206408,-0.0221297922293,0.0133576851287,-0.000120434360481,4.55799579608e-05,0.410991239026,-0.0221297922293,0.20756773875,-0.00395050445648,-0.0161088322996,-0.410240333892,-0.000966457549131,0.0133576851287,-0.00395050445648,0.523317023589,-0.00221435255915,0.0362510813471,-0.0196006623659,-0.000120434360481,-0.0161088322996,-0.00221435255915,0.531738820875,2.80386117912,1.84277947598,9.14822748432,1.45330326365,8.81075943867,-0.866266420279,-1.87176955249,1.87224656002,-153.492107324,0.379143882585,0.490847293773,0.420678662781,1.87176955249,-1.87224656002,153.492107324,-0.379143882585,-0.490847293773,-0.420678662781,0,0,0,0,0,0,0,0,0,0,0,0,0,0,0,0,0,0,4.16822576454e-09,-3.64481844706e-09,-3.19477635458e-08,-3.73146780142e-09,-8.01404631545e-09,-1.01870090141e-09,2.80386117912,1.84277947598,9.14822748432,1.45330326365,8.81075943867,-0.866266420279,2.49222698595,8.77897459244,0.417322251997,0.141795644476,-0.24148624802,0.179060024519,-0.161048151687,-0.572585968473,0.457503370116,-0.364564055788,7.11720458886,0.460392115163,-1.87176955249,1.87224656002,-153.492107324,0.379143882585,0.490847293773,0.420678662781,2.29222698595,8.57897459244,0.617322251989,6.67731306446,-2.2533002227,8.15081406098,-7.26185463338,-2.72085831756,11.0807873053,-0.564564055788,7.31720458886,0.660392115157,4.67563072744,-0.0294670804009,162.640334841,1.07415938479,8.31991215292,-1.28694508204,0.2,0.2,-0.2,-6.53551742014,2.0118139725,-7.97175403833,7.1008064846,2.14827235511,-10.6232839347,0.2,-0.2,-0.2,0,0,0,0,0,0,2.84856414795,8.13523483276,0.91277128458,5.56727838516,-1.65458929539,8.06022644043,-6.2890253067,-2.08504390717,10.9587221146,-2.10367965698,7.51163721085,0.603397727013
20.146,10072,15.206408,1.75430139003,-0.000280887789082,0.370128555185,0.999812333619,0.0177886464699,-0.00765179343333,0.000558263103307,0.692975355892,0.045668731164,0.107289895509,0.0396319824799,0.0065071907827,0.310543320278,2.92109815895,-0.374066360116,-0.679630840296,-0.749569137332,0.838708013818,-3.01341198428,5.23239494453,-0.0423286299741,162.676460332,1.0946289806,8.39205434653,-1.28751842007,0,0,-9.81,1.75204473121,-0.0018888954907,0.34283138197,0.690472148841,0.0160135190822,0.0896212443774,5.23239494453,-0.0423286299741,162.676460332,1.1031259122,8.43279551156,-0.976506796886,0,0,0,-1,0,0,0,1.37712356774,-32.2801256596,-0.164080492153,-61.2403067764,-0.473535808801,1.83913366145,-69.2011702234,0.828176786294,-1.85117721281,71.295562987,0.828176786294,-1.85117721281,71.295562987,1.90315130245,-0.13212018393,0.0201851883101,71.295562987,0,0,-4.92553313016,1.14574662706,15.1349219251,-13.7415563214,2.04741226021,7.84966282915,0,0,0,0,0,0,1.97014787986,0.103571345823,0.0293978845536,0,0,0,-3.81689357136,0.259362219196,12.493953044,-11.7229457148,0.867723211912,5.70564704101,0,0,0,0,0,0,1.57043137782,-0.17345851591,0.0746216270786,0,0,0,-43.8413515192,5.33632739574,-78.4640645739,-3.84576829816,-1.80444963539,-89.9394460194,4.40421815824,1.80884858283,91.380897345,4.40421815824,1.80884858283,91.380897345,1.50765052697,0.113898209329,0.0183976322888,91.380897345,0,0,15.206408,0,0,3.18280323851e-05,-0.410770850911,0.0374474373127,0,15.206408,0,0.411578033994,-0.00100397175563,-0.019517102815,0,0,15.206408,-0.0230500771649,0.013262548285,-0.000110948686029,3.18280323851e-05,0.411578033994,-0.0230500771649,0.207886536497,-0.00401332599522,-0.0158721242365,-0.410770850911,-0.00100397175563,0.013262548285,-0.00401332599522,0.523814264874,-0.00230581956285,0.0374474373127,-0.019517102815,-0.000110948686029,-0.0158721242365,-0.00230581956285,0.531924091774,3.83685851973,1.58151874853,9.65127514433,1.47940619141,8.76071527671,-0.88419865711,-1.39553643952,1.62384735173,-153.02518494,0.38477722814,0.368661001494,0.403319769308,1.39553643952,-1.62384735173,153.02518494,-0.38477722814,-0.368661001494,-0.403319769308,0,0,0,0,0,0,0,0,0,0,0,0,0,0,0,0,0,0,1.47198315759e-08,2.67727546799e-08,-2.48158443128e-07,-1.73286798244e-08,-7.1311587746e-08,-6.3487330948e-09,3.83685851973,1.58151874853,9.65127514433,1.47940619141,8.76071527671,-0.88419865711,2.49325416615,8.68265147619,0.390721248207,0.139119229403,-0.259485147128,0.194576502909,-0.155181488056,-0.552546429854,0.441382654467,-0.385290407707,7.05787750886,0.459548441671,-1.39553643952,1.62384735173,-153.02518494,0.38477722814,0.368661001494,0.403319769308,2.29325416614,8.48265147636,0.590721248273,6.67687267685,-2.25687196786,8.14602810168,-7.26276560618,-2.72306087554,11.0708373554,-0.585290407678,7.25787750895,0.659548441682,5.23239494453,-0.0423286299741,162.676460332,1.0946289806,8.39205434653,-1.28751842007,0.2,0.2,-0.2,-6.53775344514,1.9973868214,-7.95145159883,7.10758412187,2.17051446893,-10.6294547152,0.2,-0.2,-0.2,0,0,0,0,0,0,2.84856414795,8.13523483276,0.91277128458,5.56727838516,-1.65458929539,8.06022644043,-6.2890253067,-2.08504390717,10.9587221146,-2.10367965698,7.51163721085,0.603397727013
20.148,10073,15.206408,1.75569227574,-0.000190560220984,0.370285251196,0.999806760361,0.0180981758231,-0.00765157595608,0.000592750365182,0.695442853364,0.0451637840488,0.0783480057444,0.0380742436499,0.00791483834069,0.304790294745,1.24877567195,-0.254947078396,-14.5345184225,-0.241564327798,-4.4881580143,2.15652708267,-8.05605312615,0.559372476223,10.109725401,1.01065812669,4.94317530173,0.354759626588,0,0,-9.81,1.75342681433,-0.00185663753318,0.343013615903,0.691106101459,0.0160371003635,0.0913437572567,-8.05605312615,0.559372476223,10.109725401,0.99825428884,4.92827485744,0.545766992105,0,0,0,-1,0,0,0,1.37827598155,20.4989650148,-2.19640869749,11.1289253995,13.169165095,-2.73063982439,19.1833640231,-1.17429361448,0.140625215911,1.48045322518,-1.17429361448,0.140625215911,1.48045322518,1.90324546005,-0.132113787655,0.0203249916434,1.48045322518,0,0,-4.29699816668,2.5245537202,15.8457163542,-13.6893264825,3.5703535408,8.70512536137,0,0,0,0,0,0,1.97221139469,0.101958388889,0.0274898302231,0,0,0,-3.7163156647,1.77475078175,8.26512150119,-8.56012382854,2.09364727522,2.75932908754,0,0,0,0,0,0,1.57166115784,-0.174745276412,0.0746620043983,0,0,0,18.675435211,-1.98147602307,0.0217195140455,16.7047955469,-1.31725491145,8.48016771789,-6.88175951167,0.418747260313,8.62927217578,-6.88175951167,0.418747260313,8.62927217578,1.50773549317,0.113899944684,0.0186335014834,8.62927217578,0,0,15.206408,0,0,1.90694146043e-05,-0.411207505968,0.0386135517177,0,15.206408,0,0.412068539167,-0.00104547227104,-0.0195897950643,0,0,15.206408,-0.0239474470528,0.0133240016043,-0.000107020686335,1.90694146043e-05,0.412068539167,-0.0239474470528,0.208181927978,-0.00407757654614,-0.0156676712023,-0.411207505968,-0.00104547227104,0.0133240016043,-0.00407757654614,0.524297678357,-0.0023947959098,0.0386135517177,-0.0195897950643,-0.000107020686335,-0.0156676712023,-0.0023947959098,0.532124181311,-9.03401182644,1.94632402497,-142.520450776,1.40136540398,5.19420032807,0.743023530914,-0.977958700304,1.38695154875,-152.630176177,0.390707277296,0.25102502635,0.388263904327,0.977958700304,-1.38695154875,152.630176177,-0.390707277296,-0.25102502635,-0.388263904327,0,0,0,0,0,0,0,0,0,0,0,0,0,0,0,0,0,0,1.34914301952e-11,-3.6881608878e-13,-1.70850000814e-11,-2.14206430371e-12,-9.34985422418e-12,-1.09656728142e-12,-9.03401182644,1.94632402497,-142.520450776,1.40136540398,5.19420032807,0.743023530914,2.1390173497,9.06913582321,-1.73477463332,-2.31398405193,0.803374983352,-13.7343138404,-0.450145220465,0.939321502816,-11.5290335259,1.87181735229,4.85553904088,-0.131258318836,-0.977958700304,1.38695154875,-152.630176177,0.390707277296,0.25102502635,0.388263904327,1.9390173497,8.86913582321,-1.53477463332,-2.4386855585,0.499559824295,-14.0422661388,-1.40033570361,-1.84710353338,-12.3829833777,1.67181735229,5.05553904088,0.0687416811641,-8.05605312615,0.559372476223,10.109725401,1.01065812669,4.94317530173,0.354759626588,0.2,0.2,-0.2,0.124701506572,0.303815159057,0.307952298375,0.950190483144,2.7864250362,0.853949851788,0.2,-0.2,-0.2,0,0,0,0,0,0,2.49575257301,8.61507225037,-1.19073951244,-3.54793286324,1.10536003113,-14.1229524612,-0.425730466843,-1.20678079128,-12.4854011536,0.170636445284,5.36754989624,0.0105778500438
20.15,10074,15.206408,1.75708916499,-0.000101688111997,0.370387105054,0.999801124457,0.0184120944878,-0.00763622446852,0.000628002667486,0.698444626652,0.0444360544935,0.0509269288892,0.0376749414311,-0.0012508101897,0.309205328628,1.52094932481,-0.367264468165,-13.7725308935,0.235007135995,-7.46403939781,2.10371151543,-17.5780324371,1.5424829298,22.1002261884,1.37807103558,9.2830626578,0.209332511222,0,0,-9.81,1.75480678021,-0.00182419399578,0.343159198206,0.690047835055,0.0161509748774,0.0729836162617,-17.5780324371,1.5424829298,22.1002261884,1.3611363876,9.2706491235,0.566149053968,0,0,0,-1,0,0,0,1.37936394073,17.3067428349,-3.04487373378,1.31957172326,14.8196093378,-3.27951796994,8.95320133248,-5.57105077224,0.807015986253,7.04623657496,-5.57105077224,0.807015986253,7.04623657496,1.90372913402,-0.132160671519,0.0208410651616,7.04623657496,0,0,-3.29131716705,2.5452615214,21.317491972,-16.462369938,4.21421806979,13.5269113609,0,0,0,0,0,0,1.97403660872,0.100414408579,0.0256780739695,0,0,0,-2.26754246004,1.86661657172,12.8463385396,-10.8736648444,2.67639171868,6.94656464227,0,0,0,0,0,0,1.57273120044,-0.175993199684,0.0746930097153,0,0,0,15.7173713307,-1.14753872077,-11.0611403329,18.9945303949,-1.38394513574,-2.82735619692,-12.0069816648,0.735466943547,15.0539896134,-12.0069816648,0.735466943547,15.0539896134,1.5081426779,0.113883611486,0.019173383882,15.0539896134,0,0,15.206408,0,0,5.9461899129e-06,-0.411320542346,0.0397540028011,0,15.206408,0,0.412234930386,-0.00109033034091,-0.0197571333034,0,0,15.206408,-0.0248265448353,0.0134927002477,-0.00010786941624,5.9461899129e-06,0.412234930386,-0.0248265448353,0.208336454473,-0.00413755004014,-0.0154616224175,-0.411320542346,-0.00109033034091,0.0134927002477,-0.00413755004014,0.524643989952,-0.00247718710978,0.0397540028011,-0.0197571333034,-0.00010786941624,-0.0154616224175,-0.00247718710978,0.532338211968,-18.5629899271,2.61100362408,-130.005588651,1.7568275364,9.49537709914,0.558612432948,-0.984957495102,1.06852069296,-152.105814834,0.378756499535,0.21231444235,0.349279920869,0.984957495102,-1.06852069296,152.105814834,-0.378756499535,-0.21231444235,-0.349279920869,0,0,0,0,0,0,0,0,0,0,0,0,0,0,0,0,0,0,5.10159381406e-09,1.32305233436e-09,-6.13166406538e-09,1.28952493128e-09,-1.00886232701e-09,8.57451831759e-10,-18.5629899271,2.61100362408,-130.005588651,1.7568275364,9.49537709914,0.558612432948,2.83890673825,11.6402014019,-4.10485197123,-1.77827913168,0.627148358922,-10.5904651116,-0.579148231389,0.582178476352,-8.08929107571,1.17672902831,6.98439923293,-1.68269391416,-0.984957495102,1.06852069296,-152.105814834,0.378756499535,0.21231444235,0.349279920869,2.63890673825,11.4402014019,-3.90485197123,-1.67015946336,-1.56969098991,-11.3054036555,-2.08857303617,-4.44119083418,-9.44132130231,0.976729028313,7.18439923293,-1.75100166012,-17.5780324371,1.5424829298,22.1002261884,1.37807103558,9.2830626578,0.209332511222,0.2,0.2,-0.2,-0.108119669328,2.19683935098,0.714938544353,1.50942480478,5.02336931056,1.35203022661,0.2,-0.2,0.0683077459579,0,0,0,0,0,0,3.20687913895,11.2823104858,-3.57146525383,-2.77594947815,-0.953905880451,-11.5919361115,-1.11810112,-3.79069447517,-9.71999549866,-0.504215180874,7.53795051575,-1.82273578644
20.152,10075,15.206408,1.75849099061,-1.58570259566e-05,0.370438363488,0.999794519182,0.0187784106333,-0.00760549249201,0.000668723434453,0.700912808761,0.0429155430204,0.0256292167769,0.0381624254723,-0.0164015953213,0.313575672301,1.25954355382,-0.764792482845,-12.7184430846,2.80881999391,-7.6861142562,25.8956537975,-32.8765143756,15.2711102292,56.3713532544,9.40518029851,8.92962294736,4.18497053459,0,0,-9.81,1.75618211046,-0.00179129487223,0.343271298407,0.687723886819,0.0164051165919,0.0562155054116,-32.8765143756,15.2711102292,56.3713532544,9.32654634061,8.77860978171,4.65414916627,0,0,0,-1,0,0,0,1.38040824955,15.7715446658,-3.03349996967,-3.31782262552,15.5583470134,-3.12781934073,4.13597323081,-7.50831623133,1.06995699064,9.49385125263,-7.50831623133,1.06995699064,9.49385125263,1.90451266867,-0.13225812339,0.0216391898659,9.49385125263,0,0,-11.6993215057,2.33767428131,0.985058684183,-9.5172710092,1.47709360841,-7.10977723697,-11.1737637396,13.4071780959,29.0868852495,-11.1737637396,13.4071780959,29.0868852495,1.97559835285,0.0989521415965,0.0240556068787,29.0868852495,0,0,-1.66301667871,2.11726201207,15.0156341167,-11.9979937853,3.18608020253,8.8664947357,0,0,0,0,0,0,1.57361159834,-0.177191276355,0.0747905167708,0,0,0,14.5898636136,-0.678856218066,-15.9638566305,20.1594714208,-1.31083558794,-7.74900681666,-14.1944344047,0.793975142613,17.7906167523,-14.1944344047,0.793975142613,17.7906167523,1.50877742953,0.113854538667,0.0199183891282,17.7906167523,0,0,15.206408,0,0,-8.93446007193e-06,-0.411108443336,0.0408572342304,0,15.206408,0,0.412074675301,-0.001141422394,-0.0200686431959,0,0,15.206408,-0.0256763909752,0.0138231672697,-0.0001162283029,-8.93446007193e-06,0.412074675301,-0.0256763909752,0.20835281614,-0.00419373629879,-0.0152701741443,-0.411108443336,-0.001141422394,0.0138231672697,-0.00419373629879,0.52485831776,-0.00254932156412,0.0408572342304,-0.0200686431959,-0.0001162283029,-0.0152701741443,-0.00254932156412,0.532567435738,-33.7700476644,15.9412333951,-95.320699702,9.76835130444,9.05203952284,4.5023398036,-0.893533288805,0.670123165901,-151.692052956,0.36317100593,0.122416575473,0.317369269005,0.893533288805,-0.670123165901,151.692052956,-0.36317100593,-0.122416575473,-0.317369269005,0,0,0,0,0,0,0,0,0,0,0,0,0,0,0,0,0,0,-5.05195885125e-12,6.90469903475e-12,-6.75015598972e-12,2.44071429734e-12,3.34665628543e-12,2.21955787083e-12,-33.7700476644,15.9412333951,-95.320699702,9.76835130444,9.05203952284,4.5023398036,9.7915173877,15.7264893837,-7.30795966015,-1.51052114222,0.438406650447,-9.05708028405,-0.724690636454,0.221580617481,-6.41174022637,0.796772491194,8.03869464204,-2.50891728981,-0.893533288805,0.670123165901,-151.692052956,0.36317100593,0.122416575473,0.317369269005,3.00762646605,12.7559455119,-5.19594192916,-1.28683214141,-2.59563617143,-9.95311694626,-2.44253505189,-5.76221043825,-7.98161775974,0.596772491194,8.23869464204,-2.70891728981,-32.8765143756,15.2711102292,56.3713532544,9.40518029851,8.92962294736,4.18497053459,6.78389092165,2.97054387176,-2.11201773099,-0.223689000816,3.03404282188,0.89603666221,1.71784441543,5.98379105573,1.56987753337,0.2,-0.2,0.2,0,0,0,0,0,0,3.58999729156,12.7139024734,-4.90870761871,-2.39905762672,-1.95445966721,-10.4029359818,-1.46693754196,-5.0938539505,-8.3871421814,-0.854556560516,8.64710998535,-2.82068920135
20.154,10076,15.206408,1.75989921856,6.7301441402e-05,0.370437391641,0.999787422428,0.019171338024,-0.00755390746302,0.000712905688248,0.704113976448,0.0415792336793,-0.000485923300592,0.0438394186191,-0.0319447740421,0.365911767633,1.62525287867,-0.673551459451,-13.1231252467,1.64691888682,-10.3720983117,13.0986121559,-26.5691570796,9.45306496552,41.2842019805,5.29690931975,11.5793964619,1.74029803595,0,0,-9.81,1.75754878386,-0.00175429696677,0.343358928702,0.683391160658,0.0184963561095,0.0439516615006,-26.5691570796,9.45306496552,41.2842019805,5.25107813615,11.511425196,2.25423521053,0,0,0,-1,0,0,0,1.38141975705,15.0457297079,-3.40777260089,-6.79492740379,16.4928482775,-3.4050152803,0.741459103959,-9.02767704655,1.36453368957,11.4298086857,-9.02767704655,1.36453368957,11.4298086857,1.9055549178,-0.132397040511,0.0226727714933,11.4298086857,0,0,-5.61472265327,1.76133033376,19.9269615564,-17.1751932177,3.23045513662,11.2377973568,-0.861293735544,7.05594441847,8.94096602369,-0.861293735544,7.05594441847,8.94096602369,1.97685106593,0.0977838842184,0.022772660221,8.94096602369,0,0,-0.467486407894,2.11401287905,17.4766220912,-12.908030275,3.53471495416,11.4458926401,0,0,0,0,0,0,1.57428912576,-0.178328679666,0.0749902427659,0,0,0,13.7160568433,-0.499248583929,-21.155387672,21.6937126306,-1.54004799598,-12.764833587,-16.6801862975,1.03258685748,20.9134272711,-16.6801862975,1.03258685748,20.9134272711,1.50960059808,0.113816810266,0.0208242707882,20.9134272711,0,0,15.206408,0,0,-3.03114354343e-05,-0.410497796214,0.0418799187502,0,15.206408,0,0.411514676092,-0.00120608434866,-0.0205677826853,0,0,15.206408,-0.0264172792074,0.0143603624445,-0.000136771210853,-3.03114354343e-05,0.411514676092,-0.0264172792074,0.208226849488,-0.0042563372298,-0.0151173220739,-0.410497796214,-0.00120608434866,0.0143603624445,-0.0042563372298,0.524918094442,-0.00260331252486,0.0418799187502,-0.0205677826853,-0.000136771210853,-0.0151173220739,-0.00260331252486,0.532818585577,-27.398691704,9.48929389967,-109.965941331,5.62480791183,11.578918359,1.99122231885,-0.829534624404,0.0362289341478,-151.250143311,0.327898592076,-0.000478102942598,0.250924282901,0.829534624404,-0.0362289341478,151.250143311,-0.327898592076,0.000478102942598,-0.250924282901,0,0,0,0,0,0,0,0,0,0,0,0,0,0,0,0,0,0,5.3290705182e-14,-1.7763568394e-15,-8.52651282912e-14,-2.84217094304e-14,-6.75015598972e-14,-1.88737914186e-14,-27.398691704,9.48929389967,-109.965941331,5.62480791183,11.578918359,1.99122231885,6.65688905121,14.0215619225,-7.57220052854,-1.18099643762,0.187984438528,-8.08974424744,-0.81202734893,0.0102662386627,-5.18931830151,0.430405179488,9.08887098293,-3.50222358636,-0.829534624404,0.0362289341478,-151.250143311,0.327898592076,-0.000478102942598,0.250924282901,3.34431296185,14.1420301414,-6.59296659672,-0.896178089153,-3.50124680814,-9.1228765623,-2.83087186184,-7.06260093347,-6.99965287813,0.230405179488,9.28887098293,-3.70222358636,-26.5691570796,9.45306496552,41.2842019805,5.29690931975,11.5793964619,1.74029803595,3.31257608936,-0.12046821889,-0.979233931823,-0.284818348464,3.68923124666,1.03313231486,2.01884451291,7.07286717214,1.81033457661,0.2,-0.2,0.2,0,0,0,0,0,0,3.99759793282,14.2342119217,-6.39611196518,-2.02402758598,-2.82665967941,-9.71549892426,-1.85218787193,-6.3751449585,-7.50607395172,-1.19417750835,9.75507545471,-3.8723013401
20.156,10077,15.206408,1.76131387937,0.000147841878603,0.370384178399,0.999779982727,0.0195809393754,-0.0074830943672,0.000759111363446,0.707330403821,0.0402702186005,-0.0266066211831,0.0471176047672,-0.0528918659349,0.392476456615,1.63148828651,-0.659463792522,-13.1226879477,0.901245566665,-9.53387250437,8.21030041545,-23.3043026808,4.71973477184,34.464549253,3.08519618432,11.59123344,0.6094115127,0,0,-9.81,1.75890848213,-0.0017147489282,0.343418170868,0.679910811197,0.0198037812979,0.0297534499084,-23.3043026808,4.71973477184,34.464549253,3.05577204563,11.5628374903,1.09979858417,0,0,0,-1,0,0,0,1.38240748398,15.2676345319,-3.25336943086,-5.91733007575,16.2819608776,-3.27440057023,1.69585464189,-8.19362749343,1.22945007612,10.3728950392,-8.19362749343,1.22945007612,10.3728950392,1.90683263577,-0.132577219107,0.0239138594694,10.3728950392,0,0,-4.43292284399,2.78234160297,23.6148001502,-18.5904891723,4.74855006016,14.7273894677,1.31773305714,2.45613372516,3.49026292772,1.31773305714,2.45613372516,3.49026292772,1.97785044479,0.0968182749023,0.0218092830234,3.49026292772,0,0,-0.468419121244,2.07629737767,17.3382707282,-12.7679398245,3.53445363496,11.3856668342,0,0,0,0,0,0,1.57475568278,-0.179399576727,0.0753404994036,0,0,0,13.6537879675,-0.5053619742,-21.0306197115,21.6091422444,-1.54076504,-12.6348445415,-16.4284082445,1.03415097056,20.601391286,-16.4284082445,1.03415097056,20.601391286,1.51057925662,0.113770116751,0.0218537436179,20.601391286,0,0,15.206408,0,0,-5.66359683045e-05,-0.409524338737,0.0428303240127,0,15.206408,0,0.410590017241,-0.00128206183558,-0.02124747511,0,0,15.206408,-0.0270783523625,0.0151009307097,-0.000169120032615,-5.66359683045e-05,0.410590017241,-0.0270783523625,0.207959826041,-0.00432239479551,-0.0149951590648,-0.409524338737,-0.00128206183558,0.0151009307097,-0.00432239479551,0.524841054352,-0.00263679591879,0.0428303240127,-0.02124747511,-0.000169120032615,-0.0149951590648,-0.00263679591879,0.533092189438,-24.2441928419,4.26466932832,-116.720706434,3.38408822912,11.5248239477,0.828825009257,-0.939890161053,-0.455065443461,-151.185255687,0.298892044826,-0.0664094923277,0.219413496567,0.939890161053,0.455065443461,151.185255687,-0.298892044826,0.0664094923277,-0.219413496567,0,0,0,0,0,0,0,0,0,0,0,0,0,0,0,0,0,0,-2.14015472011e-11,-5.47810685703e-11,-7.49409423406e-11,-2.77169398544e-11,2.37854180796e-11,-1.02775565836e-11,-24.2441928419,4.26466932832,-116.720706434,3.38408822912,11.5248239477,0.828825009257,4.59431676891,13.2618093639,-7.03419099547,-1.12710232201,-0.213051535019,-8.04326173198,-0.842162373887,-0.117692729293,-5.13335561502,0.40358184836,9.03068730386,-3.4212953166,-0.939890161053,-0.455065443461,-151.185255687,0.298892044826,-0.0664094923277,0.219413496567,3.2962200989,14.032132551,-6.47658167531,-0.880377673123,-3.5394882051,-8.99336454343,-2.8377876629,-7.08189600886,-6.91636953583,0.20358184836,9.23068730386,-3.6212953166,-23.3043026808,4.71973477184,34.464549253,3.08519618432,11.59123344,0.6094115127,1.29809667003,-0.770323187158,-0.55760932017,-0.246724648889,3.32643667008,0.950102811444,1.99562528901,6.96420327957,1.78301392081,0.2,-0.2,0.2,0,0,0,0,0,0,3.99759793282,14.2342119217,-6.39611196518,-2.02402758598,-2.82665967941,-9.71549892426,-1.85218787193,-6.3751449585,-7.50607395172,-1.19417750835,9.75507545471,-3.8723013401
20.158,10078,15.206408,1.76273590832,0.000224852398091,0.370277119756,0.999772121703,0.0200111196338,-0.00738976153387,0.000806957715933,0.711014476949,0.0385052597441,-0.0535293213131,0.0488839865127,-0.0721736384663,0.409120275045,1.86540666922,-0.887211439623,-13.5213861991,0.700128481804,-11.1728029779,10.1955066371,-18.9158466978,1.15935618586,23.7160484944,3.16549235678,13.0347867612,1.29441246054,0,0,-9.81,1.76026208164,-0.00167390571029,0.34344727634,0.676877535282,0.0204787150277,0.0147032637342,-18.9158466978,1.15935618586,23.7160484944,3.12219928976,12.9779583548,1.85094028132,0,0,0,-1,0,0,0,1.38337359752,16.466623392,-1.7256404397,0.403861240347,14.3855173722,-1.90800139392,7.9816693354,0,0,0,0,0,0,1.90835619028,-0.13279884858,0.0253629435085,0,0,0,-2.38524597549,3.25052383615,28.7314585816,-20.2374985651,5.950052117,19.9196522919,0,0,0,0,0,0,1.9786069244,0.095993705816,0.0211326233601,0,0,0,0.413886869092,2.24950995936,20.4160176347,-14.3115853417,4.11220365537,14.1532215258,0,0,0,0,0,0,1.57501324072,-0.18040474783,0.0758401091471,0,0,0,12.2715397588,-0.0215110809496,-26.4724400845,22.8606849153,-1.50800745534,-18.0692067763,-18.9158466978,1.15935618586,23.7160484944,-18.9158466978,1.15935618586,23.7160484944,1.51171554192,0.113714229438,0.0230042828546,23.7160484944,0,0,15.206408,0,0,-8.638042942e-05,-0.408214630198,0.043720251229,0,15.206408,0,0.409327383863,-0.00136782394143,-0.0220968368991,0,0,15.206408,-0.0276795125976,0.0160319493798,-0.000212719396002,-8.638042942e-05,0.409327383863,-0.0276795125976,0.207554795679,-0.00438885090054,-0.0148975088721,-0.408214630198,-0.00136782394143,0.0160319493798,-0.00438885090054,0.524636033167,-0.0026504282246,0.043720251229,-0.0220968368991,-0.000212719396002,-0.0148975088721,-0.0026504282246,0.533384794142,-20.1009226068,0.288204287153,-127.743622783,3.43847164921,12.9384803915,1.49893248872,-1.18507590903,-0.871151898708,-151.459671278,0.272979292429,-0.0963063696924,0.204520028182,1.18507590903,0.871151898708,151.459671278,-0.272979292429,0.0963063696924,-0.204520028182,0,0,0,0,0,0,0,0,0,0,0,0,0,0,0,0,0,0,8.52651282912e-14,-1.13842268945e-12,-1.91846538655e-13,-4.41424674591e-13,-7.81597009336e-14,2.83995049699e-13,-20.1009226068,0.288204287153,-127.743622783,3.43847164921,12.9384803915,1.49893248872,3.86442406889,15.3494218069,-7.76319272487,-0.283934530473,-4.71558593365,-7.57158287628,-0.970475012399,-0.394044747539,-3.54260503947,0.0296217344963,10.5307751831,-4.45349003858,-1.18507590903,-0.871151898708,-151.459671278,0.272979292429,-0.0963063696924,0.204520028182,3.66442406889,15.5494218069,-7.96319272487,-0.483934530473,-4.51558593365,-7.77158287628,-3.2231166224,-8.43683423575,-5.55628652415,-0.170378265504,10.7307751831,-4.65349003858,-18.9158466978,1.15935618586,23.7160484944,3.16549235678,13.0347867612,1.29441246054,0.2,-0.2,0.2,0.2,-0.2,0.2,2.25264161001,8.04278948821,2.01368148468,0.2,-0.2,0.2,0,0,0,0,0,0,4.40512990952,15.8461027145,-8.0097026825,-1.64498519897,-3.75698280334,-8.62176799774,-2.22715115547,-7.7076420784,-6.22882986069,-1.54923963547,11.3069820404,-4.9914226532
20.16,10079,15.206408,1.76414979771,0.000297721436651,0.370169209285,0.999761784028,0.0205421061752,-0.00732329166523,0.000875483256424,0.706944695843,0.0364345192799,-0.0539552354914,0.0502270776825,-0.0947403894542,0.429672717507,-2.03653428447,-1.02885059814,-0.200109518552,11.1334799482,12.8848821537,49.9304968701,-12.0647884184,8.10758543408,121.1634098,14.6400211235,-22.6124738075,3.8383252352,0,0,-9.81,1.76161074568,-0.001632702733,0.343443447675,0.674430403104,0.0206866033981,-0.00173104579591,-12.0647884184,8.10758543408,121.1634098,14.6249854418,-22.7286708849,3.14710206947,0,0,0,-1,0,0,0,1.38432889089,13.0726231211,-1.15025628251,-0.16640009873,11.601261413,-1.2797500404,6.00143543113,0,0,0,0,0,0,1.91023811978,-0.133059295518,0.0269593710737,0,0,0,-66.5749383411,14.7508319379,-91.5598135036,7.20938848334,-0.562731656454,-113.932949394,-12.0647884184,8.10758543408,121.1634098,-12.0647884184,8.10758543408,121.1634098,1.9790749218,0.0952846401139,0.0207730558922,121.1634098,0,0,-19.5062446912,11.4365523771,-6.82032919423,-8.80975117012,8.87474753065,-20.0357765792,0,0,0,0,0,0,1.57504220127,-0.181333546858,0.0765391827012,0,0,0,12.9341570175,-1.24889427512,-3.59204911365,13.158294301,-1.02397827019,2.75058740809,0,0,0,0,0,0,1.51296703486,0.113652506432,0.0242297558008,0,0,0,15.206408,0,0,-0.00011942666353,-0.406586532948,0.0445530039494,0,15.206408,0,0.407745301106,-0.00146348666056,-0.0231102502963,0,0,15.206408,-0.0282210723728,0.0171498885566,-0.000268349844181,-0.00011942666353,0.407745301106,-0.0282210723728,0.207015031791,-0.00444784533471,-0.0148198144549,-0.406586532948,-0.00146348666056,0.0171498885566,-0.00444784533471,0.524318722085,-0.00264521303463,0.0445530039494,-0.0231102502963,-0.000268349844181,-0.0148198144549,-0.00264521303463,0.533702629675,-13.5632629156,6.80955118114,-30.7923998419,14.8743853655,-22.7246994538,4.04593425865,-1.49847443017,-1.29803433834,-151.955809427,0.234364230467,-0.112225706823,0.20760899286,1.49847443017,1.29803433834,151.955809427,-0.234364230467,0.112225706823,-0.20760899286,0,0,0,0,0,0,0,0,0,0,0,0,0,0,0,0,0,0,-6.69687238997e-08,8.54010497875e-08,-2.14487727135e-07,1.15133591549e-08,6.0502514998e-08,3.05874823248e-08,-13.5632629156,6.80955118114,-30.7923998419,14.8743853655,-22.7246994538,4.04593425865,4.83718504251,3.56702890013,-0.802994469384,-1.37922958003,-4.55045255034,-4.19975483524,-1.44714207487,-6.04759004226,-3.67849698498,9.24361448949,0.317817790556,9.78838262788,-1.49847443017,-1.29803433834,-151.955809427,0.234364230467,-0.112225706823,0.20760899286,-4.3806832388,3.15619267788,14.251867055,-1.57922958002,-4.35045255035,-4.39975483528,-1.64714207486,-5.84759004219,-3.87849698498,9.04361448937,0.517817790684,9.98838262812,-12.0647884184,8.10758543408,121.1634098,14.6400211235,-22.6124738075,3.8383252352,9.2178682598,0.410836206046,-15.0548615516,0.2,-0.2,0.2,0.2,-0.2,0.2,0.2,-0.2,-0.2,0,0,0,0,0,0,-3.59285902977,3.54912614822,14.0431966782,-2.75482416153,-3.54808521271,-5.34747695923,-0.643820881844,-5.10108089447,-4.60930585861,7.67841386795,1.1450984478,9.53418827057
20.162,10080,15.206408,1.76555532958,0.000366586362719,0.370062245546,0.99974892368,0.0211686358324,-0.00728349413258,0.000963935458434,0.702765933016,0.0344324630338,-0.0534818696188,0.0725940870163,-0.0684370462579,0.530296185274,-2.09257827482,-0.994694023431,0.255298155243,10.7512767649,12.7917150624,47.3227681273,-9.65870625589,6.38767105563,119.094016901,13.7150140237,-22.9461055411,3.25241169086,0,0,-9.81,1.76295617826,-0.00158940560471,0.343432258205,0.672786152633,0.0217151468118,-0.00540883513739,-9.65870625589,6.38767105563,119.094016901,13.7130856484,-23.040455153,2.50843762566,0,0,0,-1,0,0,0,1.38531310676,11.9138048717,-0.98405870414,-1.97030976094,11.397548228,-1.0582846425,3.97053732069,0,0,0,0,0,0,1.91238586705,-0.133345096268,0.0286536398469,0,0,0,-66.5186655754,14.9274734549,-89.8886993408,5.83492770041,-0.415841108658,-112.66464085,-9.65870625589,6.38767105563,119.094016901,-9.65870625589,6.38767105563,119.094016901,1.97946055898,0.0947247771344,0.0204898978254,119.094016901,0,0,-18.4382575282,11.5614494221,-6.54758157879,-8.35199139443,9.07619196874,-19.0885897081,0,0,0,0,0,0,1.57481323208,-0.18208451218,0.076771844124,0,0,0,11.8097273249,-1.0304882664,-5.12659687724,12.8469241629,-0.953702729678,0.927659287039,0,0,0,0,0,0,1.51451332725,0.113577405179,0.0254943854824,0,0,0,15.206408,0,0,-0.000168163199739,-0.405050912581,0.0453740924493,0,15.206408,0,0.406262319294,-0.00157934775879,-0.0240722618362,0,0,15.206408,-0.0286669891219,0.018194186582,-0.000326588581563,-0.000168163199739,0.406262319294,-0.0286669891219,0.206496200761,-0.00450974347648,-0.014779241595,-0.405050912581,-0.00157934775879,0.018194186582,-0.00450974347648,0.524007466733,-0.00265328008001,0.0453740924493,-0.0240722618362,-0.000326588581563,-0.014779241595,-0.00265328008001,0.533997862378,-10.7222177043,5.37157542719,-32.9026020893,14.0030673727,-23.1456825467,3.40075387476,-1.06351143839,-1.01609563607,-151.99661899,0.28805334627,-0.199577009461,0.148342180735,1.06351143839,1.01609563607,151.99661899,-0.28805334627,0.199577009461,-0.148342180735,0,0,0,0,0,0,0,0,0,0,0,0,0,0,0,0,0,0,-9.96103466377e-09,7.61971907792e-09,-4.4381920361e-10,2.7656454904e-09,3.95252897079e-09,3.16641379783e-09,-10.7222177043,5.37157542719,-32.9026020893,14.0030673727,-23.1456825467,3.40075387476,3.84733739767,2.83665837913,-0.600423276148,-1.00149948033,-5.25382888338,-3.06267477322,-1.53675503363,-6.61125122279,-2.66449597225,9.2925597514,0.162525527458,9.2101896015,-1.06351143839,-1.01609563607,-151.99661899,0.28805334627,-0.199577009461,0.148342180735,-4.54071607709,3.11990525417,14.5103174368,-1.20149948033,-5.05382888338,-3.26267477322,-1.73675503363,-6.41125122279,-2.86449597225,9.0925597514,0.362525527458,9.4101896015,-9.65870625589,6.38767105563,119.094016901,13.7150140237,-22.9461055411,3.25241169086,8.38805347196,-0.283246878598,-15.1107407146,0.2,-0.2,0.2,0.2,-0.2,0.2,0.2,-0.2,-0.2,0,0,0,0,0,0,-3.74082517624,3.53015065193,14.2863445282,-2.39229154587,-4.222905159,-4.24933862686,-0.745183765888,-5.65796899796,-3.61899971962,7.70801782608,1.01561141014,9.08875083923
20.164,10081,15.206408,1.76695284191,0.000431654007916,0.369955990853,0.999733446922,0.0218864536903,-0.00727115631579,0.00107169815386,0.698756164035,0.0325338225989,-0.0531273461257,0.0941691193295,-0.0423063229032,0.625663488666,-2.00859302411,-0.942919549665,0.196777449833,10.4460215191,13.1951381713,45.2262170121,-7.57651024633,4.81256433206,116.10573294,12.7753701678,-22.9495582691,2.72431550199,0,0,-9.81,1.76429900211,-0.00154445822503,0.343413167227,0.671447923296,0.02252597063,-0.00935494659484,-7.57651024633,4.81256433206,116.10573294,12.7857365289,-23.0236134697,1.93710269154,0,0,0,-1,0,0,0,1.38633522916,11.8524555844,-0.97086660802,-1.96120515086,11.3000122877,-1.04136554152,4.06139029175,0,0,0,0,0,0,1.91478231802,-0.13365171107,0.0304086708393,0,0,0,-65.7157293983,15.0975793113,-87.4498019066,4.55619491391,-0.0881140276641,-110.332203679,-7.57651024633,4.81256433206,116.10573294,-7.57651024633,4.81256433206,116.10573294,1.97978112344,0.0942831317529,0.0202707989596,116.10573294,0,0,-18.265854552,11.4800328798,-6.38125237474,-8.47718298536,8.99824628081,-18.7968590942,0,0,0,0,0,0,1.57433946257,-0.182652097272,0.0765614444755,0,0,0,11.6717922011,-0.989337981327,-5.16738877901,12.7382769576,-0.911794222438,0.903527015313,0,0,0,0,0,0,1.51633694348,0.113490518985,0.0267646063147,0,0,0,15.206408,0,0,-0.000231689725156,-0.403643213061,0.0461889974068,0,15.206408,0,0.404914008781,-0.00171435770497,-0.0249701386538,0,0,15.206408,-0.0290260562699,0.0191520421606,-0.000386859834217,-0.000231689725156,0.404914008781,-0.0290260562699,0.206007549813,-0.00457305540375,-0.0147742967829,-0.403643213061,-0.00171435770497,0.0191520421606,-0.00457305540375,0.523714744626,-0.00267539773703,0.0461889974068,-0.0249701386538,-0.000386859834217,-0.0147742967829,-0.00267539773703,0.53426826359,-8.12413368768,4.01412596992,-35.9624928072,13.108473056,-23.2645288293,2.84732042608,-0.547623425016,-0.798438377586,-152.068225745,0.333102882461,-0.314970566761,0.12300491952,0.547623425016,0.798438377586,152.068225745,-0.333102882461,0.314970566761,-0.12300491952,0,0,0,0,0,0,0,0,0,0,0,0,0,0,0,0,0,0,-1.63372373407e-08,1.54490642501e-08,-1.56948942731e-09,5.67460389789e-09,6.54339515904e-09,4.57357129946e-09,-8.12413368768,4.01412596992,-35.9624928072,13.108473056,-23.2645288293,2.84732042608,3.03921937274,2.27697566068,-0.457009217543,-0.988953514136,-5.27513421283,-3.04383339577,-1.52477107747,-6.61308466658,-2.65736936696,9.2993267987,0.123673244479,9.08666262899,-0.547623425016,-0.798438377586,-152.068225745,0.333102882461,-0.314970566761,0.12300491952,-4.54700444743,3.1055325574,14.5217929733,-1.18895351414,-5.07513421283,-3.24383339577,-1.72477107747,-6.41308466658,-2.85736936696,9.0993267987,0.323673244479,9.28666262899,-7.57651024633,4.81256433206,116.10573294,12.7753701678,-22.9495582691,2.72431550199,7.5862238144,-0.828556902624,-14.9788021937,0.2,-0.2,0.2,0.2,-0.2,0.2,0.2,-0.2,-0.2,0,0,0,0,0,0,-3.74082517624,3.53015065193,14.2863445282,-2.39229154587,-4.222905159,-4.24933862686,-0.745183765888,-5.65796899796,-3.61899971962,7.70801782608,1.01561141014,9.08875083923
20.166,10082,15.206408,1.76834240765,0.000493206723933,0.36985158577,0.999715081635,0.0226981347147,-0.0072881180226,0.0011973167752,0.694782873528,0.0307763580085,-0.0522025416838,0.115122436,-0.0153741974527,0.716782749026,-1.99158609228,-0.871799678976,0.486980812113,9.77184231483,14.1256592046,46.5746455213,-4.96171688922,3.94872227758,114.081326151,12.1998126512,-23.3606006063,2.34444842,0,0,-9.81,1.76563975955,-0.00149826300893,0.343385403431,0.670377988957,0.0231415044078,-0.0136791505331,-4.96171688922,3.94872227758,114.081326151,12.2220128756,-23.4185400984,1.49796820231,0,0,0,-1,0,0,0,1.38739516746,10.590606499,-0.76256666672,-3.6701157232,11.0125633832,-0.784050416939,2.07868132076,0,0,0,0,0,0,1.91742502459,-0.133978752006,0.0322280539041,0,0,0,-65.9900110285,14.8980950925,-85.3030016673,2.63805346015,-0.21767455444,-108.840388543,-4.96171688922,3.94872227758,114.081326151,-4.96171688922,3.94872227758,114.081326151,1.98005022436,0.0939351191914,0.020105719929,114.081326151,0,0,-17.7256717985,10.8419115642,-6.33482881943,-8.28368933465,8.41067273517,-18.2350656263,0,0,0,0,0,0,1.57361813741,-0.18303651487,0.0759164824432,0,0,0,10.5674293905,-0.663890328664,-6.55239187372,12.4068930322,-0.724175034364,-0.767938386797,0,0,0,0,0,0,1.51843568494,0.113392760261,0.028041470155,0,0,0,15.206408,0,0,-0.000309157381938,-0.402371369692,0.0470036148778,0,15.206408,0,0.403708312221,-0.001867873698,-0.0258012274438,0,0,15.206408,-0.0293075038237,0.0200203171719,-0.000448819189112,-0.000309157381938,0.403708312221,-0.0293075038237,0.205548501554,-0.00463719644783,-0.0148036284542,-0.402371369692,-0.001867873698,0.0200203171719,-0.00463719644783,0.523444132042,-0.00271200885005,0.0470036148778,-0.0258012274438,-0.000448819189112,-0.0148036284542,-0.00271200885005,0.534515107058,-4.94988745694,3.27801380024,-38.1733357091,12.5700936281,-23.8194823157,2.4780252672,0.0118294321457,-0.670708477345,-152.254661861,0.370280976882,-0.458881709347,0.133576847199,-0.0118294321457,0.670708477345,152.254661861,-0.370280976882,0.458881709347,-0.133576847199,0,0,0,0,0,0,0,0,0,0,0,0,0,0,0,0,0,0,1.41100464646e-10,9.61541957167e-12,-3.42481598636e-12,2.83506551568e-12,-5.22213383647e-11,-6.64490684699e-12,-4.94988745694,3.27801380024,-38.1733357091,12.5700936281,-23.8194823157,2.4780252672,2.41842182525,1.78447217325,-0.276379972779,-0.624775877418,-5.89888062997,-1.95184827761,-1.59204736769,-7.1055857996,-1.71319269787,8.89956515469,-0.102851403541,8.9397524611,0.0118294321457,-0.670708477345,-152.254661861,0.370280976882,-0.458881709347,0.133576847199,-4.68694686922,3.38626678255,14.8251450373,-0.824775877418,-5.69888062997,-2.15184827761,-1.79204736769,-6.9055857996,-1.91319269787,9.09956515469,0.097148596459,9.1397524611,-4.96171688922,3.94872227758,114.081326151,12.1998126512,-23.3606006063,2.34444842,7.10536869446,-1.60179460925,-15.1015250101,0.2,-0.2,0.2,0.2,-0.2,0.2,-0.2,-0.2,-0.2,0,0,0,0,0,0,-3.87864589691,3.82320022583,14.5810775757,-2.04157733917,-4.82309389114,-3.1767206192,-0.820779621601,-6.14715051651,-2.68376994133,7.71114397049,0.841871380806,9.0616645813
20.168,10083,15.206408,1.76972390413,0.000551512913415,0.369751953213,0.999693763241,0.0235961843344,-0.00733514843051,0.00133993289602,0.690748237153,0.029153094741,-0.0498162787827,0.134716648142,0.0134294525155,0.810495045726,-2.02340544278,-0.80406670711,1.22695583673,9.32765465779,14.5097385217,42.7939469415,-4.00579745287,3.78967046364,113.614210888,12.0460822324,-23.485904987,2.2575887556,0,0,-9.81,1.7669791328,-0.00145103715296,0.343348436576,0.669646215921,0.0236533955307,-0.0182671570692,-4.00579745287,3.78967046364,113.614210888,12.0759874398,-23.5392815838,1.36575512678,0,0,0,-1,0,0,0,1.38850143151,8.2027022939,-0.384043095063,-6.57161710259,10.4052046157,-0.329044699903,-1.4971345479,0,0,0,0,0,0,1.92029615742,-0.13432093444,0.0340754323939,0,0,0,-66.0437819047,14.3854872902,-85.3419418301,2.27094552652,-0.849993962823,-108.839747909,-4.00579745287,3.78967046364,113.614210888,-4.00579745287,3.78967046364,113.614210888,1.98027883539,0.0936611484078,0.0199859818164,113.614210888,0,0,-17.7490523604,10.6029066461,-6.6600738265,-8.26395331905,8.14365027034,-18.362873093,0,0,0,0,0,0,1.57265244792,-0.183248286752,0.0748517225161,0,0,0,7.95364998612,-0.321954534265,-8.20494720865,10.9020339614,-0.603861722686,-3.38620259949,0,0,0,0,0,0,1.52079254316,0.113287925414,0.0292942068925,0,0,0,15.206408,0,0,-0.000399034873588,-0.401260029931,0.0478286817854,0,15.206408,0,0.402670516967,-0.00203860255169,-0.0265578522569,0,0,15.206408,-0.0295189710129,0.020789651979,-0.000511965476515,-0.000399034873588,0.402670516967,-0.0295189710129,0.20512952005,-0.00470232154137,-0.0148665254315,-0.401260029931,-0.00203860255169,0.020789651979,-0.00470232154137,0.523206524581,-0.00276452977585,0.0478286817854,-0.0265578522569,-0.000511965476515,-0.0148665254315,-0.00276452977585,0.534738479199,-3.39018242619,3.17157488046,-38.8471354771,12.4468853153,-24.1106348846,2.43552374655,0.615615027321,-0.618095584753,-152.461346365,0.400803082285,-0.624729897882,0.177934990572,-0.615615027321,0.618095584753,152.461346365,-0.400803082285,0.624729897882,-0.177934990572,0,0,0,0,0,0,0,0,0,0,0,0,0,0,0,0,0,0,-6.38379127338e-10,1.5716548063e-09,-1.26661348077e-10,5.78930681172e-10,2.75324651966e-10,3.76058295615e-10,-3.39018242619,3.17157488046,-38.8471354771,12.4468853153,-24.1106348846,2.43552374655,1.98692813332,1.3503275659,-0.0922522835982,0.0586768457436,-6.8813015631,0.0123162851693,-1.6682590864,-7.3783924722,0.0317540245747,8.79627401669,-0.444607814631,9.17358960357,0.615615027321,-0.618095584753,-152.461346365,0.400803082285,-0.624729897882,0.177934990572,-4.98739455332,3.16059069047,15.0554141962,-0.141323154256,-6.6813015631,-0.187683714831,-1.8682590864,-7.5783924722,-0.168245975425,8.99627401669,-0.244607814631,9.37358960357,-4.00579745287,3.78967046364,113.614210888,12.0460822324,-23.485904987,2.2575887556,6.97432268605,-1.81026312479,-15.1476664799,0.2,-0.2,0.2,0.2,0.2,0.2,-0.2,-0.2,-0.2,0,0,0,0,0,0,-4.18076848984,3.60795974731,14.806646347,-1.3702647686,-5.79199361801,-1.21404230595,-0.906164765358,-6.82428073883,-0.93375235796,7.6174082756,0.564534544945,9.41276741028
20.17,10084,15.206408,1.7710976274,0.000606729398404,0.369657539604,0.999669364037,0.0245761131509,-0.00741132057939,0.00149986490989,0.686861637949,0.0276082424943,-0.0472068044719,0.153414842953,0.0430251852848,0.896722692538,-1.9498028259,-0.764869923059,1.34226261448,9.46700338953,14.0367238151,40.5421117018,-3.01465848452,3.59876119925,110.685424187,11.6620630078,-23.0853328851,2.1192749318,0,0,-9.81,1.76831737232,-0.001402814788,0.343302138225,0.669039148252,0.024151954293,-0.0229219143741,-3.01465848452,3.59876119925,110.685424187,11.6996572678,-23.1323615072,1.1997938023,0,0,0,-1,0,0,0,1.38966369107,6.54535571586,-0.140496672877,-7.26575335522,9.36470914652,-0.0621015149387,-2.8197444182,0,0,0,0,0,0,1.92336254648,-0.134668934944,0.035882518538,0,0,0,-64.6622605459,13.6911423545,-83.2576496267,1.68865996917,-1.28554476487,-106.282582493,-3.01465848452,3.59876119925,110.685424187,-3.01465848452,3.59876119925,110.685424187,1.98047587472,0.0934456217392,0.0199037510733,110.685424187,0,0,-17.2884448679,10.5129984972,-6.66500347412,-8.1439021121,8.11749521677,-17.9337353738,0,0,0,0,0,0,1.5714382085,-0.183291183647,0.0733678433995,0,0,0,6.7999438633,-0.105818287621,-9.11340705817,10.3604060477,-0.496612689945,-4.66047042962,0,0,0,0,0,0,1.5233594703,0.113178343014,0.0304708971982,0,0,0,15.206408,0,0,-0.000500578694991,-0.400355889258,0.0486651927283,0,15.206408,0,0.401846923935,-0.0022253937565,-0.027235428859,0,0,15.206408,-0.0296651033545,0.0214543066423,-0.000575512094766,-0.000500578694991,0.401846923935,-0.0296651033545,0.204769597927,-0.00476771388937,-0.0149660456979,-0.400355889258,-0.0022253937565,0.0214543066423,-0.00476771388937,0.523023339102,-0.00283542327656,0.0486651927283,-0.027235428859,-0.000575512094766,-0.0149660456979,-0.00283542327656,0.534939329419,-1.7882446104,2.97692902332,-41.9447525704,12.0891756279,-23.8882073542,2.37454047648,1.22641387413,-0.621832175934,-152.630176758,0.427112620034,-0.802874469081,0.25526554468,-1.22641387413,0.621832175934,152.630176758,-0.427112620034,0.802874469081,-0.25526554468,0,0,0,0,0,0,0,0,0,0,0,0,0,0,0,0,0,0,-2.62012633812e-13,3.10595993369e-12,-1.69109171111e-12,1.01962882582e-12,3.94351218347e-13,6.46149800332e-13,-1.7882446104,2.97692902332,-41.9447525704,12.0891756279,-23.8882073542,2.37454047648,1.59034615184,1.04720015543,-0.00240393701262,0.369191596638,-6.85091564261,0.887526013211,-1.68077477498,-7.60706137825,0.8128460232,8.72172203316,-0.730602018515,9.07593713607,1.22641387413,-0.621832175934,-152.630176758,0.427112620034,-0.802874469081,0.25526554468,-5.13698097342,3.01118166291,14.8491424252,0.169191596638,-7.05091564261,0.687526013211,-1.88077477498,-7.80706137825,0.6128460232,8.92172203316,-0.530602018515,9.27593713607,-3.01465848452,3.59876119925,110.685424187,11.6620630078,-23.0853328851,2.1192749318,6.72732712525,-1.96398150748,-14.8515463622,0.2,0.2,0.2,0.2,0.2,0.2,-0.2,-0.2,-0.2,0,0,0,0,0,0,-4.33402490616,3.46716165543,14.5997610092,-1.06785178185,-6.1713180542,-0.309286773205,-0.930236577988,-7.07391643524,-0.124068543315,7.55983972549,0.355507463217,9.43591690063
20.172,10085,15.206408,1.77246394266,0.000658998709593,0.369567348881,0.999641753646,0.0256333824308,-0.00751538054794,0.00167723830569,0.683157628676,0.0261346555946,-0.0450953614601,0.172381826872,0.0716847797143,0.978459059945,-1.85873793402,-0.729322092825,1.09321842343,9.50138477392,13.4075487287,38.2768121042,-1.82453419265,3.2330973022,106.897152213,11.1400896887,-22.5790520226,1.92303531318,0,0,-9.81,1.76965474429,-0.00135363607138,0.343245743683,0.668568066822,0.0246352615081,-0.0279557927717,-1.82453419265,3.2330973022,106.897152213,11.1863963246,-22.6168605039,0.977451554232,0,0,0,-1,0,0,0,1.39088703352,6.42588365535,-0.186460356217,-7.26674572526,9.29788868729,-0.110099415718,-2.7693836371,0,0,0,0,0,0,1.92659505075,-0.135017175854,0.0376226141525,0,0,0,-62.9468579423,13.1538296636,-80.2288084358,0.790193749086,-1.41428815029,-102.807427969,-1.82453419265,3.2330973022,106.897152213,-1.82453419265,3.2330973022,106.897152213,1.9806481021,0.0932762332242,0.0198532087192,106.897152213,0,0,-16.9730382013,10.5631737846,-6.32607646768,-8.38236682297,8.26526913786,-17.352382032,0,0,0,0,0,0,1.56997626418,-0.183163691748,0.0714780310377,0,0,0,6.69491245676,-0.113140632772,-9.08393643059,10.2955027306,-0.498071381179,-4.59424673968,0,0,0,0,0,0,1.52611772955,0.11306639851,0.0315470697456,0,0,0,15.206408,0,0,-0.000614156140306,-0.399677495844,0.0495141716625,0,15.206408,0,0.401255882135,-0.00242829322978,-0.0278337735311,0,0,15.206408,-0.0297489054786,0.0220147184862,-0.000639062701791,-0.000614156140306,0.401255882135,-0.0297489054786,0.204475178072,-0.00483333303395,-0.0151041762848,-0.399677495844,-0.00242829322978,0.0220147184862,-0.00483333303395,0.522901664209,-0.00292502938577,0.0495141716625,-0.0278337735311,-0.000639062701791,-0.0151041762848,-0.00292502938577,0.535116758123,-0.0321986880354,2.53455213496,-45.9514162768,11.5887261142,-23.5667173568,2.2828414079,1.79233550479,-0.698545167584,-152.848568489,0.448636425472,-0.987665334526,0.359806094633,-1.79233550479,0.698545167584,152.848568489,-0.448636425472,0.987665334526,-0.359806094633,0,0,0,0,0,0,0,0,0,0,0,0,0,0,0,0,0,0,-1.714000053e-10,3.47124107236e-10,-1.55856128004e-09,-6.60627108573e-12,3.24565263554e-10,8.09650124722e-11,-0.0321986880354,2.53455213496,-45.9514162768,11.5887261142,-23.5667173568,2.2828414079,1.25034206354,0.830037586347,0.0387333728692,0.37692221124,-6.82879645587,0.848747418753,-1.67047373924,-7.57516940825,0.775796462485,8.69723772604,-0.817799167151,8.9567773341,1.79233550479,-0.698545167584,-152.848568489,0.448636425472,-0.987665334526,0.359806094633,-5.13172009021,3.00388305592,14.8477608505,0.17692221124,-7.02879645587,0.648747418753,-1.87047373924,-7.77516940825,0.575796462485,8.89723772604,-0.617799167151,9.1567773341,-1.82453419265,3.2330973022,106.897152213,11.1400896887,-22.5790520226,1.92303531318,6.38206215368,-2.17384546959,-14.8090274778,0.2,0.2,0.2,0.2,0.2,0.2,-0.2,-0.2,-0.2,0,0,0,0,0,0,-4.33402490616,3.46716165543,14.5997610092,-1.06785178185,-6.1713180542,-0.309286773205,-0.930236577988,-7.07391643524,-0.124068543315,7.55983972549,0.355507463217,9.43591690063
20.174,10086,15.206408,1.77382285264,0.000708427166951,0.369482028456,0.999610764654,0.026764623855,-0.00764653024414,0.00187207728067,0.679454991557,0.0247142286791,-0.0426602122458,0.191414024171,0.0990849058373,1.05565781753,-1.8586938655,-0.70258720561,1.25866798936,9.49694975847,12.9998138804,36.5853626672,-1.22547781543,3.24643367563,105.197771465,10.9575776516,-22.3072744716,1.88035417378,0,0,-9.81,1.77099156613,-0.00130358508081,0.343178271544,0.668258189809,0.0250822950837,-0.0334723665438,-1.22547781543,3.24643367563,105.197771465,11.011584045,-22.3417246817,0.900604922201,0,0,0,-1,0,0,0,1.39217093114,5.17367990799,-0.0429580243399,-8.32246423556,8.8469391002,0.0551737808852,-4.21436170085,0,0,0,0,0,0,1.92999302147,-0.135366517586,0.039297661259,0,0,0,-62.0880080676,12.6183019543,-79.1835653891,0.47053975848,-1.82249691254,-101.393473237,-1.22547781543,3.24643367563,105.197771465,-1.22547781543,3.24643367563,105.197771465,1.9808006878,0.0931432638309,0.0198296601565,105.197771465,0,0,-16.4647052289,10.5110716061,-6.33455215978,-8.25968021579,8.30703794611,-16.866134677,0,0,0,0,0,0,1.56826074215,-0.182860913076,0.0691981055048,0,0,0,5.58442867636,0.0782252944968,-9.81833744762,9.74211075342,-0.402829114681,-5.70269408664,0,0,0,0,0,0,1.52906670854,0.112952201454,0.0325248459249,0,0,0,15.206408,0,0,-0.000740021160004,-0.399224779483,0.0503764911528,0,15.206408,0,0.400897152574,-0.00264708708333,-0.028352530412,0,0,15.206408,-0.0297738588368,0.022471582453,-0.000702144549827,-0.000740021160004,0.400897152574,-0.0297738588368,0.20424457462,-0.00489875054224,-0.015280702904,-0.399224779483,-0.00264708708333,0.022471582453,-0.00489875054224,0.52284250394,-0.0030330894097,0.0503764911528,-0.028352530412,-0.000702144549827,-0.015280702904,-0.0030330894097,0.535272272235,1.0941261427,2.38396708719,-47.9914074669,11.4226849725,-23.4951882742,2.37275581713,2.31960395814,-0.862466588448,-153.189178932,0.465107320908,-1.18791380267,0.492401643353,-2.31960395814,0.862466588448,153.189178932,-0.465107320908,1.18791380267,-0.492401643353,0,0,0,0,0,0,0,0,0,0,0,0,0,0,0,0,0,0,8.5931262106e-14,-3.50830475782e-14,-7.1054273576e-14,-1.7763568394e-14,-2.84217094304e-14,-1.15463194561e-14,1.0941261427,2.38396708719,-47.9914074669,11.4226849725,-23.4951882742,2.37275581713,1.00808184875,0.60936718402,0.125372322076,0.657338223199,-7.09417506348,1.65537758775,-1.67604331692,-7.72008584252,1.50392066246,8.60036755783,-1.16815331025,8.89863927021,2.31960395814,-0.862466588448,-153.189178932,0.465107320908,-1.18791380267,0.492401643353,-5.27166928606,2.83508509684,14.8098388556,0.457338223199,-7.29417506348,1.45537758775,-1.87604331692,-7.92008584252,1.30392066246,8.80036755783,-0.968153310249,9.09863927021,-1.22547781543,3.24643367563,105.197771465,10.9575776516,-22.3072744716,1.88035417378,6.27975113481,-2.22571791282,-14.6844665335,0.2,0.2,0.2,0.2,0.2,0.2,-0.2,-0.2,-0.2,0,0,0,0,0,0,-4.48024368286,3.30474853516,14.5641021729,-0.797142744064,-6.46139001846,0.532237052917,-0.941840112209,-7.25396728516,0.636600494385,7.49390602112,0.103427752852,9.49405574799
20.176,10087,15.206408,1.77517415278,0.000755134505582,0.36940340941,0.999576182088,0.0279678882784,-0.00780449119495,0.0020840692816,0.675650066486,0.0233536693151,-0.0393095229393,0.210433977524,0.125682677258,1.1294917002,-1.91060979818,-0.672130413983,1.72258876343,9.33629196689,12.850992946,35.5998958145,-1.31468523863,3.49907656233,105.331626446,11.0365725162,-22.1723413847,1.9684782159,0,0,-9.81,1.7723280038,-0.00125264809208,0.343099282115,0.668035961644,0.0255409092588,-0.0392045486255,-1.31468523863,3.49907656233,105.331626446,11.097369265,-22.2090172399,0.949479070906,0,0,0,-1,0,0,0,1.39351973742,2.87484273357,0.211750025389,-9.79519677341,7.78960058856,0.33970681473,-6.59258375726,0,0,0,0,0,0,1.93353952002,-0.135713453308,0.0408794923952,0,0,0,-61.8200958763,12.1726545839,-79.9783300947,0.828512844362,-2.39032779701,-101.784237277,-1.31468523863,3.49907656233,105.331626446,-1.31468523863,3.49907656233,105.331626446,1.98093797445,0.0930389649215,0.0198284316446,105.331626446,0,0,-15.8160210256,10.2715041018,-6.97606189669,-7.63593253002,8.12218801248,-16.7343465205,0,0,0,0,0,0,1.56629195626,-0.182379937667,0.0665433058211,0,0,0,3.531902756,0.431868238188,-10.8770359623,8.56384972949,-0.214928949243,-7.58848087137,0,0,0,0,0,0,1.53218808223,0.112837765621,0.0333823415068,0,0,0,15.206408,0,0,-0.000878445897886,-0.39901440076,0.0512530539995,0,15.206408,0,0.400787305166,-0.00288139569877,-0.0287888390699,0,0,15.206408,-0.0297414421652,0.0228223719478,-0.000764078473312,-0.000878445897886,0.400787305166,-0.0297414421652,0.204084563708,-0.0049634282666,-0.0154967842092,-0.39901440076,-0.00288139569877,0.0228223719478,-0.0049634282666,0.522853413205,-0.00316023087358,0.0512530539995,-0.0287888390699,-0.000764078473312,-0.0154967842092,-0.00316023087358,0.535406010233,1.46028539063,2.40154771776,-48.2633627652,11.5142650358,-23.5649506223,2.61910188867,2.77497062923,-1.09752884442,-153.594989211,0.477692519656,-1.39260923759,0.650623672799,-2.77497062923,1.09752884442,153.594989211,-0.477692519656,1.39260923759,-0.650623672799,0,0,0,0,0,0,0,0,0,0,0,0,0,0,0,0,0,0,3.37883054868e-11,-1.50038204083e-10,-3.02364355775e-10,-8.29185609064e-11,3.58220120233e-11,-3.33388872065e-11,1.46028539063,2.40154771776,-48.2633627652,11.5142650358,-23.5649506223,2.61910188867,0.842081829247,0.389499232091,0.244129103028,1.08165849939,-7.321312688,3.06935705614,-1.66247548653,-7.80979572296,2.81695175404,8.42962984895,-1.92350855955,8.99846343051,2.77497062923,-1.09752884442,-153.594989211,0.477692519656,-1.39260923759,0.650623672799,-5.51194245336,2.46106128904,14.8727490758,0.88165849939,-7.521312688,2.86935705614,-1.86247548653,-8.00979572296,2.61695175404,8.62962984895,-1.72350855955,9.19846343051,-1.31468523863,3.49907656233,105.331626446,11.0365725162,-22.1723413847,1.9684782159,6.35402428267,-2.07156205693,-14.6286199728,0.2,0.2,0.2,0.2,0.2,0.2,-0.2,-0.2,-0.2,0,0,0,0,0,0,-4.72766923904,2.93603801727,14.6311664581,-0.382988154888,-6.72690963745,1.98973429203,-0.932263672352,-7.3905787468,1.98866641521,7.35990905762,-0.545215249062,9.70961761475
20.178,10088,15.206408,1.77651810179,0.000799201373361,0.369330029001,0.99953786655,0.0292386022678,-0.00798822325925,0.00231208988293,0.671974506341,0.0220334338899,-0.0366902044569,0.229134574131,0.152006959355,1.20138458476,-1.84610750264,-0.652096739761,1.35755802871,8.7458238104,12.3518161612,33.339142215,-0.849816311587,3.06443330324,100.293461319,10.3858064333,-21.1433944985,1.8191637719,0,0,-9.81,1.77366404817,-0.00120074905481,0.34300881354,0.667817010654,0.0260418314732,-0.0449154484781,-0.849816311587,3.06443330324,100.293461319,10.453601223,-21.1731691718,0.79786697653,0,0,0,-1,0,0,0,1.39494004793,1.72453953595,0.30524839076,-10.2622399449,7.18044556345,0.437774918151,-7.52531305051,0,0,0,0,0,0,1.93719987127,-0.136052041036,0.0423194971468,0,0,0,-58.820961829,11.7162526142,-76.1409204419,0.479880650744,-2.19979622145,-96.8996723559,-0.849816311587,3.06443330324,100.293461319,-0.849816311587,3.06443330324,100.293461319,1.98106364589,0.0929571534683,0.0198449955073,100.293461319,0,0,-14.5109632332,9.67511717613,-6.43467133647,-7.2703553479,7.76388595442,-15.2461453993,0,0,0,0,0,0,1.56407813994,-0.181722347418,0.0635236324841,0,0,0,2.51584780064,0.536487915695,-11.1769239915,7.91816963062,-0.173500349913,-8.29538586697,0,0,0,0,0,0,1.53544528303,0.112726760347,0.0340804796534,0,0,0,15.206408,0,0,-0.00102951517559,-0.399073639264,0.052146127747,0,15.206408,0,0.400953654414,-0.00313063786693,-0.0291400316822,0,0,15.206408,-0.0296524329978,0.0230640433643,-0.000824092888608,-0.00102951517559,0.400953654414,-0.0296524329978,0.204008288365,-0.00502681206336,-0.0157552415496,-0.399073639264,-0.00313063786693,0.0230640433643,-0.00502681206336,0.522945877128,-0.00330819886799,0.052146127747,-0.0291400316822,-0.000824092888608,-0.0157552415496,-0.00330819886799,0.535516988184,2.2600203173,1.66739014332,-53.7420255061,10.8724185948,-22.7327281446,2.65259656092,3.10983662889,-1.39704315992,-154.035486825,0.486612161463,-1.58933364603,0.833432789021,-3.10983662889,1.39704315992,154.035486825,-0.486612161463,1.58933364603,-0.833432789021,0,0,0,0,0,0,0,0,0,0,0,0,0,0,0,0,0,0,1.54321000423e-14,-2.6645352591e-15,0,-5.3290705182e-15,3.5527136788e-15,-2.22044604925e-16,2.2600203173,1.66739014332,-53.7420255061,10.8724185948,-22.7327281446,2.65259656092,0.666625429653,0.305562440362,0.231633509158,1.30020138476,-7.25286150075,3.61248963531,-1.69234045912,-7.6925451376,3.33194256234,7.90427991659,-2.21856879157,8.55085367451,3.10983662889,-1.39704315992,-154.035486825,0.486612161463,-1.58933364603,0.833432789021,-5.27075895842,2.31466476673,14.1802844133,1.10020138476,-7.45286150075,3.41248963531,-1.89234045912,-7.8925451376,3.13194256234,8.10427991659,-2.01856879157,8.75085367451,-0.849816311587,3.06443330324,100.293461319,10.3858064333,-21.1433944985,1.8191637719,5.93738438808,-2.00910232637,-13.9486509041,0.2,0.2,0.2,0.2,0.2,0.2,-0.2,-0.2,-0.2,0,0,0,0,0,0,-4.49441719055,2.79381084442,13.9454679489,-0.174465492368,-6.71894311905,2.59225797653,-0.965016126633,-7.3388800621,2.55623936653,6.87655925751,-0.728592038155,9.38124847412
20.18,10089,15.206408,1.77785469569,0.000840453285998,0.369262466361,0.999495769074,0.0305689579648,-0.00819765730734,0.00255828580314,0.66829694946,0.0206259563186,-0.0337813203476,0.246653774658,0.177320201353,1.26872088828,-1.8473268763,-0.695931393594,1.50422535926,9.7932793047,12.2755888928,29.3720993748,-0.746226380161,3.08031397276,100.29624891,10.3716611238,-21.0621371046,1.82199177964,0,0,-9.81,1.77499983762,-0.00114799461787,0.342905549713,0.66767618124,0.0264926332744,-0.0512788883258,-0.746226380161,3.08031397276,100.29624891,10.4485662407,-21.089369743,0.755364336206,0,0,0,-1,0,0,0,1.39643369743,0.718444650651,0.385780021323,-10.5071177385,6.58530629305,0.517044709827,-8.21163308401,0,0,0,0,0,0,1.94095736168,-0.136380177385,0.0435979585584,0,0,0,-58.6620310579,11.5840832143,-76.5643580589,0.525877837206,-2.41283417524,-97.1155367614,-0.746226380161,3.08031397276,100.29624891,-0.746226380161,3.08031397276,100.29624891,1.98118011592,0.0928930183802,0.0198772622776,100.29624891,0,0,-14.4294961731,10.2780814273,-6.17900112966,-7.66950404016,8.47013764305,-14.8816950877,0,0,0,0,0,0,1.5616282618,-0.180894125707,0.0601750853953,0,0,0,2.57914161263,0.576434478529,-11.6110217277,8.27487337909,-0.155398186004,-8.56168182608,0,0,0,0,0,0,1.53882059201,0.11261964478,0.0346039787246,0,0,0,15.206408,0,0,-0.00119268827759,-0.399400478541,0.0530568280111,0,15.206408,0,0.401394030572,-0.00339354479894,-0.0294073068125,0,0,15.206408,-0.0295098352871,0.0231983126195,-0.00088147397521,-0.00119268827759,0.401394030572,-0.0295098352871,0.204017166484,-0.00508880781262,-0.0160551014833,-0.399400478541,-0.00339354479894,0.0231983126195,-0.00508880781262,0.523121375387,-0.00347647944742,0.0530568280111,-0.0294073068125,-0.00088147397521,-0.0160551014833,-0.00347647944742,0.53560642956,2.56195299406,1.33556834864,-54.2642242035,10.8647849245,-22.8387008292,2.85016190487,3.30817922288,-1.74474550336,-154.560473153,0.493123843333,-1.77656365988,1.0281701595,-3.30817922288,1.74474550336,154.560473153,-0.493123843333,1.77656365988,-1.0281701595,0,0,0,0,0,0,0,0,0,0,0,0,0,0,0,0,0,0,1.51342166799e-07,-1.2077310485e-07,3.91988237425e-08,-4.263213782e-08,-6.47280096189e-08,-3.42657258123e-08,2.56195299406,1.33556834864,-54.2642242035,10.8647849245,-22.8387008292,2.85016190487,0.565862543296,0.171215351231,0.300121881011,1.43178249296,-7.10060246204,4.12171513554,-1.66664949988,-7.91058705125,3.42638841141,8.18787926924,-2.35071061013,8.62171785984,3.30817922288,-1.74474550336,-154.560473153,0.493123843333,-1.77656365988,1.0281701595,-5.35842020528,2.09581859544,14.2044723045,1.23178249316,-7.30060246183,3.9217151363,-1.86664949984,-8.1105870516,3.62638841153,8.38787926965,-2.55071061037,8.82171786,-0.746226380161,3.08031397276,100.29624891,10.3716611238,-21.0621371046,1.82199177964,5.92428279306,-1.9246031895,-13.904350393,0.2,0.2,0.2,0.2,0.2,-0.2,-0.2,0.2,-0.2,0,0,0,0,0,0,-4.58995866776,2.57882142067,13.9761590958,-0.0546006411314,-6.63804721832,3.16325330734,-0.938292920589,-7.63229703903,3.10480976105,7.20264959335,-1.14863634109,9.56604194641
20.182,10090,15.206408,1.7791841091,0.000878794212104,0.369199941605,0.999449605346,0.0319588998359,-0.00843465284466,0.00282342451637,0.664706705896,0.0191704630526,-0.0312623780822,0.266258889772,0.202484855822,1.32823187346,-1.80367627187,-0.720028157493,1.30869485106,10.219303877,13.1939310296,29.351537267,-0.0370362483772,3.14055444147,99.033801354,10.2560265782,-20.9390227079,1.79277867822,0,0,-9.81,1.77633541182,-0.00109436802975,0.342789508627,0.66756242501,0.0269573243158,-0.0576236118941,-0.0370362483772,3.14055444147,99.033801354,10.3429923118,-20.961932856,0.680212836527,0,0,0,-1,0,0,0,1.39800335233,0.72456282081,0.496484712788,-10.4860546104,6.67439030768,0.61888948523,-8.11161632903,0,0,0,0,0,0,1.94479561942,-0.136696045108,0.0446988442883,0,0,0,-58.2022123673,11.2548026447,-75.5577898542,-0.0679914252893,-2.62898783123,-96.0012057988,-0.0370362483772,3.14055444147,99.033801354,-0.0370362483772,3.14055444147,99.033801354,1.98128959698,0.0928427487373,0.0199216864715,99.033801354,0,0,-14.058496838,10.3135357222,-5.67083895492,-7.99169511575,8.66731959608,-14.0420492481,0,0,0,0,0,0,1.55893131907,-0.179878820353,0.0565104384842,0,0,0,2.62057670336,0.642469714542,-11.4567047526,8.30437085972,-0.0678129100403,-8.34080927815,0,0,0,0,0,0,1.54232016669,0.112517291996,0.0349483174542,0,0,0,15.206408,0,0,-0.00137018759603,-0.400004336868,0.053978809693,0,15.206408,0,0.402117020783,-0.00367121761234,-0.029590351209,0,0,15.206408,-0.0293107739271,0.023224578536,-0.000935184225948,-0.00137018759603,0.402117020783,-0.0293107739271,0.204113175012,-0.00514881765893,-0.01639748354,-0.400004336868,-0.00367121761234,0.023224578536,-0.00514881765893,0.523383202956,-0.00366474881805,0.053978809693,-0.029590351209,-0.000935184225948,-0.01639748354,-0.00366474881805,0.535673029069,3.35853727215,0.96527938705,-56.2005519545,10.7514724315,-22.9156150054,3.03896913734,3.3955735198,-2.17527505412,-155.234353308,0.49544585348,-1.97659229732,1.24619045924,-3.3955735198,2.17527505412,155.234353308,-0.49544585348,1.97659229732,-1.24619045924,0,0,0,0,0,0,0,0,0,0,0,0,0,0,0,0,0,0,7.34699731608e-10,-3.01155989035e-10,-1.04331832063e-09,-2.07009520636e-10,-1.0565059938e-10,-1.16742837619e-10,3.35853727215,0.96527938705,-56.2005519545,10.7514724315,-22.9156150054,3.03896913734,0.463397046078,0.0826359758306,0.347719586013,1.4853760031,-7.01299121579,4.06646423759,-1.62686790574,-7.78173345884,3.36546237914,8.07816169095,-2.44271626587,8.56169909994,3.3955735198,-2.17527505412,-155.234353308,0.49544585348,-1.97659229732,1.24619045924,-5.40568522147,2.12339903665,14.1515352198,1.2853760031,-7.21299121579,3.86646423759,-1.82686790574,-7.98173345884,3.56546237914,8.27816169095,-2.64271626587,8.76169909994,-0.0370362483772,3.14055444147,99.033801354,10.2560265782,-20.9390227079,1.79277867822,5.8690822677,-2.04076306052,-13.8038156338,0.2,0.2,0.2,0.2,0.2,-0.2,-0.2,0.2,-0.2,0,0,0,0,0,0,-4.64505672455,2.60945367813,13.9311008453,-0.0139841930941,-6.63214826584,3.17161250114,-0.890396356583,-7.58643484116,3.09449291229,7.14101552963,-1.1186273098,9.61973762512
20.184,10091,15.206408,1.78050621985,0.000914046006553,0.369143277665,0.999398975887,0.0334111817113,-0.00870189381254,0.00310756781194,0.661055374537,0.0176258972245,-0.0283319695533,0.286715955097,0.229474368576,1.3876853916,-1.83435868957,-0.764262769872,1.51621828698,10.3203876532,14.5300375335,30.74669074,-0.133289487486,2.84004403312,101.27438991,10.3256120028,-21.2576872202,1.81016133045,0,0,-9.81,1.77767096793,-0.00103984327176,0.342660376776,0.667553744746,0.0274391395243,-0.0641145036609,-0.133289487486,2.84004403312,101.27438991,10.4252189166,-21.2769400909,0.625175281709,0,0,0,-1,0,0,0,1.39964877001,-0.148340200241,0.580524465017,-10.5012058916,6.0706000025,0.696459666028,-8.56137244785,0,0,0,0,0,0,1.94871728839,-0.136997430246,0.0456234672717,0,0,0,-59.1466805502,11.8171951665,-77.7949634862,0.191568575342,-2.45340493757,-98.4071967451,-0.133289487486,2.84004403312,101.27438991,-0.133289487486,2.84004403312,101.27438991,1.98139375979,0.092803295643,0.019975792043,101.27438991,0,0,-13.3454288934,10.347096668,-5.9634634983,-7.56159831213,8.81459506221,-13.6327151938,0,0,0,0,0,0,1.55597915967,-0.178671093791,0.0525523034415,0,0,0,1.80073658626,0.704484362533,-11.4998422591,7.70986219019,-0.0411537496982,-8.74880870933,0,0,0,0,0,0,1.54594528435,0.112421506299,0.0351172465822,0,0,0,15.206408,0,0,-0.00156291132668,-0.400878200868,0.0549122581704,0,15.206408,0,0.403115501611,-0.0039640355066,-0.0296905574438,0,0,15.206408,-0.0290535135462,0.0231424615058,-0.000984363623624,-0.00156291132668,0.403115501611,-0.0290535135462,0.204293865299,-0.00520638365686,-0.0167811610486,-0.400878200868,-0.0039640355066,0.0231424615058,-0.00520638365686,0.523731539084,-0.00387235579505,0.0549122581704,-0.0296905574438,-0.000984363623624,-0.0167811610486,-0.00387235579505,0.535718963039,3.25027875677,0.172658640167,-54.7957399276,10.8242279779,-23.4454749208,3.29262897748,3.38356821525,-2.66738539256,-156.070129836,0.49861597546,-2.18778769003,1.48246764906,-3.38356821525,2.66738539256,156.070129836,-0.49861597546,2.18778769003,-1.48246764906,0,0,0,0,0,0,0,0,0,0,0,0,0,0,0,0,0,0,2.90102654954e-08,-3.87728071871e-10,-1.57801594014e-09,-3.73963970901e-10,-1.06452233695e-08,-2.02256278392e-09,3.25027875677,0.172658640167,-54.7957399276,10.8242279779,-23.4454749208,3.29262897748,0.412003644157,-0.0513632003953,0.459639561871,1.5356198481,-6.74875484952,4.49287746213,-1.65062868873,-7.55350286245,3.81865068318,8.01971601332,-3.07071558236,8.60458625737,3.38356821525,-2.66738539256,-156.070129836,0.49861597546,-2.18778769003,1.48246764906,-5.42297847709,1.87713943142,14.4836304987,1.3356198481,-6.94875484952,4.29287746213,-1.85062868873,-7.75350286245,4.01865068318,8.21971601332,-3.27071558236,8.80458625737,-0.133289487486,2.84004403312,101.27438991,10.3256120028,-21.2576872202,1.81016133045,5.83498212153,-1.92850262113,-14.0239909314,0.2,0.2,0.2,0.2,0.2,-0.2,-0.2,0.2,-0.2,0,0,0,0,0,0,-4.6706905365,2.36586499214,14.2720451355,0.0202708076686,-6.45268583298,3.65626335144,-0.900043785572,-7.44513511658,3.59224224091,7.13027095795,-1.61734545231,9.77504348755
20.186,10092,15.206408,1.78182086982,0.000946297570629,0.369092715005,0.999343572221,0.0349260377787,-0.00899844960669,0.00340946470836,0.657324986295,0.0161257820383,-0.0252813300081,0.307381098559,0.25913944271,1.44989833146,-1.87404885044,-0.74134338101,1.57874016273,9.68190917434,14.0719084781,30.8810732285,-0.739325036415,3.04887875797,101.311002982,10.3879076877,-20.9120853016,1.93686264657,0,0,-9.81,1.7790064954,-0.000984488707707,0.34251875761,0.66754849487,0.0278909423309,-0.0702951463507,-0.739325036415,3.04887875797,101.311002982,10.4949008758,-20.9359624137,0.719658333571,0,0,0,-1,0,0,0,1.4013712984,-0.925428859996,0.629164983387,-10.3746406528,5.46584936321,0.735888153794,-8.85823883117,0,0,0,0,0,0,1.95270673913,-0.137282621399,0.046359793325,0,0,0,-58.4220629772,11.5699578511,-78.5816489748,0.882864144841,-2.76308793181,-98.5579160635,-0.739325036415,3.04887875797,101.311002982,-0.739325036415,3.04887875797,101.311002982,1.98149430722,0.0927722378652,0.0200363588974,101.311002982,0,0,-12.4761055439,10.0152811452,-7.14809121739,-6.51543540289,8.53145885608,-13.8498225732,0,0,0,0,0,0,1.55277717312,-0.177266600094,0.0483174439118,0,0,0,0.133196355397,0.892998262976,-11.043756275,6.13744271981,0.102953231328,-9.22501692795,0,0,0,0,0,0,1.54967966722,0.112332532121,0.035100279278,0,0,0,15.206408,0,0,-0.00177120920396,-0.402025158042,0.0558606258085,0,15.206408,0,0.404392782533,-0.00427195132062,-0.0297089007271,0,0,15.206408,-0.0287365709685,0.022950175475,-0.00102808114285,-0.00177120920396,0.404392782533,-0.0287365709685,0.204562079018,-0.00526092569589,-0.0172070033776,-0.402025158042,-0.00427195132062,0.022950175475,-0.00526092569589,0.524169207202,-0.00409981890633,0.0558606258085,-0.0297089007271,-0.00102808114285,-0.0172070033776,-0.00409981890633,0.535744404409,2.4991411033,-0.172933101091,-55.7256118421,10.8888531352,-23.3122040514,3.67316102237,3.23846613881,-3.2218118608,-157.036614824,0.500945446825,-2.40011874958,1.73629837553,-3.23846613881,3.2218118608,157.036614824,-0.500945446825,2.40011874958,-1.73629837553,0,0,0,0,0,0,0,0,0,0,0,0,0,0,0,0,0,0,9.10794439868e-10,1.74362657646e-09,-1.81657355824e-10,6.3365668268e-10,-2.926050513e-10,2.76439982017e-10,2.4991411033,-0.172933101091,-55.7256118421,10.8888531352,-23.3122040514,3.67316102237,0.348740279149,-0.131805850407,0.496948769321,1.59159812399,-6.43079376921,4.81766816545,-1.56275126403,-6.86968563025,4.58381042286,7.84568351187,-4.27767985318,8.94622664022,3.23846613881,-3.2218118608,-157.036614824,0.500945446825,-2.40011874958,1.73629837553,-5.54832173775,1.45772925511,14.3499817108,1.39159812399,-6.63079376921,5.01766816545,-1.76275126403,-7.06968563025,4.78381042286,8.04568351187,-4.47767985318,9.14622664022,-0.739325036415,3.04887875797,101.311002982,10.3879076877,-20.9120853016,1.93686264657,5.89706201625,-1.58953510517,-13.8530329413,0.2,0.2,-0.2,0.2,0.2,-0.2,-0.2,0.2,-0.2,0,0,0,0,0,0,-4.80507135391,1.94847810268,14.1496295929,0.0578860864043,-6.22737884521,4.44009590149,-0.793706595898,-6.85684680939,4.40250635147,7.00491046906,-2.69387221336,10.2309074402
20.188,10093,15.206408,1.78312816,0.000975483651478,0.369047821658,0.999283039621,0.0365038453795,-0.00932568544387,0.00372928793234,0.653645086917,0.0145930404243,-0.022446673598,0.326792968537,0.287913087573,1.51236849579,-1.84856499701,-0.757316442731,1.47131983967,9.80428995934,14.749609404,31.0790786842,-0.844595751104,3.1404862526,101.033904736,10.3772882127,-20.6914886999,1.99713945275,0,0,-9.81,1.78034184881,-0.000928238045611,0.342364674306,0.667479005747,0.0283801833033,-0.0764557178711,-0.844595751104,3.1404862526,101.033904736,10.493930355,-20.7158700382,0.7379265033,0,0,0,-1,0,0,0,1.4031698868,-1.64950501806,0.671538037023,-9.88269056874,4.68361982711,0.764691721969,-8.84976581061,0,0,0,0,0,0,1.95674948535,-0.137550805948,0.046898727346,0,0,0,-57.8870452479,11.4099313782,-78.7694441593,1.05381722765,-2.93336707221,-98.3666950833,-0.844595751104,3.1404862526,101.033904736,-0.844595751104,3.1404862526,101.033904736,1.98159241101,0.0927475945624,0.020101475323,101.033904736,0,0,-11.6376829548,9.91043515676,-7.51285519701,-5.97201513795,8.54818172146,-13.4669598355,0,0,0,0,0,0,1.54933929881,-0.175670088832,0.0438123484898,0,0,0,-0.563414491859,0.978381739027,-10.5645622242,5.36566889019,0.194065160513,-9.16823744136,0,0,0,0,0,0,1.55348476603,0.112252390023,0.0348820894714,0,0,0,15.206408,0,0,-0.00199472608232,-0.403448400867,0.0568275998929,0,15.206408,0,0.405952370872,-0.00459372340846,-0.0296451020686,0,0,15.206408,-0.0283605500466,0.0226473675197,-0.00106548830205,-0.00199472608232,0.405952370872,-0.0283605500466,0.204922940061,-0.00531099767215,-0.0176769421518,-0.403448400867,-0.00459372340846,0.0226473675197,-0.00531099767215,0.524699384439,-0.00434869450394,0.0568275998929,-0.0296451020686,-0.00106548830205,-0.0176769421518,-0.00434869450394,0.535750041158,2.1190697633,-0.699928371655,-57.0992830505,10.8825348977,-23.3045125032,4.00342289748,2.96366551432,-3.84041462423,-158.133187786,0.505246684932,-2.61302380329,2.00628344474,-2.96366551432,3.84041462423,158.133187786,-0.505246684932,2.61302380329,-2.00628344474,0,0,0,0,0,0,0,0,0,0,0,0,0,0,0,0,0,0,7.74009745186e-11,-2.15436557482e-11,-2.00799377126e-11,-1.0142997553e-11,-2.60449439793e-11,-9.30344690175e-12,2.1190697633,-0.699928371655,-57.0992830505,10.8825348977,-23.3045125032,4.00342289748,0.301787761132,-0.184690751992,0.528583998903,1.5861502376,-5.90607772667,5.05799305274,-1.50976592237,-6.36216016079,4.85670334968,7.73420321785,-5.03156041437,9.08134813898,2.96366551432,-3.84041462423,-158.133187786,0.505246684932,-2.61302380329,2.00628344474,-5.59915235729,1.24433989095,14.259127864,1.3861502376,-6.10607772667,5.25799305274,-1.70976592237,-6.56216016079,5.05670334968,7.93420321785,-5.23156041437,9.28134813898,-0.844595751104,3.1404862526,101.033904736,10.3772882127,-20.6914886999,1.99713945275,5.90094011843,-1.42903064291,-13.7305438651,0.2,0.2,-0.2,0.2,0.2,-0.2,-0.2,0.2,-0.2,0,0,0,0,0,0,-4.8650302887,1.73658335209,14.0707778931,0.0318554863334,-5.80116415024,4.73901844025,-0.719273924828,-6.45315647125,4.72523403168,6.9419593811,-3.3209502697,10.4878044128
20.19,10094,15.206408,1.78442820923,0.00100152133342,0.369007976891,0.999216993943,0.0381451744403,-0.00968516839556,0.0040672097137,0.650024615418,0.0130188409722,-0.0199223833671,0.346460558036,0.318039832911,1.57522302031,-1.81849994824,-0.777699187568,1.31635647445,9.93279345156,15.5294805748,31.3748169327,-0.972526663328,3.232369741,100.73312753,10.3652131167,-20.4585527969,2.0602627482,0,0,-9.81,1.78167701296,-0.000871056733047,0.342198069861,0.667409808058,0.0288903088088,-0.0826349312404,-0.972526663328,3.232369741,100.73312753,10.4916950863,-20.4837137478,0.759284796348,0,0,0,-1,0,0,0,1.40504305913,-2.28671881254,0.702945304694,-9.21878696479,3.85897560582,0.780771769555,-8.67225177498,0,0,0,0,0,0,1.96082827264,-0.137801372197,0.0472360567842,0,0,0,-57.314409194,11.2574709947,-78.9314312008,1.23329186979,-3.08793111799,-98.1365714626,-0.972526663328,3.232369741,100.73312753,-0.972526663328,3.232369741,100.73312753,1.9816889431,0.0927278326632,0.0201697001295,100.73312753,0,0,-10.6865274041,9.78651923948,-7.8734107446,-5.340753851,8.55204626665,-13.0501830061,0,0,0,0,0,0,1.54567207592,-0.17388067421,0.0390542896345,0,0,0,-1.19606260996,1.06067715522,-9.92644809363,4.5522680705,0.295603096666,-8.95987989728,0,0,0,0,0,0,1.55734265784,0.112182407093,0.034459821758,0,0,0,15.206408,0,0,-0.00223409803934,-0.405142232468,0.0578147418163,0,15.206408,0,0.407788619756,-0.00492939888999,-0.0295025995035,0,0,15.206408,-0.0279241370894,0.0222357095356,-0.00109572519508,-0.00223409803934,0.407788619756,-0.0279241370894,0.205376807277,-0.00535571620702,-0.0181916161743,-0.405142232468,-0.00492939888999,0.0222357095356,-0.00535571620702,0.525321709317,-0.00461926746638,0.0578147418163,-0.0295025995035,-0.00109572519508,-0.0181916161743,-0.00461926746638,0.535736285272,1.59559476675,-1.28016440499,-58.6475014211,10.8776328903,-23.294195852,4.34695840539,2.56812143007,-4.51253414599,-159.380628951,0.51241977356,-2.83564305511,2.2866956572,-2.56812143007,4.51253414599,159.380628951,-0.51241977356,2.83564305511,-2.2866956572,0,0,0,0,0,0,0,0,0,0,0,0,0,0,0,0,0,0,4.35473879179e-12,3.31734639758e-13,-1.4068746168e-12,-2.13162820728e-14,-1.41042733048e-12,-2.28261853863e-13,1.59559476675,-1.28016440499,-58.6475014211,10.8776328903,-23.294195852,4.34695840539,0.263160932445,-0.224730468423,0.552991823863,1.55087023117,-5.30042142595,5.23069419194,-1.44527236975,-5.77482224323,5.06747587259,7.61836210415,-5.83745117003,9.23208575262,2.56812143007,-4.51253414599,-159.380628951,0.51241977356,-2.83564305511,2.2866956572,-5.64140535681,1.03678401247,14.1524185672,1.35087023117,-5.50042142595,5.43069419194,-1.64527236975,-5.97482224323,5.26747587259,7.81836210415,-6.03745117003,9.43208575262,-0.972526663328,3.232369741,100.73312753,10.3652131167,-20.4585527969,2.0602627482,5.90456628926,-1.26151448089,-13.5994267433,0.2,0.2,-0.2,0.2,0.2,-0.2,-0.2,0.2,-0.2,0,0,0,0,0,0,-4.91663646698,1.53024172783,13.9767065048,-0.0255198776722,-5.29655313492,4.96930932999,-0.628933012486,-5.97250461578,4.98507595062,6.87192296982,-4.00279331207,10.7628555298
20.192,10095,15.206408,1.78572092412,0.00102411772845,0.368972427875,0.999145000346,0.0398510883171,-0.0100788661442,0.00442442106478,0.646357446545,0.0112981975144,-0.0177745083445,0.366397366387,0.349721800202,1.63865511743,-1.84187301173,-0.85114807531,1.12750646722,10.5900815154,16.4923186033,31.9169589037,-0.568792221477,3.20585340549,100.416325025,10.3057216445,-20.4257954617,2.06011117352,0,0,-9.81,1.78301196545,-0.000812910602067,0.342018881484,0.667336818804,0.0294206198775,-0.0888352848761,-0.568792221477,3.20585340549,100.416325025,10.4453269103,-20.446733562,0.700934580229,0,0,0,-1,0,0,0,1.40698847454,-2.09105840081,0.781343235381,-9.16297910164,4.05517241862,0.851235885804,-8.47196450808,0,0,0,0,0,0,1.96492565871,-0.138034009479,0.0473705142761,0,0,0,-57.1498318832,11.229809407,-78.730716893,0.862429630549,-3.11263947599,-97.8790344083,-0.568792221477,3.20585340549,100.416325025,-0.568792221477,3.20585340549,100.416325025,1.98178458965,0.0927117330403,0.0202398688699,100.416325025,0,0,-9.9073285275,10.0341026253,-7.00404537203,-5.45141152307,9.0079942592,-11.7061170954,0,0,0,0,0,0,1.54178361411,-0.171898202901,0.0340617773398,0,0,0,-0.978456158341,1.0428128352,-9.82494919808,4.73546704034,0.305050075758,-8.72105258378,0,0,0,0,0,0,1.56123520082,0.112124048833,0.0338332350974,0,0,0,15.206408,0,0,-0.00248997707876,-0.407098184154,0.058823448693,0,15.206408,0,0.409893108877,-0.00527905827174,-0.0292854245406,0,0,15.206408,-0.0274257703406,0.0217172436737,-0.00111793052397,-0.00248997707876,0.409893108877,-0.0274257703406,0.205923154867,-0.00539408121131,-0.01875148519,-0.407098184154,-0.00527905827174,0.0217172436737,-0.00539408121131,0.52603466946,-0.00491169767662,0.058823448693,-0.0292854245406,-0.00111793052397,-0.01875148519,-0.00491169767662,0.535703443872,1.49018575887,-2.02443470214,-60.3684648747,10.8306513765,-23.498032703,4.63357567299,2.05897798034,-5.23028810762,-160.7847899,0.524929731975,-3.07223724133,2.57346449947,-2.05897798034,5.23028810762,160.7847899,-0.524929731975,3.07223724133,-2.57346449947,0,0,0,0,0,0,0,0,0,0,0,0,0,0,0,0,0,0,8.63753513158e-13,-5.55999690732e-13,-3.69482222595e-13,-2.46913600677e-13,-2.73558953268e-13,-1.59872115546e-13,1.49018575887,-2.02443470214,-60.3684648747,10.8306513765,-23.498032703,4.63357567299,0.229845807672,-0.253686080441,0.57521456864,1.57406657571,-5.19940062788,5.17421282411,-1.47506950062,-5.66778753966,5.01915672469,7.57733854962,-5.95617492173,9.10545795169,2.05897798034,-5.23028810762,-160.7847899,0.524929731975,-3.07223724133,2.57346449947,-5.63185295395,1.03577038555,14.1393014012,1.37406657571,-5.39940062788,5.37421282411,-1.67506950062,-5.86778753966,5.21915672469,7.77733854962,-6.15617492173,9.30545795169,-0.568792221477,3.20585340549,100.416325025,10.3057216445,-20.4257954617,2.06011117352,5.86169876163,-1.28945646599,-13.5640868325,0.2,0.2,-0.2,0.2,0.2,-0.2,-0.2,0.2,-0.2,0,0,0,0,0,0,-4.91663646698,1.53024172783,13.9767065048,-0.0255198776722,-5.29655313492,4.96930932999,-0.628933012486,-5.97250461578,4.98507595062,6.87192296982,-4.00279331207,10.7628555298
20.194,10096,15.206408,1.78700652158,0.00104336971927,0.368940559198,0.999066653885,0.0416222049248,-0.0105062752657,0.00479909708744,0.642798728429,0.00962599540986,-0.0159343384315,0.387647030864,0.38331862387,1.70315018837,-1.78691392445,-0.825996020527,0.97492160034,9.67028775985,16.2671266778,32.2529804071,-1.30204265633,3.33201596406,100.194760781,10.3162873698,-19.9823616509,2.18269799475,0,0,-9.81,1.78434682431,-0.000753798139049,0.341827047434,0.667330715487,0.0299537143127,-0.0950534773838,-1.30204265633,3.33201596406,100.194760781,10.4633181856,-20.0092006862,0.797241009791,0,0,0,-1,0,0,0,1.40900673919,-3.3279422565,0.70802899294,-7.38070892781,2.04396843574,0.751710749216,-7.82997400875,0,0,0,0,0,0,1.96904601461,-0.138247268716,0.0473045871353,0,0,0,-56.1306603755,11.0678844652,-79.2943671869,1.62763308185,-3.27920109247,-97.7105082325,-1.30204265633,3.33201596406,100.194760781,-1.30204265633,3.33201596406,100.194760781,1.9818798052,0.0926983501636,0.0203110445233,100.194760781,0,0,-7.98855664375,9.42911317099,-9.03460554771,-3.18401353457,8.44733146796,-12.3634120989,0,0,0,0,0,0,1.53767107445,-0.169713907699,0.0288694252373,0,0,0,-2.8808865394,1.28544672157,-8.41347380684,2.41994245166,0.548048048793,-8.63608382845,0,0,0,0,0,0,1.56516620879,0.112077388764,0.0330057641445,0,0,0,15.206408,0,0,-0.00276389625085,-0.409305926407,0.05985279712,0,15.206408,0,0.412255498807,-0.00564322660514,-0.0289926169313,0,0,15.206408,-0.0268612084868,0.0210886850192,-0.00113084742124,-0.00276389625085,0.412255498807,-0.0268612084868,0.206558211341,-0.0054249516369,-0.0193542305405,-0.409305926407,-0.00564322660514,0.0210886850192,-0.0054249516369,0.526836539406,-0.00522466933849,0.05985279712,-0.0289926169313,-0.00113084742124,-0.0193542305405,-0.00522466933849,0.535652359211,0.127633676334,-2.64502829325,-62.1929451794,10.8624373778,-23.3074540301,5.04307700286,1.42967633266,-5.97704425731,-162.38770596,0.546150008,-3.32509237921,2.86037900811,-1.42967633266,5.97704425731,162.38770596,-0.546150008,3.32509237921,-2.86037900811,0,0,0,0,0,0,0,0,0,0,0,0,0,0,0,0,0,0,6.2172489379e-15,1.36779476634e-13,-4.26325641456e-14,4.79616346638e-14,7.1054273576e-15,2.44249065418e-14,0.127633676334,-2.64502829325,-62.1929451794,10.8624373778,-23.3074540301,5.04307700286,0.194978819877,-0.280985053864,0.576954457305,1.3931531366,-3.87129594571,5.37133070949,-1.28600695778,-4.37747745815,5.68548152416,7.38557649122,-8.01539786519,9.60205794565,1.42967633266,-5.97704425731,-162.38770596,0.546150008,-3.32509237921,2.86037900811,-5.68915108081,0.624600405976,13.9036408684,1.1931531366,-4.07129594571,5.57133070949,-1.48600695778,-4.57747745815,5.88548152416,7.58557649122,-8.21539786519,9.80205794565,-1.30204265633,3.33201596406,100.194760781,10.3162873698,-19.9823616509,2.18269799475,5.88412990069,-0.905585459839,-13.3266864111,0.2,0.2,-0.2,0.2,0.2,-0.2,-0.2,0.2,-0.2,0,0,0,0,0,0,-4.98382043839,1.11986529827,13.7545700073,-0.23191845417,-4.06961631775,5.21923065186,-0.404197901487,-4.79028177261,5.69575405121,6.71361303329,-5.94532728195,11.382973671
20.196,10097,15.206408,1.78829095109,0.0010791104633,0.368960819607,0.998999069879,0.0431093464853,-0.0107800747101,0.00512177855938,0.642214757987,0.0178703720143,0.0101302044448,0.407092550974,0.416486804939,1.76829530409,-0.316917536673,4.10795418534,13.0149453867,-30.5184168408,-75.9834943598,-141.084110979,27.8783053217,15.6971082409,394.548297067,-33.3504468998,40.7695981827,0.538024305014,0,0,-9.81,1.78568140688,-0.000693674861183,0.341622521457,0.667240482183,0.0305121268916,-0.101286445175,27.8783053217,15.6971082409,394.548297067,-33.7792338119,40.2910237325,3.20915630833,0,0,0,-1,0,0,0,1.41109158804,-3.83249644109,-1.77947621069,-4.00919924735,-0.404316735258,-1.77045083329,-5.53446248382,0,0,0,0,0,0,1.97314889444,-0.138443360595,0.0470421666128,0,0,0,-59.0961099871,11.2051992435,-81.5979489003,0.187411640386,-3.71136986234,-101.303122267,-0.658978177967,3.9135400575,103.211181332,-0.658978177967,3.9135400575,103.211181332,1.98197508034,0.0926868684994,0.0203824268959,103.211181332,0,0,-94.8191771079,-15.4060165374,-213.056021577,2.22746294294,-32.0155413509,-231.497156666,28.5372834997,11.7835681834,291.337115735,28.5372834997,11.7835681834,291.337115735,1.53337015969,-0.167340061052,0.0234797476459,291.337115735,0,0,-2.15996520982,-4.8013087083,-4.86990282086,1.06169493652,-5.22996418935,-4.79105906293,0,0,0,0,0,0,1.56908357023,0.112045874501,0.0319697116561,0,0,0,15.206408,0,0,-0.00305508052,-0.411756657012,0.0609069677624,0,15.206408,0,0.414867322922,-0.00602056605457,-0.0286306746639,0,0,15.206408,-0.0262315584152,0.0203558833395,-0.00113390134934,-0.00305508052,0.414867322922,-0.0262315584152,0.20728481033,-0.00544661893871,-0.0200035178865,-0.411756657012,-0.00602056605457,0.0203558833395,-0.00544661893871,0.527722946743,-0.00555982894129,0.0609069677624,-0.0286306746639,-0.00113390134934,-0.0200035178865,-0.00555982894129,0.535580576577,28.568049772,8.92826891702,230.430351584,-32.7749924284,37.1723449109,3.68531049726,0.689744449584,-6.7688393244,-164.117945482,0.575454471098,-3.59725327137,3.14728619222,-0.689744449584,6.7688393244,164.117945482,-0.575454471098,3.59725327137,-3.14728619222,0,0,0,0,0,0,0,0,0,0,0,0,0,0,0,0,0,0,6.74333477946e-10,4.75925077126e-10,-5.06759079144e-10,2.56321186498e-10,-4.31803925949e-10,2.96149771373e-11,28.568049772,8.92826891702,230.430351584,-32.7749924284,37.1723449109,3.68531049726,0.866441070669,-0.383501006981,-0.480035369446,1.19188589772,-3.04408397333,5.28760301386,-1.36350773047,-3.68304261343,5.69770073856,-23.2381256922,-3.58682513735,-24.6274951037,0.689744449584,-6.7688393244,-164.117945482,0.575454471098,-3.59725327137,3.14728619222,-5.3943689438,0.698799126037,13.3283719696,0.991885897719,-3.24408397333,5.48760301386,-1.56350773047,-3.88304261343,5.89770073856,7.31594667167,-8.83888001963,9.8751042365,27.8783053217,15.6971082409,394.548297067,-33.3504468998,40.7695981827,0.538024305014,6.26081001447,-1.08230013302,-13.808407339,0.2,0.2,-0.2,0.2,0.2,-0.2,-30.5540723641,5.25205488261,-34.50259934,0,0,0,0,0,0,-4.698802948,1.1947208643,13.1928367615,-0.457190483809,-3.33600640297,5.1896905899,-0.445721596479,-4.19976139069,5.75956010818,6.47063350677,-6.47537469864,11.5872459412
20.198,10098,15.206408,1.78957617846,0.0011325117296,0.369036639149,0.998943695652,0.0443168119447,-0.0108841488651,0.00538965664099,0.642613683695,0.0267006331512,0.0379097710274,0.346093176765,0.264375309861,1.48511709079,0.178422434318,4.40151745734,13.8770579928,-32.3356246724,-83.9729565673,-139.083490998,22.4351373412,22.649532549,396.358833693,-30.380563041,44.3760195266,-2.77551781513,0,0,-9.81,1.78702354439,-0.000629706530954,0.341482156558,0.671142473783,0.0322790695184,-0.0693815128537,22.4351373412,22.649532549,396.358833693,-30.808711356,44.1654651175,0.384986218944,0,0,0,-1,0,0,0,1.41315403983,-4.97801579259,-2.04385116646,-2.93091512776,-1.93456628421,-2.05664431337,-5.43837289714,0,0,0,0,0,0,1.9771888591,-0.138679861315,0.046616842525,0,0,0,-58.8277222408,11.2806375028,-81.9230235154,0.190331938336,-3.68479605187,-101.418546234,-0.64950938227,3.91745771586,103.307857456,-0.64950938227,3.91745771586,103.307857456,1.982066155,0.0926762667889,0.0204498879948,103.307857456,0,0,-93.3421424639,-20.0243994729,-223.139733312,0.841945818369,-35.6273557477,-240.073020904,23.0846467235,18.7320748331,293.050976237,23.0846467235,18.7320748331,293.050976237,1.52992721043,-0.165408022196,0.0192200528127,293.050976237,0,0,-2.27662745244,-5.27611985614,-3.20166242813,0.0311324988737,-5.59683740198,-3.45623457836,0,0,0,0,0,0,1.57295302338,0.111894207475,0.0307841624691,0,0,0,15.206408,0,0,-0.00331648050293,-0.414041476219,0.0619190616645,0,15.206408,0,0.417309104663,-0.00632224978645,-0.0280119993646,0,0,15.206408,-0.0257982551412,0.0194901225787,-0.00111392804409,-0.00331648050293,0.417309104663,-0.0257982551412,0.208004057253,-0.00546860636927,-0.0205258130456,-0.414041476219,-0.00632224978645,0.0194901225787,-0.00546860636927,0.528499094855,-0.00585878204424,0.0619190616645,-0.0280119993646,-0.00111392804409,-0.0205258130456,-0.00585878204424,0.535457215288,21.2710740655,18.20877906,234.94520752,-29.8614561686,41.9343888292,-0.663859109342,-1.16406327576,-4.44075348903,-161.413626173,0.519106872429,-2.4416306974,2.11165870579,1.16406327576,4.44075348903,161.413626173,-0.519106872429,2.4416306974,-2.11165870579,0,0,0,0,0,0,0,0,0,0,0,0,0,0,0,0,0,0,2.13944417737e-11,2.12168060898e-11,-3.01838554151e-11,1.27009514017e-11,-1.79554149327e-11,-4.48974191158e-13,21.2710740655,18.20877906,234.94520752,-29.8614561686,41.9343888292,-0.663859109342,0.791793815293,-0.437725488536,-0.531991372431,1.02827889299,-2.1646684426,5.5823684562,-1.21434868497,-2.81370903179,5.62385034414,-20.1626897293,-0.417303279686,-21.3932417181,-1.16406327576,-4.44075348903,-161.413626173,0.519106872429,-2.4416306974,2.11165870579,-5.47123655655,0.534231932599,13.2205205915,0.828278892988,-2.3646684426,5.7823684562,-1.41434868497,-3.01370903179,5.82385034414,7.37538748175,-9.17735091452,10.5014335649,22.4351373412,22.649532549,396.358833693,-30.380563041,44.3760195266,-2.77551781513,6.26303037184,-0.971957421135,-13.7525119639,0.2,0.2,-0.2,0.2,0.2,-0.2,-27.538077211,8.76004763484,-31.894675283,0,0,0,0,0,0,-4.73547077179,1.0246206522,13.0746717453,-0.626495361328,-2.55949449539,5.53919649124,-0.294904977083,-3.43451786041,5.74375772476,6.40415525436,-7.4356470108,11.9672889709
20.2,10099,15.206408,1.79086283457,0.00120232031966,0.369164938356,0.998900164028,0.0452739442896,-0.0108294682639,0.00560846592543,0.643328053423,0.03490429503,0.0641496034133,0.281415226253,0.0962895912233,1.20630146337,0.338551265637,4.09053153323,13.1150246483,-29.1921708274,-78.6128869732,-124.585131062,21.6041321266,23.1033935968,370.384212927,-25.6568095625,39.6454690423,-3.01184076484,0,0,-9.81,1.78837174018,-0.000559991839063,0.341406544005,0.674256858132,0.0350394038112,-0.0371291039299,21.6041321266,23.1033935968,370.384212927,-26.0503310743,39.5029422165,-0.0639098111595,0,0,0,-1,0,0,0,1.41485453768,-4.82469918714,-1.79649176246,-3.03194079949,-1.72366997446,-1.81596602919,-5.42485014637,0,0,0,0,0,0,1.9811333261,-0.1389627483,0.0460234590313,0,0,0,-58.3621416844,10.9979661585,-81.2699847728,-0.206156861312,-3.88230516723,-100.582257245,-0.172346794786,4.11711079031,102.522674405,-0.172346794786,4.11711079031,102.522674405,1.98215346502,0.0926670500162,0.0205132174372,102.522674405,0,0,-85.2747849546,-19.5674131789,-209.613195194,-2.45174322965,-32.9920640537,-224.717326594,21.7764789214,18.9862828065,267.861538522,21.7764789214,18.9862828065,267.861538522,1.52717953375,-0.163846877177,0.0159324490076,267.861538522,0,0,-2.03356312436,-4.9898900417,-3.04608443639,0.151549725928,-5.28857987632,-3.21262627379,0,0,0,0,0,0,1.57675417551,0.111614382936,0.0294682641614,0,0,0,15.206408,0,0,-0.00354691795704,-0.416204014725,0.0628794818685,0,15.206408,0,0.41962352485,-0.00654899392356,-0.0271745766209,0,0,15.206408,-0.0255497589086,0.0185441360455,-0.00107641276438,-0.00354691795704,0.41962352485,-0.0255497589086,0.208720670959,-0.00549286786011,-0.0209376183341,-0.416204014725,-0.00654899392356,0.0185441360455,-0.00549286786011,0.529191841768,-0.0061269826647,0.0628794818685,-0.0271745766209,-0.00107641276438,-0.0209376183341,-0.0061269826647,0.535291033189,19.1688104665,20.355366025,210.870489927,-25.1785284606,38.0240259726,-1.64193103872,-2.43532176277,-2.74802765804,-159.513723027,0.478281074701,-1.62144303948,1.36990973058,2.43532176277,2.74802765804,159.513723027,-0.478281074701,1.62144303948,-1.36990973058,0,0,0,0,0,0,0,0,0,0,0,0,0,0,0,0,0,0,1.02716008143e-07,8.63155733555e-08,2.72025886261e-08,2.72049049954e-08,-3.02446423461e-08,-4.46461756454e-09,19.1688104665,20.355366025,210.870489927,-25.1785284606,38.0240259726,-1.64193103872,0.706695123088,-0.443398350587,-0.468673539578,1.08423378534,-2.06440447739,5.53119382384,-1.14996759377,-2.67273413958,5.55321453618,-16.5759443869,0.11962078702,-17.2592672862,-2.43532176277,-2.74802765804,-159.513723027,0.478281074701,-1.62144303948,1.36990973058,-5.58731763295,0.579482427736,13.2062707693,0.884233785329,-2.2644044774,5.73119382385,-1.34996759377,-2.8727341396,5.75321453619,7.40164674173,-8.74777874872,10.7864529713,21.6041321266,23.1033935968,370.384212927,-25.6568095625,39.6454690423,-3.01184076484,6.29401275628,-1.02288077817,-13.6749443088,0.2,0.2,-0.2,0.2,0.2,-0.2,-23.9775911569,8.86739956999,-28.0457202343,0,0,0,0,0,0,-4.81368637085,1.06352639198,13.048910141,-0.579866170883,-2.55472612381,5.54695320129,-0.240658715367,-3.38671302795,5.73197078705,6.35424900055,-7.41769361496,12.023683548
20.202,10100,15.206408,1.79215244298,0.00128620494159,0.369336497851,0.998867180741,0.0460180995639,-0.0106401430146,0.00578594048154,0.644804204635,0.0419423109632,0.0857797475024,0.223020922565,-0.0609986456729,0.956768368399,0.72497640402,3.5094851559,10.810768814,-24.68202016,-66.6703300386,-105.969336484,17.8429525844,18.1937256816,333.544039259,-22.3012949909,34.6057294715,-3.0574689757,0,0,-9.81,1.78972573991,-0.000484349646322,0.341388956812,0.677221870385,0.0379251600159,-0.00819031776805,17.8429525844,18.1937256816,333.544039259,-22.6517422034,34.5105932478,-0.412208568515,0,0,0,-1,0,0,0,1.41648649855,-5.1206515666,-2.41558418338,-0.185491083129,-3.75971005564,-2.46098891881,-3.44944056253,0,0,0,0,0,0,1.98498649668,-0.139286543942,0.0452613488432,0,0,0,-54.8007222339,12.4595946285,-77.7508402262,0.263068621174,-1.73911602904,-95.9190287789,-0.581548479827,1.97412227676,97.9832564231,-0.581548479827,1.97412227676,97.9832564231,1.98223774067,0.0926595125643,0.0205728495523,97.9832564231,0,0,-72.8983149606,-16.5726915776,-187.611948368,-3.14269615025,-27.6882131549,-200.026368047,18.4245010643,16.2196034048,235.560782836,18.4245010643,16.2196034048,235.560782836,1.52499501639,-0.162592490797,0.0134190443898,235.560782836,0,0,-3.00958802668,-4.97566748267,-1.51054608407,-1.52637414523,-5.23077906768,-2.53096202549,0,0,0,0,0,0,1.58048991469,0.111214426401,0.0280256616043,0,0,0,15.206408,0,0,-0.00375041803164,-0.418298115914,0.0637912509061,0,15.206408,0,0.421864390461,-0.00670854263167,-0.0261397761948,0,0,15.206408,-0.0254637776059,0.0175316810731,-0.00102417677242,-0.00375041803164,0.421864390461,-0.0254637776059,0.209447370544,-0.00551920114001,-0.0212567276882,-0.418298115914,-0.00670854263167,0.0175316810731,-0.00551920114001,0.529826054393,-0.00637302420463,0.0637912509061,-0.0261397761948,-0.00102417677242,-0.0212567276882,-0.00637302420463,0.535085356927,14.4648211005,16.6177109571,175.162290526,-21.8491656171,33.5484803448,-2.18453488779,-3.37813148709,-1.57601473706,-158.381748732,0.452129369102,-1.05724912498,0.87293409073,3.37813148709,1.57601473706,158.381748732,-0.452129369102,1.05724912498,-0.87293409073,0,0,0,0,0,0,0,0,0,0,0,0,0,0,0,0,0,0,3.19432302831e-09,1.25659873618e-08,-8.02060640126e-10,4.74116390592e-09,-1.71498726331e-09,-2.81938117297e-09,14.4648211005,16.6177109571,175.162290526,-21.8491656171,33.5484803448,-2.18453488779,0.590111143969,-0.346085223556,-0.440871550694,0.285944142119,-0.249973783959,5.02810289499,-1.35975892639,-1.35897995161,5.37757796351,-13.4849515203,0.79275416815,-14.1982002797,-3.37813148709,-1.57601473706,-158.381748732,0.452129369102,-1.05724912498,0.87293409073,-4.68409361886,0.370098532359,12.4526503021,0.0859441421188,-0.449973783959,5.22810289499,-1.55975892639,-1.55897995161,5.57757796351,7.39958614284,-8.11865790037,9.36556037598,17.8429525844,18.1937256816,333.544039259,-22.3012949909,34.6057294715,-3.0574689757,5.27420476283,-0.716183755908,-12.8935218528,0.2,0.2,-0.2,0.2,0.2,-0.2,-20.8845376678,8.91141206977,-23.563760655,0,0,0,0,0,0,-3.87856674194,0.84845250845,12.285284996,-1.3927719593,-0.829021930695,5.10187530518,-0.461355119944,-2.16054534912,5.61352777481,6.30994510651,-7.05985116959,10.4107780457
20.204,10101,15.206408,1.79344576071,0.0013817237448,0.369542340546,0.998843193587,0.0465849109556,-0.0103414945219,0.00593078301334,0.646658866193,0.0477594016071,0.102921347809,0.173628351338,-0.194420979552,0.744479649189,0.918151152523,2.90048359587,8.56738500143,-19.6390924931,-54.1544337274,-88.2038927862,15.4570533247,12.7990456767,297.43014992,-19.3613438953,28.892437426,-2.52551466608,0,0,-9.81,1.79108451279,-0.000404034959582,0.341419755657,0.67964804287,0.0402040628777,0.0159531159711,15.4570533247,12.7990456767,297.43014992,-19.6655805958,28.7957871201,-0.28352449362,0,0,0,-1,0,0,0,1.4180556485,-4.95254619162,-2.84313998298,1.37925985219,-4.63133494459,-2.90003437476,-2.15732559877,0,0,0,0,0,0,1.98871380018,-0.139663539903,0.0443609156732,0,0,0,-51.7490372667,13.5081440591,-74.1894777489,0.336491242119,-0.0439136537013,-91.4570733615,-0.597452793742,0.2665270401,93.6251318113,-0.597452793742,0.2665270401,93.6251318113,1.98231963772,0.0926539974698,0.0206305179565,93.6251318113,0,0,-61.881078617,-12.7287118229,-163.984894035,-4.11377589166,-21.8557010669,-174.320792351,16.0545061185,12.5325186366,203.805018109,16.0545061185,12.5325186366,203.805018109,1.52326352812,-0.161588758481,0.0115290974001,203.805018109,0,0,-3.41718713918,-4.86376068065,-1.0380975922,-2.12931339088,-5.11499126435,-2.39037054928,0,0,0,0,0,0,1.58413030645,0.110697142058,0.0264654102109,0,0,0,15.206408,0,0,-0.00393111313054,-0.420327280299,0.0646664054942,0,15.206408,0,0.424034993358,-0.00681348845316,-0.0249643981824,0,0,15.206408,-0.0255231325324,0.0164917746524,-0.000962267890642,-0.00393111313054,0.424034993358,-0.0255231325324,0.210181353062,-0.00554888115055,-0.0215041418945,-0.420327280299,-0.00681348845316,0.0164917746524,-0.00554888115055,0.530414205226,-0.00660157560243,0.0646664054942,-0.0249643981824,-0.000962267890642,-0.0215041418945,-0.00660157560243,0.534850103165,11.4866707652,12.0862423657,139.806688542,-18.9214041769,28.2142040348,-1.98543002614,-3.97038254089,-0.712803353278,-157.623461352,0.439939696083,-0.678233385575,0.540084646459,3.97038254089,0.712803353278,157.623461352,-0.439939696083,0.678233385575,-0.540084646459,0,0,0,0,0,0,0,0,0,0,0,0,0,0,0,0,0,0,-1.86423303461e-08,4.22374526465e-08,-2.53169218922e-08,2.23588827453e-08,-5.55948531655e-09,-6.51124842932e-09,11.4866707652,12.0862423657,139.806688542,-18.9214041769,28.2142040348,-1.98543002614,0.486403407983,-0.258211912352,-0.391033537085,-0.274883466254,0.756101351772,4.59097791968,-1.61991725641,-0.767925410172,5.20831525193,-10.9144643844,1.31986618644,-11.7698092699,-3.97038254089,-0.712803353278,-157.623461352,0.439939696083,-0.678233385575,0.540084646459,-3.93892021856,0.305976663094,11.8348452233,-0.47488346628,0.556101351819,4.79097791966,-1.81991725642,-0.967925410145,5.40831525193,7.44024959609,-6.99083440525,7.94415543059,15.4570533247,12.7990456767,297.43014992,-19.3613438953,28.892437426,-2.52551466608,4.42532362131,-0.564188578893,-12.2258787613,0.2,0.2,-0.2,0.2,0.2,-0.2,-18.3547139939,8.31070059213,-19.7139647032,0,0,0,0,0,0,-3.10773038864,0.780721485615,11.6583023071,-1.96967637539,0.116394624114,4.72078514099,-0.740884542465,-1.6348695755,5.50209379196,6.32717895508,-6.10974121094,8.82446098328
20.206,10102,15.206408,1.79474342363,0.0014869610367,0.369775108039,0.998826605762,0.0470076327398,-0.0099547914423,0.00604948041335,0.648831461756,0.0526186459485,0.1163837462,0.134303345065,-0.302820381819,0.567699975351,1.08058033503,2.42294736364,6.72795131334,-15.7906856622,-43.6125173293,-71.5935984455,12.9991551503,8.70931072972,268.84232441,-16.8802305348,24.2260601177,-2.28201686061,0,0,-9.81,1.79244740569,-0.00032044141432,0.34148948016,0.681733169922,0.0418003996414,0.0353852911215,12.9991551503,8.70931072972,268.84232441,-17.139917889,24.1481263836,-0.378126435801,0,0,0,-1,0,0,0,1.41956685465,-4.78268212582,-3.2543480651,3.08941656681,-5.60599074628,-3.31919432987,-0.751758685992,0,0,0,0,0,0,1.99230250217,-0.140101795498,0.0433436229043,0,0,0,-49.5803369556,14.6482187463,-71.8828093077,0.443483822626,1.51612212167,-88.5292217002,-0.632951159984,-1.30934715528,90.7608158233,-0.632951159984,-1.30934715528,90.7608158233,1.98239969995,0.0926506344771,0.0206875975406,90.7608158233,0,0,-52.9400508088,-9.88628081163,-144.928971088,-4.32664016001,-17.5422734506,-153.552411299,13.6321063103,10.018657885,178.081508587,13.6321063103,10.018657885,178.081508587,1.5218948832,-0.160788150803,0.0101444840951,178.081508587,0,0,-3.73588740115,-4.80782089901,-0.280505946336,-2.82927806808,-5.0308067413,-1.95878768684,0,0,0,0,0,0,1.58766621432,0.11006697639,0.0247898871869,0,0,0,15.206408,0,0,-0.00409403441827,-0.422296102691,0.0655169728349,0,15.206408,0,0.426139965843,-0.00687606059385,-0.0236893474485,0,0,15.206408,-0.0257112213525,0.0154460406879,-0.000894240951496,-0.00409403441827,0.426139965843,-0.0257112213525,0.210920977577,-0.00558275365871,-0.0216956593954,-0.422296102691,-0.00687606059385,0.0154460406879,-0.00558275365871,0.530966756966,-0.00681632048233,0.0655169728349,-0.0236893474485,-0.000894240951496,-0.0216956593954,-0.00681632048233,0.534593037201,8.6533245509,8.64589209132,111.687127791,-16.443425294,23.8001741653,-1.96288351733,-4.34583059947,-0.0634186384416,-157.15519662,0.436805240797,-0.425885952384,0.319133343284,4.34583059947,0.0634186384416,157.15519662,-0.436805240797,0.425885952384,-0.319133343284,0,0,0,0,0,0,0,0,0,0,0,0,0,0,0,0,0,0,4.36202185483e-11,3.70086183921e-11,-1.85877979675e-11,1.66551217262e-11,-2.26556551297e-11,-1.20614629395e-12,8.6533245509,8.64589209132,111.687127791,-16.443425294,23.8001741653,-1.96288351733,0.391396302629,-0.206326755561,-0.324870238671,-0.833206622582,1.79055149776,4.09077474954,-1.82085537737,-0.097745860436,4.96144086712,-8.81848545889,1.58795376838,-9.73446447556,-4.34583059947,-0.0634186384416,-157.15519662,0.436805240797,-0.425885952384,0.319133343284,-3.29927021751,0.216445118889,11.2749089582,-1.03320662258,1.59055149776,4.29077474954,-2.02085537737,-0.297745860436,5.16144086712,7.49747637625,-6.31997104019,6.88473178163,12.9991551503,8.70931072972,268.84232441,-16.8802305348,24.2260601177,-2.28201686061,3.69066652014,-0.42277187445,-11.5997791968,0.2,0.2,-0.2,0.2,0.2,-0.2,-16.3159618352,7.90792480858,-16.6191962572,0,0,0,0,0,0,-2.44787979126,0.689381182194,11.0904188156,-2.54676580429,1.10989308357,4.27394723892,-0.963667571545,-1.01562929153,5.31202840805,6.3721165657,-5.55381965637,7.62256574631
20.208,10103,15.206408,1.79604337051,0.00159380073215,0.370054062305,0.99881052344,0.0474495385492,-0.00938477778778,0.00616486027247,0.649973439108,0.0534198477253,0.139477133231,0.102663971027,-0.390145874014,0.424079618859,0.576856407753,0.40498215181,11.515911983,-6.21078802848,-91.0291070837,10.0497707408,-49.1305200524,5.486807483,385.386475926,2.15507990396,68.8039792278,-0.610475235985,0,0,-9.81,1.79381374998,-0.000234627395702,0.341590634146,0.683471813825,0.0428773005349,0.0510809020103,-49.1305200524,5.486807483,385.386475926,1.27041422634,68.5762954392,5.88917299069,0,0,0,-1,0,0,0,1.42102596114,-6.22598602595,-3.04907712472,2.85110318495,-6.54507834641,-3.13581088843,-1.87542053697,0,0,0,0,0,0,1.99573877454,-0.140609138007,0.0422335503241,0,0,0,-50.9985615016,17.0772292924,-71.2548912042,-1.42407173888,3.82635521895,-89.1800178374,1.09005779492,-3.78951200659,91.3074950728,1.09005779492,-3.78951200659,91.3074950728,1.98247846046,0.0926494134544,0.0207446913042,91.3074950728,0,0,-44.5468187188,-1.7675176318,-123.358651762,-4.98093706217,-8.04119212561,-130.825951693,13.1365003333,1.71986288664,151.673816963,13.1365003333,1.71986288664,151.673816963,1.52081625758,-0.160151156077,0.00916987867551,151.673816963,0,0,-42.3151069519,10.45434015,-109.332427793,29.0897861996,0.218199256243,-114.049015776,-63.3570781806,7.55645660295,142.40516389,-63.3570781806,7.55645660295,142.40516389,1.59108729706,0.109327187456,0.0230068617756,142.40516389,0,0,15.206408,0,0,-0.00424273637866,-0.424203937176,0.0663561258645,0,15.206408,0,0.428179124709,-0.00690628845442,-0.0223508909611,0,0,15.206408,-0.0260144599714,0.0144143548657,-0.000823521006745,-0.00424273637866,0.428179124709,-0.0260144599714,0.211663449262,-0.00562175498235,-0.0218450152508,-0.424203937176,-0.00690628845442,0.0144143548657,-0.00562175498235,0.531490550873,-0.0070204594599,0.0663561258645,-0.0223508909611,-0.000823521006745,-0.0218450152508,-0.0070204594599,0.534320813312,-53.6692221393,5.9260744136,228.523418256,2.59581354787,68.5349980906,-0.438358857644,-4.53870208693,0.439266930598,-156.86305767,0.440733643909,-0.268981137143,0.172116378341,4.53870208693,-0.439266930598,156.86305767,-0.440733643909,0.268981137143,-0.172116378341,0,0,0,0,0,0,0,0,0,0,0,0,0,0,0,0,0,0,-1.06581410364e-13,3.5527136788e-15,0,7.1054273576e-15,4.26325641456e-14,9.43689570931e-15,-53.6692221393,5.9260744136,228.523418256,2.59581354787,68.5349980906,-0.438358857644,-0.563443601611,-0.671474115998,-0.317666744223,-0.813209568663,1.81177797693,4.04066759584,10.3858797891,23.2476208267,-1.26108917214,-8.73032143587,0.316856942192,-7.06642022968,-4.53870208693,0.439266930598,-156.86305767,0.440733643909,-0.268981137143,0.172116378341,-3.31498517427,0.216921884293,11.2813413693,-1.01320956866,1.61177797693,4.24066759584,-1.99547602787,-0.262383555603,5.10575377378,7.50346879591,-6.24647297516,7.00689605232,-49.1305200524,5.486807483,385.386475926,2.15507990396,68.8039792278,-0.610475235985,2.75154157266,-0.888396000291,-11.5990081135,0.2,0.2,-0.2,12.381355817,23.5100043823,-6.36684294592,-16.2337902318,6.56332991735,-14.073316282,0,0,0,0,0,0,-2.44787979126,0.689381182194,11.0904188156,-2.54676580429,1.10989308357,4.27394723892,-0.963667571545,-1.01562929153,5.31202840805,6.3721165657,-5.55381965637,7.62256574631
20.21,10104,15.206408,1.79734755116,0.00170139228921,0.370365995239,0.998793968669,0.0479163675416,-0.00867151504838,0.00627970526697,0.652090322903,0.0537957785289,0.155966467026,0.0903121909871,-0.572968993329,0.444204601771,1.06661153141,0.191264358364,8.21405449758,-3.79355666405,-71.1237296164,12.954799572,-38.6181899116,0.617424016965,332.493689347,0.407866450769,55.4981633752,-1.06109110751,0,0,-9.81,1.79516704098,-0.000147374687881,0.341753718025,0.676877155161,0.043596682993,0.0819479267346,-38.6181899116,0.617424016965,332.493689347,-0.305854610954,55.3494004779,4.20579684483,0,0,0,-1,0,0,0,1.42246019722,-5.61214509618,-4.00201455437,6.78593321418,-8.63494815719,-4.08423789775,1.52244992646,0,0,0,0,0,0,1.99900578425,-0.141179195733,0.0410108176305,0,0,0,-46.6639750584,18.0962321588,-66.6124428086,-0.816644547917,5.74291943876,-83.1178061039,0.543054913017,-5.70450191675,85.3733031238,0.543054913017,-5.70450191675,85.3733031238,1.98255497064,0.0926510570889,0.0208007742591,85.3733031238,0,0,-36.279284108,0.910044690881,-106.482728869,-3.56687154974,-4.29556204952,-112.358407599,9.85378991122,-0.771869142707,129.836609551,9.85378991122,-0.771869142707,129.836609551,1.51997148368,-0.159644446826,0.00853260162158,129.836609551,0,0,-37.0306232647,7.65467805623,-88.253916816,20.9075667678,-0.908143952815,-93.7051968425,-49.0150347359,7.09379507642,117.283776672,-49.0150347359,7.09379507642,117.283776672,1.59385834372,0.108738620072,0.0215978443833,117.283776672,0,0,15.206408,0,0,-0.00440461114086,-0.425869462774,0.0671938480482,0,15.206408,0,0.429980447423,-0.0069445735005,-0.0210795084597,0,0,15.206408,-0.0263181072269,0.0136144530644,-0.000783765433732,-0.00440461114086,0.429980447423,-0.0263181072269,0.212367215956,-0.00562175257839,-0.0219396352715,-0.425869462774,-0.0069445735005,0.0136144530644,-0.00562175257839,0.532014926589,-0.00723260745349,0.0671938480482,-0.0210795084597,-0.000783765433732,-0.0219396352715,-0.00723260745349,0.534150053026,-42.1288850725,1.05803471709,177.127811208,0.94883023212,55.434636726,-1.06940596313,-3.51069516024,0.440610700026,-155.365878138,0.540963781345,-0.0635266493752,-0.00831485565204,3.51069516024,-0.440610700026,155.365878138,-0.540963781345,0.0635266493752,0.00831485565204,0,0,0,0,0,0,0,0,0,0,0,0,0,0,0,0,0,0,-6.46600994969e-10,1.0084266755e-10,-3.23893800669e-10,5.9941496211e-12,1.76619607828e-10,3.14612780272e-11,-42.1288850725,1.05803471709,177.127811208,0.94883023212,55.434636726,-1.06940596313,-0.523296427299,-0.477931875524,-0.308322369508,-1.93392787371,3.93802166242,2.85228529155,8.19181045584,19.0915031038,-1.50761431437,-6.95860845317,0.68300991132,-5.95886910212,-3.51069516024,0.440610700026,-155.365878138,0.540963781345,-0.0635266493752,-0.00831485565204,-2.28061969315,0.0777532177499,10.3267596498,-2.13392787371,3.73802166242,3.05228529155,-2.27891878136,0.986819570781,4.39151761088,7.67160691497,-5.76284391158,5.4961812624,-38.6181899116,0.617424016965,332.493689347,0.407866450769,55.4981633752,-1.06109110751,1.75732326585,-0.555685093274,-10.6350820193,0.2,0.2,-0.2,10.4707292372,18.1046835328,-5.89913192541,-14.6302153681,6.4458538229,-11.4550503645,0,0,0,0,0,0,-1.41560518742,0.540985882282,10.129486084,-3.69371080399,3.21823000908,3.13473796844,-1.28513896465,0.473222792149,4.65475273132,6.52632951736,-5.13383197784,6.02727413177
20.212,10105,15.206408,1.7986571545,0.00180962112871,0.370703011515,0.998776462035,0.0484065405145,-0.00784176893884,0.0063947149743,0.654801670645,0.054114419753,0.168508137694,0.0827517685592,-0.715883344804,0.469893289839,1.36442850091,0.161905426548,6.24292208081,-2.77944324212,-57.8300209065,12.1579832368,-29.3099339497,-1.02294218115,296.649340533,-0.724592139782,45.4257124126,-1.52274420491,0,0,-9.81,1.79651007507,-5.99671083359e-05,0.34196487134,0.671697355748,0.0436723699485,0.105909735065,-29.3099339497,-1.02294218115,296.649340533,-1.30654681535,45.3509680765,2.81456245732,0,0,0,-1,0,0,0,1.42387097679,-5.17091103554,-4.43898557521,8.88432442091,-9.66103174346,-4.50781589294,3.42318503993,0,0,0,0,0,0,2.00207557988,-0.141830924685,0.0397356951699,0,0,0,-44.6075613135,18.2544375221,-64.4150225578,-0.655447306512,6.31366567067,-80.2001381628,0.446630782638,-6.27848923728,82.4983330455,0.446630782638,-6.27848923728,82.4983330455,1.98262982222,0.092655238499,0.0208576317619,82.4983330455,0,0,-31.7816315378,1.89506821674,-97.5099670557,-2.97425504917,-2.72459274375,-102.496768062,7.9556791804,-1.32902963204,117.059962808,7.9556791804,-1.32902963204,117.059962808,1.51931301761,-0.159241793114,0.00817020914619,117.059962808,0,0,-32.3595466611,5.50274929793,-71.5940771755,14.8043554438,-1.66661499667,-77.338126761,-37.7122439127,6.58457668817,97.0910446793,-37.7122439127,6.58457668817,97.0910446793,1.59610373928,0.108270319761,0.0204993870413,97.0910446793,0,0,15.206408,0,0,-0.0045786337114,-0.427301079152,0.0680422042515,0,15.206408,0,0.431551804073,-0.00699407427801,-0.0198957623906,0,0,15.206408,-0.0266286408972,0.0130337628428,-0.00077250924492,-0.0045786337114,0.431551804073,-0.0266286408972,0.213028074623,-0.005593039368,-0.0219991410735,-0.427301079152,-0.00699407427801,0.0130337628428,-0.005593039368,0.532525316889,-0.00744834834344,0.0680422042515,-0.0198957623906,-0.00077250924492,-0.0219991410735,-0.00744834834344,0.534062866891,-32.0437906636,-0.554762367455,142.397187251,-0.124539246487,45.4747013795,-1.65019762855,-2.73385671382,0.46817981368,-154.252153283,0.600052893297,0.0489889668658,-0.127453423643,2.73385671382,-0.46817981368,154.252153283,-0.600052893297,-0.0489889668658,0.127453423643,0,0,0,0,0,0,0,0,0,0,0,0,0,0,0,0,0,0,-1.16404663686e-10,1.9195089962e-11,-8.01492205937e-11,-8.99946783761e-13,2.74340550277e-11,5.8699711758e-12,-32.0437906636,-0.554762367455,142.397187251,-0.124539246487,45.4747013795,-1.65019762855,-0.467718614497,-0.377223760753,-0.272335910036,-2.49522971119,5.04330962429,2.12211167618,6.54292232021,15.5754677073,-1.54186060346,-5.56975562639,0.67986580839,-4.8445554543,-2.73385671382,0.46817981368,-154.252153283,0.600052893297,0.0489889668658,-0.127453423643,-1.87168931395,0.0335616843741,9.91094372992,-2.69522971119,4.84330962429,2.32211167618,-2.36669199829,1.67006434564,3.90940351441,7.79012376223,-5.72963522565,5.04954686754,-29.3099339497,-1.02294218115,296.649340533,-0.724592139782,45.4257124126,-1.52274420491,1.40397069946,-0.410785445127,-10.18327964,0.2,0.2,-0.2,8.90961431849,13.9054033616,-5.4512641179,-13.3598793886,6.40950103403,-9.89410232184,0,0,0,0,0,0,-1.0090264082,0.491713225842,9.70779323578,-4.27546882629,4.33943414688,2.44438099861,-1.40008890629,1.3394831419,4.19289016724,6.6329536438,-5.14397001266,5.50597763062
20.214,10106,15.206408,1.79997377779,0.00191879055979,0.37105538816,0.998757906412,0.0489115677436,-0.00692307238432,0.00650953061247,0.65831164415,0.0545847155387,0.176188322507,0.0771959169338,-0.832101915983,0.493891820694,1.76513169424,0.236688136136,3.81297494796,-2.30070035334,-44.1249181594,7.85838638604,-20.3714254494,-0.71573907159,256.872192715,-1.74115483002,36.4357445043,-2.09067337652,0,0,-9.81,1.79784532537,2.71634448403e-05,0.342214706214,0.667767108952,0.0435317438719,0.125197168668,-20.3714254494,-0.71573907159,256.872192715,-2.20242731704,36.443459928,1.4105159636,0,0,0,-1,0,0,0,1.42522580407,-4.81459865564,-4.54533788728,10.9988529941,-10.758629816,-4.59199479023,5.28967789558,0,0,0,0,0,0,2.00493625423,-0.142572849089,0.0384431658172,0,0,0,-40.5940913666,17.2795277569,-58.481175583,-0.937141275584,6.39068500358,-72.9711665136,0.726798143014,-6.34622500224,75.3723618321,0.726798143014,-6.34622500224,75.3723618321,1.98270348055,0.0926615310729,0.0209155828302,75.3723618321,0,0,-28.0805328062,1.95199994236,-88.9370798157,-2.73190019038,-2.15915400341,-93.2201993559,6.62602518634,-1.06723315973,105.361313944,6.62602518634,-1.06723315973,105.361313944,1.518803409,-0.15892221448,0.00802910161611,105.361313944,0,0,-26.7130355377,2.79723202314,-53.8855160233,8.97917085205,-2.7896846434,-59.4697550199,-27.7242487787,6.69771909038,76.138516939,-27.7242487787,6.69771909038,76.138516939,1.5979254181,0.107897490651,0.0196595071861,76.138516939,0,0,15.206408,0,0,-0.00476342143359,-0.42852103098,0.0689064444002,0,15.206408,0,0.432915066505,-0.00705500389862,-0.0188033104643,0,0,15.206408,-0.0269509082542,0.0126529499898,-0.000787135403361,-0.00476342143359,0.432915066505,-0.0269509082542,0.213648154547,-0.00554303740776,-0.0220373405314,-0.42852103098,-0.00705500389862,0.0126529499898,-0.00554303740776,0.533013990382,-0.00766541327161,0.0689064444002,-0.0188033104643,-0.000787135403361,-0.0220373405314,-0.00766541327161,0.534042602775,-22.5249352228,-0.214919700392,103.434443738,-1.10774461892,36.5379819882,-2.29658059155,-2.15350977336,0.500819371197,-153.437748977,0.633410211098,0.102237483847,-0.205907215037,2.15350977336,-0.500819371197,153.437748977,-0.633410211098,-0.102237483847,0.205907215037,0,0,0,0,0,0,0,0,0,0,0,0,0,0,0,0,0,0,-3.0162539133e-12,6.30162588777e-13,-2.78532752418e-12,-4.92939022934e-14,5.54223333893e-13,1.36779476634e-13,-22.5249352228,-0.214919700392,103.434443738,-1.10774461892,36.5379819882,-2.29658059155,-0.410058381014,-0.198025863313,-0.313583145471,-2.80700679861,6.18421771924,1.32530604868,5.13238027307,12.8519648934,-1.65568906107,-4.32290378731,0.725661981133,-4.00798917701,-2.15350977336,0.500819371197,-153.437748977,0.633410211098,0.102237483847,-0.205907215037,-1.47027700677,0.218113951659,8.97411310896,-3.00700679861,5.98421771924,1.52530604868,-2.437654262,2.60639714607,2.99549230669,7.60127576363,-5.45650262649,4.59892987987,-20.3714254494,-0.71573907159,256.872192715,-1.74115483002,36.4357445043,-2.09067337652,1.06021862576,-0.416139814972,-9.28769625443,0.2,0.2,-0.2,7.57003453507,10.2455677473,-4.65118136777,-11.9241795509,6.18216460763,-8.60691905687,0,0,0,0,0,0,-0.609653174877,0.673656523228,8.76594734192,-4.60399007797,5.51413917542,1.68001723289,-1.490046978,2.41430711746,3.27761459351,6.43422985077,-4.90160942078,4.99332809448
20.216,10107,15.206408,1.8012991165,0.00202940605468,0.371415957198,0.99873829746,0.0494231937305,-0.00594013149062,0.00662389208678,0.662669358559,0.0553077474452,0.180284519017,0.072577577775,-0.920842117549,0.509279094609,2.19044173782,0.362021331553,2.02134293169,-1.84033221036,-31.8307599528,3.68629411982,-11.7112824139,0.171763204933,228.088662838,-2.79452869259,28.4876794069,-2.60593884967,0,0,-9.81,1.79917515805,0.00011409919278,0.34249278389,0.665027927484,0.0434328359878,0.139276902854,-11.7112824139,0.171763204933,228.088662838,-3.14936108372,28.5693555793,0.147079709838,0,0,0,-1,0,0,0,1.4261421261,-4.30394997566,-4.82539850901,13.2930049931,-11.8423029252,-4.83384201285,7.4098765666,0,0,0,0,0,0,2.0075755608,-0.143406788152,0.0371683166168,0,0,0,-39.1930671926,16.8449250161,-55.7739020175,-1.53613076469,6.38146273201,-69.9106100437,1.38760391156,-6.32685479114,72.3331265142,1.38760391156,-6.32685479114,72.3331265142,1.9827760369,0.0926696044521,0.0209763287452,72.3331265142,0,0,-26.2727940575,2.00097681933,-84.8785569359,-2.87697523638,-1.85012836515,-88.8084065945,5.96632968304,-0.709723326069,98.8624935765,5.96632968304,-0.709723326069,98.8624935765,1.51841257801,-0.158668935061,0.00806524831797,98.8624935765,0,0,-21.3878808825,-0.0448835480579,-37.4166630988,3.72889895253,-4.12212421935,-42.7381977293,-19.0652160085,7.20834132215,56.8930427477,-19.0652160085,7.20834132215,56.8930427477,1.59940568217,0.107600110949,0.0190364261982,56.8930427477,0,0,15.206408,0,0,-0.00495647686195,-0.429540911711,0.0697832843434,0,15.206408,0,0.434080496895,-0.00712716013781,-0.0178146810549,0,0,15.206408,-0.0272882324632,0.012460424564,-0.000825565733129,-0.00495647686195,0.434080496895,-0.0272882324632,0.214225297086,-0.00547813120715,-0.0220663986786,-0.429540911711,-0.00712716013781,0.012460424564,-0.00547813120715,0.53347232008,-0.00788066522624,0.0697832843434,-0.0178146810549,-0.000825565733129,-0.0220663986786,-0.00788066522624,0.534075941823,-13.4050678331,0.695951737068,75.2867859886,-2.14836452745,28.6012954267,-2.85870446404,-1.69378541919,0.524188532135,-152.80187685,0.646164165138,0.113616019878,-0.252765614367,1.69378541919,-0.524188532135,152.80187685,-0.646164165138,-0.113616019878,0.252765614367,0,0,0,0,0,0,0,0,0,0,0,0,0,0,0,0,0,0,-6.87450096848e-13,2.18380868944e-13,-9.66338120634e-13,-2.26485497024e-14,4.61852778244e-14,2.30926389122e-14,-13.4050678331,0.695951737068,75.2867859886,-2.14836452745,28.6012954267,-2.85870446404,-0.331090116402,-0.10003547668,-0.281435534056,-3.29105006266,7.3408012819,0.438880284618,3.98931663921,10.6481585564,-1.70836048012,-3.28749262731,0.673874410089,-3.27154424617,-1.69378541919,0.524188532135,-152.80187685,0.646164165138,0.113616019878,-0.252765614367,-1.25519539022,0.475539137251,8.71234195039,-3.49105006266,7.1408012819,0.638880284618,-2.52356395913,3.55176083687,2.12466015798,7.75631026855,-5.4035772761,4.5894669679,-11.7112824139,0.171763204933,228.088662838,-2.79452869259,28.4876794069,-2.60593884967,0.924105273823,-0.575574613931,-8.99377748444,0.2,0.2,-0.2,6.51288059834,7.09639771955,-3.8330206381,-11.0438028959,6.07745168619,-7.86101121407,0,0,0,0,0,0,-0.395677119493,0.931219100952,8.49825191498,-5.09722948074,6.72169160843,0.816946148872,-1.58983898163,3.46793961525,2.39085149765,6.58161306381,-4.86904382706,4.93111419678
20.218,10108,15.206408,1.80263448309,0.00214209724059,0.371776829318,0.998717481939,0.0499385017676,-0.00491528732327,0.00673626465507,0.667683292586,0.0563455929563,0.180436060209,0.0688626232774,-0.98493425918,0.516294084279,2.5203137066,0.518469537674,0.0483017715918,-2.0424127871,-20.6619544322,2.2147015696,-5.80595998458,1.97218137288,198.072366116,-3.52948164624,21.8012224863,-3.39351700327,0,0,-9.81,1.80050186124,0.000201076281165,0.342791549283,0.663438265586,0.0434532433532,0.149586849249,-5.80595998458,1.97218137288,198.072366116,-3.79213404639,21.9834580636,-1.27035080978,0,0,0,-1,0,0,0,1.42705992719,-3.9881342996,-4.88751200191,15.6223065946,-13.0845310397,-4.84710611236,9.44193104722,0,0,0,0,0,0,2.00998248077,-0.144337808061,0.035951208217,0,0,0,-36.0552848916,16.0328383526,-52.5685109779,-0.940672871807,6.22146820534,-65.4285280944,0.831536052287,-6.15461232122,67.8866425735,0.831536052287,-6.15461232122,67.8866425735,1.98284780916,0.0926791438997,0.0210398081592,67.8866425735,0,0,-23.4145753944,0.989979430028,-80.5378188625,-1.93623028014,-2.58484488851,-83.8160620436,4.34379522518,0.568488535505,92.1534372695,4.34379522518,0.568488535505,92.1534372695,1.51811669658,-0.158468508503,0.00824101133764,92.1534372695,0,0,-16.2580139755,-2.59639947628,-20.7623051812,-1.64123896504,-5.13909005357,-25.9428933079,-10.981291262,7.5583051586,38.0322862726,-10.981291262,7.5583051586,38.0322862726,1.60061110217,0.107361852248,0.0185954845606,38.0322862726,0,0,15.206408,0,0,-0.00515548442193,-0.43036727689,0.0706698163275,0,15.206408,0,0.435053726815,-0.00721060929214,-0.0169429619996,0,0,15.206408,-0.0276446397451,0.0124472774832,-0.000886116533532,-0.00515548442193,0.435053726815,-0.0276446397451,0.214757309883,-0.00540385782542,-0.0220975322479,-0.43036727689,-0.00721060929214,0.0124472774832,-0.00540385782542,0.53389204752,-0.00809111023058,0.0706698163275,-0.0169429619996,-0.000886116533532,-0.0220975322479,-0.00809111023058,0.53415164233,-7.12259956036,2.50097721364,45.7879129337,-2.88666672036,21.8957981308,-3.66907037617,-1.31663957578,0.528795840764,-152.284453182,0.642814925873,0.094575644552,-0.275553372901,1.31663957578,-0.528795840764,152.284453182,-0.642814925873,-0.094575644552,0.275553372901,0,0,0,0,0,0,0,0,0,0,0,0,0,0,0,0,0,0,-6.66133814775e-14,3.28626015289e-14,-1.98951966013e-13,-9.32587340685e-15,-1.42108547152e-14,2.22044604925e-15,-7.12259956036,2.50097721364,45.7879129337,-2.88666672036,21.8957981308,-3.66907037617,-0.29682792979,0.0103855503735,-0.282665408577,-3.62618515471,8.55967516274,-0.485660534533,2.98793973357,8.92204909188,-1.77100615812,-2.41740947277,0.667318536326,-2.73338762214,-1.31663957578,0.528795840764,-152.284453182,0.642814925873,0.094575644552,-0.275553372901,-1.08960408818,0.309983233849,8.00994229821,-3.82618515471,8.35967516274,-0.285660534533,-2.44952963886,4.75763658998,1.20493628374,7.38295905546,-5.61783251417,4.19577382341,-5.80595998458,1.97218137288,198.072366116,-3.52948164624,21.8012224863,-3.39351700327,0.79277615839,-0.299597683475,-8.29260770679,0.2,0.2,-0.2,5.43746937243,4.1644125019,-2.97594244186,-9.80036852823,6.2851510505,-6.92916144554,0,0,0,0,0,0,-0.230477079749,0.767705142498,7.79049110413,-5.4348154068,8.00658988953,-0.0957755967975,-1.52594089508,4.75988292694,1.44644844532,6.20250511169,-5.09587955475,4.49360609055
20.22,10109,15.206408,1.80398149358,0.00225757508377,0.372130886261,0.998695678114,0.050449159138,-0.00386790018775,0.00684574370753,0.673505245575,0.0577389215877,0.177028471524,0.0647287812442,-1.02664835991,0.520300199421,2.92630213822,0.695139678509,-1.73272573794,-2.03793420082,-11.0100903009,-1.97823375725,0.262484777798,3.49004238063,172.419723889,-4.61150774805,16.0486324369,-3.99834506167,0,0,-9.81,1.80182699557,0.000288572338697,0.343103117159,0.662632870772,0.0437143444311,0.155959087124,0.262484777798,3.49004238063,172.419723889,-4.79811789567,16.3064403037,-2.42681670456,0,0,0,-1,0,0,0,1.42797666215,-3.51976195042,-5.23455473778,18.1622355354,-14.3251400843,-5.12285501351,11.7559689184,0,0,0,0,0,0,2.01214396661,-0.145366439404,0.0348308089964,0,0,0,-33.525800984,15.2808589275,-49.1812344794,-0.92087326287,6.08979144109,-61.1420006111,0.834073904496,-6.00631225639,63.620481827,0.834073904496,-6.00631225639,63.620481827,1.98291913914,0.092689897647,0.0211064096746,63.620481827,0,0,-21.786101951,0.524801186201,-78.3668603576,-1.52920006796,-2.89843168788,-81.2744430785,3.41835749631,1.32030721712,88.1547595172,3.41835749631,1.32030721712,88.1547595172,1.5178967995,-0.158310298748,0.00852572770749,88.1547595172,0,0,-11.4974089732,-5.32943454866,-5.25889280842,-6.50207491806,-6.4267890016,-10.2307694805,-3.98994662301,8.17604741991,20.6444825446,-3.98994662301,8.17604741991,20.6444825446,1.60159486261,0.107169183335,0.0183079822199,20.6444825446,0,0,15.206408,0,0,-0.00535707261122,-0.43100023161,0.0715653223207,0,15.206408,0,0.435834710135,-0.00730487139639,-0.0162046619451,0,0,15.206408,-0.0280223472503,0.0126097055749,-0.000967867706062,-0.00535707261122,0.435834710135,-0.0280223472503,0.215239752233,-0.00532581376036,-0.0221406147493,-0.43100023161,-0.00730487139639,0.0126097055749,-0.00532581376036,0.534263983069,-0.00829389477702,0.0715653223207,-0.0162046619451,-0.000967867706062,-0.0221406147493,-0.00829389477702,0.534260159614,-0.736908029669,3.99513379584,20.5777405423,-3.98640023222,16.103705112,-4.28203271601,-0.999392807466,0.505091415209,-151.841983347,0.625107515834,0.0550726751277,-0.283687654336,0.999392807466,-0.505091415209,151.841983347,-0.625107515834,-0.0550726751277,0.283687654336,0,0,0,0,0,0,0,0,0,0,0,0,0,0,0,0,0,0,-2.975397706e-13,-1.42996725572e-13,-9.00968188944e-12,-1.02051700424e-12,-1.65201186064e-12,2.3581137043e-13,-0.736908029669,3.99513379584,20.5777405423,-3.98640023222,16.103705112,-4.28203271601,-0.254147840788,0.120248528994,-0.296284721493,-4.15549140893,9.82390804801,-1.51636835099,2.09915971116,7.59154707759,-1.84701353967,-1.66039128628,0.62694429023,-2.27985408722,-0.999392807466,0.505091415209,-151.841983347,0.625107515834,0.0550726751277,-0.283687654336,-0.91340175418,0.358254983396,7.43259665792,-4.35549140893,9.62390804801,-1.31636835099,-2.46955568824,5.95717679454,0.268844128248,7.39797435004,-5.80940498656,4.06351663912,0.262484777798,3.49004238063,172.419723889,-4.61150774805,16.0486324369,-3.99834506167,0.659253913392,-0.238006454402,-7.72888137941,0.2,0.2,-0.2,4.5687153994,1.63437028304,-2.11585766792,-9.05836563632,6.43634927679,-6.34337072635,0,0,0,0,0,0,-0.0543408021331,0.81975209713,7.20761203766,-5.95833206177,9.35052394867,-1.1284301281,-1.55442595482,6.02995157242,0.479774624109,6.21273136139,-5.29360342026,4.32377624512
20.222,10110,15.206408,1.80534158697,0.00237623804309,0.372472492235,0.998673203721,0.0509471376074,-0.00280789716463,0.0069524854084,0.680046697115,0.0593314796594,0.170802986993,0.0605906600224,-1.04902379684,0.51587773108,3.28821561851,0.794259882928,-3.14393127088,-1.76024313349,-6.09397871128,-5.98027095085,3.80932042041,2.34918531452,152.692519995,-6.12464504963,12.6841480421,-3.9904245143,0,0,-9.81,1.803152164,0.000376991854665,0.343420748413,0.662632576344,0.0441801112515,0.15896587932,3.80932042041,2.34918531452,152.692519995,-6.27420366961,12.9393512745,-2.74407238453,0,0,0,-1,0,0,0,1.42889119397,-3.08693228744,-5.72544855246,20.8708618059,-15.6792786025,-5.52084058019,14.1980043101,0,0,0,0,0,0,2.0140481469,-0.146498520474,0.0338515133939,0,0,0,-30.7888985707,14.5256191247,-45.3086127026,-0.96413544484,6.03596936431,-56.3423267878,0.849050238605,-5.94063016837,58.8258877075,0.849050238605,-5.94063016837,58.8258877075,1.9829902089,0.0927016877378,0.0211763416143,58.8258877075,0,0,-20.1867124597,0.716603763033,-76.2625762279,-1.07053456154,-2.56920790755,-78.8432022452,2.60553912584,1.33376458573,84.5420574483,2.60553912584,1.33376458573,84.5420574483,1.51773777795,-0.158185729979,0.00889350619506,84.5420574483,0,0,-8.17880345415,-6.64873373558,5.17315902665,-9.59090144998,-6.76117880311,0.401411400499,0.354731055966,6.95605089716,9.32457483889,0.354731055966,6.95605089716,9.32457483889,1.6023990149,0.10700852419,0.0181505322002,9.32457483889,0,0,15.206408,0,0,-0.00555854164777,-0.431434762137,0.0724661528449,0,15.206408,0,0.436417946401,-0.0074101013422,-0.0156178737972,0,0,15.206408,-0.0284258617006,0.0129479323365,-0.00107027046339,-0.00555854164777,0.436417946401,-0.0284258617006,0.215667105563,-0.00524879395776,-0.0222054913561,-0.431434762137,-0.0074101013422,0.0129479323365,-0.00524879395776,0.534578489517,-0.00848575877627,0.0724661528449,-0.0156178737972,-0.00107027046339,-0.0222054913561,-0.00848575877627,0.534393439154,3.0724287228,2.7940060539,1.23031553132,-5.52848297985,12.6887240437,-4.27265571757,-0.736891697615,0.444820739386,-151.462204463,0.596162069787,0.00457600159324,-0.282231203268,0.736891697615,-0.444820739386,151.462204463,-0.596162069787,-0.00457600159324,0.282231203268,0,0,0,0,0,0,0,0,0,0,0,0,0,0,0,0,0,0,3.10862446895e-15,-1.58006940865e-12,-2.33058017329e-12,-8.40216785036e-13,-4.31654711974e-13,3.67261776546e-13,3.0724287228,2.7940060539,1.23031553132,-5.52848297985,12.6887240437,-4.27265571757,-0.259969947673,0.219765961349,-0.351521184918,-4.76467406011,11.1481466768,-2.62588195181,0.896904700262,6.93016400006,-2.19656183739,-1.07908717757,0.503990409899,-1.8600492196,-0.736891697615,0.444820739386,-151.462204463,0.596162069787,0.00457600159324,-0.282231203268,-0.734259853519,0.408590274565,6.75020647831,-4.96467406011,10.9481466768,-2.42588195181,-2.49968526647,7.24233886395,-0.714422272393,7.56008219717,-6.05956066742,3.96012063646,3.80932042041,2.34918531452,152.692519995,-6.12464504963,12.6841480421,-3.9904245143,0.474289905845,-0.188824313217,-7.10172766323,0.2,0.2,-0.2,3.39658996674,-0.312174863889,-1.482139565,-8.63916937474,6.56355107732,-5.82016985606,0,0,0,0,0,0,0.125478029251,0.875454604626,6.51917314529,-6.55467367172,10.7658815384,-2.25727105141,-1.5916737318,7.37492132187,-0.538500249386,6.37154245377,-5.54469776154,4.18835544586
20.224,10111,15.206408,1.80671639298,0.00249824241011,0.372798271035,0.998650175967,0.0514296548768,-0.0017399319122,0.00705615170309,0.687403001474,0.0610021835128,0.162889399847,0.0570082464004,-1.06153704495,0.503365846622,3.69838719711,0.833925365871,-3.99169357574,-1.84585446443,-3.76542188843,-7.30620273107,5.5618150481,-1.11975109413,142.791954889,-7.73207918274,11.4393688957,-3.42125952602,0,0,-9.81,1.80447830643,0.000466040716265,0.343739262677,0.663105918982,0.0445015812024,0.159386671611,5.5618150481,-1.11975109413,142.791954889,-7.87657179983,11.6219970426,-2.28867371835,0,0,0,-1,0,0,0,1.42980450538,-2.17613756051,-6.42495464122,23.207814449,-16.4047909904,-6.09486771678,16.6839350394,0,0,0,0,0,0,2.01568210165,-0.147742245802,0.033060325225,0,0,0,-29.3859853141,14.2200807525,-42.2020225823,-1.67615461399,6.2131591293,-52.9655048014,1.55810711833,-6.11108467375,55.4346683924,1.55810711833,-6.11108467375,55.4346683924,1.98306095931,0.092714430847,0.021249861316,55.4346683924,0,0,-19.2517966087,1.24388873958,-74.7654237504,-1.05788533867,-1.95030431716,-77.1824119351,2.36693898607,0.992831431045,81.9123586958,2.36693898607,0.992831431045,81.9123586958,1.51762776137,-0.158087843209,0.00932334852173,81.9123586958,0,0,-7.26198565991,-6.55320683995,10.3285935113,-11.6734598309,-6.22511095915,5.22868326217,1.6367689437,3.99850214857,5.44492780035,1.6367689437,3.99850214857,5.44492780035,1.60305234645,0.106848797369,0.0181165911192,5.44492780035,0,0,15.206408,0,0,-0.00575893328443,-0.431664089329,0.0733745661747,0,15.206408,0,0.436797159697,-0.007527755467,-0.0151999621782,0,0,15.206408,-0.0288654357527,0.0134696555908,-0.00119401502922,-0.00575893328443,0.436797159697,-0.0288654357527,0.216031118423,-0.00517798230602,-0.0223018794729,-0.431664089329,-0.007527755467,0.0134696555908,-0.00517798230602,0.534825300753,-0.00866472753462,0.0733745661747,-0.0151999621782,-0.00119401502922,-0.0223018794729,-0.00866472753462,0.534544239014,5.03173570159,-0.776987927729,-8.35428970683,-7.17191852398,11.3928970885,-3.70434100726,-0.530079346097,0.342763166656,-151.146244595,0.560160658843,-0.0464718072103,-0.283081481474,0.530079346097,-0.342763166656,151.146244595,-0.560160658843,0.0464718072103,0.283081481474,0,0,0,0,0,0,0,0,0,0,0,0,0,0,0,0,0,0,-4.08545197672e-10,-2.50913068101e-10,-8.64929461386e-10,-8.50102210848e-11,-3.80815379231e-11,2.27501129046e-10,5.03173570159,-0.776987927729,-8.35428970683,-7.17191852398,11.3928970885,-3.70434100726,-0.278184481788,0.269731005738,-0.376613672271,-5.51327805082,12.1249340201,-3.82396323821,-0.552338274787,7.7729602728,-2.95372855322,-0.662179597358,0.324131384606,-1.46274736561,-0.530079346097,0.342763166656,-151.146244595,0.560160658843,-0.0464718072103,-0.283081481474,-0.533541441154,0.666977209708,6.41069393376,-5.71327805082,12.3249340201,-3.62396323821,-2.58933107539,8.55258097658,-1.74021690382,7.8038296325,-6.22385956752,4.03285745632,5.5618150481,-1.11975109413,142.791954889,-7.73207918274,11.4393688957,-3.42125952602,0.255356959365,-0.397246203969,-6.78730760603,0.2,-0.2,-0.2,2.03699280066,-0.779620704082,-1.21351164963,-8.46600922982,6.54799095232,-5.49560482184,0,0,0,0,0,0,0.327607125044,1.14039945602,6.17215251923,-7.28397989273,12.2423963547,-3.49617314339,-1.69237935543,8.73961639404,-1.60766720772,6.6134762764,-5.70703172684,4.23473405838
20.226,10112,15.206408,1.80810744936,0.00262352812785,0.373105090449,0.998626569208,0.0518970168505,-0.000668067345838,0.00715741567796,0.695528190518,0.062642858867,0.153409706952,0.053277221097,-1.069400509,0.488051147526,4.0862105671,0.819200930404,-4.77888432983,-1.41157859574,-1.73582641735,-7.11496313938,4.22471321344,-3.46475347024,135.771189626,-8.63613925122,11.6012767087,-3.18914249812,0,0,-9.81,1.80580589348,0.00055481384153,0.344056068474,0.66381952389,0.0443739572929,0.158517957807,4.22471321344,-3.46475347024,135.771189626,-8.79203483871,11.7462533031,-2.01712891156,0,0,0,-1,0,0,0,1.43071927037,-2.30288927144,-7.02681750755,25.9781952985,-18.1894937033,-6.57096354654,18.8549953894,0,0,0,0,0,0,2.01704576559,-0.149109220209,0.0325066536823,0,0,0,-27.4695331904,14.0737013666,-40.2504700145,-1.3065671751,6.45861453631,-50.2923835261,1.20300318692,-6.3520887795,52.7359625831,1.20300318692,-6.3520887795,52.7359625831,1.98313133287,0.092728083789,0.0213266867259,52.7359625831,0,0,-17.4192492654,1.77638524451,-73.3810137102,-0.10387392292,-1.31603514082,-75.429544771,1.23819130872,0.57080793699,79.3708473383,1.23819130872,0.57080793699,79.3708473383,1.51755737685,-0.158010981993,0.00979805372403,79.3708473383,0,0,-7.44288810479,-6.44662613669,13.8948919617,-13.7543639835,-5.86216348024,8.15328800269,1.7835187178,2.31652737226,3.66437970426,1.7835187178,2.31652737226,3.66437970426,1.60354981495,0.106641246564,0.0182265377975,3.66437970426,0,0,15.206408,0,0,-0.00595730753488,-0.431675123101,0.0743023760075,0,15.206408,0,0.436961326226,-0.00765976708136,-0.0149737582086,0,0,15.206408,-0.0293567967673,0.0141925864388,-0.00134129758161,-0.00595730753488,0.436961326226,-0.0293567967673,0.216319503922,-0.00511772234011,-0.0224390799416,-0.431675123101,-0.00765976708136,0.0141925864388,-0.00511772234011,0.534997687172,-0.00883115546216,0.0743023760075,-0.0149737582086,-0.00134129758161,-0.0224390799416,-0.00883115546216,0.534712657463,3.82636139969,-3.27643836135,-15.1540064883,-8.11492857754,11.5147692332,-3.488761796,-0.398351813723,0.188315108909,-150.925196114,0.521210673673,-0.0865074754984,-0.299619297881,0.398351813723,-0.188315108909,150.925196114,-0.521210673673,0.0865074754984,0.299619297881,0,0,0,0,0,0,0,0,0,0,0,0,0,0,0,0,0,0,-2.05009342835e-11,-1.29527499837e-11,-8.76809735928e-11,6.06448224971e-12,-1.81383796871e-11,8.881784197e-14,3.82636139969,-3.27643836135,-15.1540064883,-8.11492857754,11.5147692332,-3.488761796,-0.308596685504,0.300434677819,-0.390937884494,-6.2253851952,13.6082858814,-4.66114781863,-1.26987512139,9.22993622452,-3.44340068672,-0.322051681311,0.183370711784,-1.16088683981,-0.398351813723,0.188315108909,-150.925196114,0.521210673673,-0.0865074754984,-0.299619297881,-0.354395905009,0.515329710827,5.95582293546,-6.4253851952,13.8082858814,-4.86114781863,-2.5613549348,10.0677699568,-2.83546184678,8.01067907864,-6.68381206787,3.82701619096,4.22471321344,-3.46475347024,135.771189626,-8.63613925122,11.6012767087,-3.18914249812,0.0457992195054,-0.214895033008,-6.34676081995,0.2,-0.2,0.2,1.29147981342,-0.837833732314,-0.607938839948,-8.33273075996,6.86718277965,-4.98790303077,0,0,0,0,0,0,0.508541941643,0.996044754982,5.70897197723,-7.9730463028,13.8275442123,-4.79999732971,-1.68344509602,10.3145017624,-2.76424407959,6.8192358017,-6.16374397278,4.00837087631
20.228,10113,15.206408,1.80951652712,0.00275215665984,0.373389440836,0.998602416029,0.0523487835718,0.000404502980514,0.00725644111399,0.704538880324,0.0643142659982,0.142175193576,0.0504247582406,-1.07324275721,0.473011649834,4.53287163205,0.834682476261,-5.66218879515,-1.26259457378,-0.124871537505,-7.28226672464,2.852002552,-5.49529968364,129.736758726,-9.71857828368,12.1467489962,-2.93830111082,0,0,-9.81,1.80713458764,0.000642706690349,0.344369339846,0.664371596592,0.0439499610017,0.156746513409,2.852002552,-5.49529968364,129.736758726,-9.89031827724,12.2464073076,-1.68374608607,0,0,0,-1,0,0,0,1.43163760807,-1.64700611953,-7.67340540938,29.245021102,-19.6675164194,-7.02290731909,21.9256153773,0,0,0,0,0,0,2.01811537202,-0.150609210219,0.0322304653795,0,0,0,-25.9255924736,13.9628756336,-37.8534297218,-1.47281257048,6.76016572637,-47.4564154277,1.3663790869,-6.64596918147,49.8787011544,1.3663790869,-6.64596918147,49.8787011544,1.98320152187,0.0927426521098,0.0214063310332,49.8787011544,0,0,-16.4257595231,2.18426395526,-73.2488319596,0.351550337675,-0.875801660342,-75.0937903704,0.646709147825,0.302868663179,78.365491535,0.646709147825,0.302868663179,78.365491535,1.51751933665,-0.157950630418,0.010303701862,78.365491535,0,0,-6.63268890276,-6.73048668782,17.9141200531,-15.2176759237,-5.78297678159,12.04936635,0.838914317277,0.847800834649,1.49256603698,0.838914317277,0.847800834649,1.49256603698,1.60386178765,0.106359262566,0.0185005603661,1.49256603698,0,0,15.206408,0,0,-0.00615365823002,-0.431447190957,0.0752554130918,0,15.206408,0,0.436891657837,-0.00781007648185,-0.0149724547472,0,0,15.206408,-0.0299076128235,0.0151452045486,-0.00151571996345,-0.00615365823002,0.436891657837,-0.0299076128235,0.216520968101,-0.00507124167597,-0.0226268738976,-0.431447190957,-0.00781007648185,0.0151452045486,-0.00507124167597,0.535089713819,-0.008984290587,0.0752554130918,-0.0149724547472,-0.00151571996345,-0.0226268738976,-0.008984290587,0.534901296381,2.47606890806,-5.55122256618,-21.1232485629,-9.24493172647,12.0362790152,-3.26886175178,-0.375933644716,-0.0559228826479,-150.860007289,0.473646557176,-0.110469980744,-0.330560641096,0.375933644716,0.0559228826479,150.860007289,-0.473646557176,0.110469980744,0.330560641096,0,0,0,0,0,0,0,0,0,0,0,0,0,0,0,0,0,0,7.71572583602e-10,1.06525455124e-10,-1.23577592603e-10,3.84545728593e-11,-3.11290548893e-10,1.41500144935e-10,2.47606890806,-5.55122256618,-21.1232485629,-9.24493172647,12.0362790152,-3.26886175178,-0.34787386321,0.346014649924,-0.422306950395,-7.06870982684,15.1552626012,-5.97512292557,-1.97640275181,11.1071945681,-4.12755021109,-0.0265921218912,0.059423075146,-0.916857916629,-0.375933644716,-0.0559228826479,-150.860007289,0.473646557176,-0.110469980744,-0.330560641096,-0.15540212309,0.576776863782,5.57070827406,-7.26870982684,15.3552626012,-6.17512292557,-2.58407638562,11.6069541531,-3.97850952097,8.28808476654,-7.05635488923,3.77809323799,2.852002552,-5.49529968364,129.736758726,-9.71857828368,12.1467489962,-2.93830111082,-0.19247174012,-0.230762213858,-5.99301522446,0.2,-0.2,0.2,0.607673633816,-0.499759584995,-0.149040690141,-8.31467688848,7.1157779647,-4.69495115443,0,0,0,0,0,0,0.709367930889,1.06532657146,5.3149971962,-8.79104423523,15.4791402817,-6.20613384247,-1.72301101685,11.9204053879,-3.98641562462,7.09591579437,-6.53194284439,3.94334721565
20.23,10114,15.206408,1.81094543795,0.00288417722386,0.373647733652,0.99857771717,0.0527853621197,0.00147516636713,0.0073533802447,0.714455418189,0.0660102820063,0.12914640788,0.0478856660224,-1.07390867697,0.457511705047,4.98971767133,0.846962717407,-6.56606582513,-1.12501234992,1.20261057271,-7.02971505992,1.63139557908,-6.82227486204,125.198812244,-10.6015683532,12.9868663945,-2.8864956835,0,0,-9.81,1.80846405098,0.000729203808018,0.344677520718,0.664766295193,0.0432773639703,0.154212474062,1.63139557908,-6.82227486204,125.198812244,-10.7926367541,13.0619969369,-1.51229479381,0,0,0,-1,0,0,0,1.43256141341,-0.87527906525,-8.344796335,32.7144943519,-21.1677380751,-7.44872102223,25.240509106,0,0,0,0,0,0,2.01887818799,-0.15225144763,0.0322905425469,0,0,0,-24.381909835,13.8619825761,-35.4101781657,-1.64439163505,7.07930439231,-44.5835421578,1.53166903382,-6.9567352681,46.9878629775,1.53166903382,-6.9567352681,46.9878629775,1.98327154833,0.092758168169,0.0214884388106,46.9878629775,0,0,-15.6255386494,2.48997977124,-73.8253771354,0.789095487071,-0.57150416901,-75.4956586687,0.0997265452689,0.134460406062,78.2109492667,0.0997265452689,0.134460406062,78.2109492667,1.51750775936,-0.157903213188,0.0108285614421,78.2109492667,0,0,-5.9585720948,-7.16319645155,21.7228259165,-16.6459489363,-5.86530803774,15.7228393187,0,0,0,0,0,0,1.60395207077,0.105974684533,0.0189691468542,0,0,0,15.206408,0,0,-0.00634751521075,-0.430949880794,0.0762382876695,0,15.206408,0,0.436559819692,-0.0079824253048,-0.015232234394,0,0,15.206408,-0.0305259738927,0.0163594958538,-0.00172140653415,-0.00634751521075,0.436559819692,-0.0305259738927,0.21661981307,-0.00504160995073,-0.0228749290129,-0.430949880794,-0.0079824253048,0.0163594958538,-0.00504160995073,0.535093674868,-0.00912237626049,0.0762382876695,-0.015232234394,-0.00172140653415,-0.0228749290129,-0.00912237626049,0.535114996701,1.10146495599,-7.26168260689,-25.8304619625,-10.1929337243,12.878779444,-3.26645779707,-0.52993062225,-0.439407744972,-151.029274204,0.408634628441,-0.108086949855,-0.379962113448,0.52993062225,0.439407744972,151.029274204,-0.408634628441,0.108086949855,0.379962113448,0,0,0,0,0,0,0,0,0,0,0,0,0,0,0,0,0,0,-8.47032888274e-10,1.24571464255e-10,-2.8895073001e-09,5.04574160232e-10,-5.92795146304e-10,-1.15709664072e-10,1.10146495599,-7.26168260689,-25.8304619625,-10.1929337243,12.878779444,-3.26645779707,-0.394955232902,0.393863742468,-0.458838764472,-7.97944548089,16.7881180016,-7.33034907549,-2.39068195669,13.0349407194,-4.98175279886,0.223580896073,-0.0394243072587,-0.729622279314,-0.52993062225,-0.439407744972,-151.029274204,0.408634628441,-0.108086949855,-0.379962113448,0.0428431330065,0.647650011298,5.17981280323,-8.17944548089,16.9881180016,-7.53034907549,-2.59068195669,13.2349407194,-5.18175279886,8.57801249346,-7.46283329886,3.73304078641,1.63139557908,-6.82227486204,125.198812244,-10.6015683532,12.9868663945,-2.8864956835,-0.437798365909,-0.25378626883,-5.6386515677,0.2,-0.2,0.2,0.2,-0.2,0.2,-8.35443159776,7.42340899162,-4.462663066,0,0,0,0,0,0,0.909653306007,1.14468944073,4.91426038742,-9.67231750488,17.21600914,-7.69039869308,-1.73790132999,13.6217536926,-5.29441308975,7.38540840149,-6.93318510056,3.88578414917
20.232,10115,15.206408,1.81239395822,0.00301928716187,0.373879493909,0.998552473692,0.0532072081442,0.00254332309342,0.00744861005524,0.724260133105,0.0675549690076,0.115880128844,0.0456340007164,-1.0719732256,0.442401669731,4.93340002118,0.771315444902,-6.68377521841,-0.923009751871,1.48723269557,-6.81314822975,1.94183596555,-7.00006135266,122.973885128,-10.3952354436,12.5481518131,-2.80371877972,0,0,-9.81,1.80979399719,0.000813982363165,0.344979463192,0.665035313596,0.0424563883304,0.151127073784,1.94183596555,-7.00006135266,122.973885128,-10.5868286973,12.6180962279,-1.442421078,0,0,0,-1,0,0,0,1.43349217589,-0.849658692626,-8.24873576817,32.5214175926,-20.9524192874,-7.21348895945,25.2065044569,0,0,0,0,0,0,2.01932150249,-0.154044687212,0.0327500353919,0,0,0,-24.2953877293,13.8288055835,-35.2033456997,-1.82708317618,7.05616933053,-44.3581956202,1.74063239164,-6.94218962927,46.7036001226,1.74063239164,-6.94218962927,46.7036001226,1.98334142482,0.0927746898839,0.0215727336242,46.7036001226,0,0,-15.0210854824,2.7155635381,-72.3641712729,0.607720121742,-0.280208400195,-73.9535850241,0.201203573915,-0.0578717233872,76.2702850053,0.201203573915,-0.0578717233872,76.2702850053,1.51751795159,-0.157865905613,0.0113629494699,76.2702850053,0,0,-5.93255315986,-7.09827067298,21.5600698523,-16.4697197431,-5.78778615857,15.6737713568,0,0,0,0,0,0,1.60378896353,0.105468645008,0.0196714136196,0,0,0,15.206408,0,0,-0.00653836531121,-0.430145603732,0.0772524005202,0,15.206408,0,0.435930367558,-0.00818049426711,-0.0157888648624,0,0,15.206408,-0.0312168209608,0.0178672236607,-0.00196264146271,-0.00653836531121,0.435930367558,-0.0312168209608,0.216598961775,-0.00503149107063,-0.0231914730075,-0.430145603732,-0.00818049426711,0.0178672236607,-0.00503149107063,0.535000235328,-0.00924260523199,0.0772524005202,-0.0157888648624,-0.00196264146271,-0.0231914730075,-0.00924260523199,0.535359288978,0.991892110791,-8.02232450329,-28.5670545127,-10.0772718587,12.4824422748,-3.25367233306,-0.949943854763,-1.02226315063,-151.540939641,0.317963584887,-0.0657095382849,-0.449953553337,0.949943854763,1.02226315063,151.540939641,-0.317963584887,0.0657095382849,0.449953553337,0,0,0,0,0,0,0,0,0,0,0,0,0,0,0,0,0,0,1.487698853e-14,-2.6645352591e-15,1.42108547152e-14,5.3290705182e-15,-8.881784197e-15,5.77315972805e-15,0.991892110791,-8.02232450329,-28.5670545127,-10.0772718587,12.4824422748,-3.25367233306,-0.409006822203,0.367387887636,-0.427442791926,-8.0120235457,16.6890773212,-7.157411584,-2.40130397148,12.959389332,-4.84396483005,0.365903770017,-0.151953179901,-0.539964958653,-0.949943854763,-1.02226315063,-151.540939641,0.317963584887,-0.0657095382849,-0.449953553337,0.0406211735273,0.638514758114,5.19077640497,-8.2120235457,16.8890773212,-7.357411584,-2.60130397148,13.159389332,-5.04396483005,8.57833466928,-7.46887373857,3.74283485681,1.94183596555,-7.00006135266,122.973885128,-10.3952354436,12.5481518131,-2.80371877972,-0.44962799573,-0.271126870478,-5.6182191969,0.2,-0.2,0.2,0.2,-0.2,0.2,-8.21243089926,7.31692055866,-4.28279981546,0,0,0,0,0,0,0.909653306007,1.14468944073,4.91426038742,-9.67231750488,17.21600914,-7.69039869308,-1.73790132999,13.6217536926,-5.29441308975,7.38540840149,-6.93318510056,3.88578414917
20.234,10116,15.206408,1.81384155577,0.00315182453677,0.374070253313,0.998524866612,0.0536509220301,0.00358745607703,0.00753654302763,0.723798776392,0.0662686874499,0.095379701739,0.0437857370092,-1.06945869107,0.427738091317,-0.234511742957,-0.648058902474,-10.2769906843,-2.61710800794,12.3797428125,10.7795081648,11.4050637937,8.67388160475,22.0115657828,5.22644393276,-0.0548456703675,-3.21247866827,0,0,-9.81,1.81112454087,0.000897015675744,0.345274627285,0.665378290673,0.0416323017193,0.147793760329,11.4050637937,8.67388160475,22.0115657828,5.20773396877,0.365869735663,-3.22248191167,0,0,0,-1,0,0,0,1.43443143874,-13.2275254338,9.38148470536,-5.69594557615,-6.89460962819,8.4922088477,-13.2578364504,0,0,0,0,0,0,2.01944791082,-0.15598476173,0.0336085730831,0,0,0,19.3894403921,-2.40561872311,9.5324233586,11.3444340523,0.642263537215,18.5336399239,0,0,0,0,0,0,1.98341131957,0.0927921012247,0.0216580881565,0,0,0,12.7064238511,-4.17858844156,15.7603098495,9.25105103797,-3.30180032621,18.1883848732,-0.872061097342,0.153306304036,1.10808824797,-0.872061097342,0.153306304036,1.10808824797,1.51754607089,-0.157836512332,0.0118998831376,1.10808824797,0,0,-18.9814403974,0.183983274035,-19.2511405017,-5.78842209603,-2.63293684995,-26.2773125186,12.2771248911,8.52057530072,20.9034775348,12.2771248911,8.52057530072,20.9034775348,1.60337442121,0.104842831531,0.0206062879768,20.9034775348,0,0,15.206408,0,0,-0.00672663634137,-0.42903568755,0.078293352445,0,15.206408,0,0.435006125016,-0.00840475233191,-0.0166395801741,0,0,15.206408,-0.031975754284,0.0196631755441,-0.00223994170852,-0.00672663634137,0.435006125016,-0.031975754284,0.216460330966,-0.00504181345013,-0.0235761520235,-0.42903568755,-0.00840475233191,0.0196631755441,-0.00504181345013,0.534812093415,-0.00934375248629,0.078293352445,-0.0166395801741,-0.00223994170852,-0.0235761520235,-0.00934375248629,0.535633501788,9.78046847096,6.91148749192,-130.375121317,5.44106770393,-0.0388974175327,-3.74589175065,-1.62459532278,-1.76239411283,-152.3866871,0.214623771167,0.0159482528346,-0.533413082374,1.62459532278,1.76239411283,152.3866871,-0.214623771167,-0.0159482528346,0.533413082374,0,0,0,0,0,0,0,0,0,0,0,0,0,0,0,0,0,0,-3.23296944771e-13,3.73034936274e-14,3.48165940522e-13,-4.52970994047e-14,2.05814532084e-13,-7.9936057773e-14,9.78046847096,6.91148749192,-130.375121317,5.44106770393,-0.0388974175327,-3.74589175065,-0.0110062008348,-0.485871158398,-11.7712171185,7.87682755204,0.489183866639,7.50264669899,1.60775139329,-5.27712548152,2.40487561481,-3.94412848935,4.44664064344,-12.8252611709,-1.62459532278,-1.76239411283,-152.3866871,0.214623771167,0.0159482528346,-0.533413082374,-0.211006200835,-0.285871158398,-11.9712171185,7.67682755204,0.689183866639,7.70264669899,-3.00021122754,-0.698372695765,7.62330362815,-4.08508643341,4.19850941938,-13.1754336094,11.4050637937,8.67388160475,22.0115657828,5.22644393276,-0.0548456703675,-3.21247866827,0.2,-0.2,0.2,0.2,-0.2,-0.2,4.60796262083,-4.57875278575,-5.21842801334,0.14095794406,0.248131224056,0.350172438525,0,0,0,0,0,0,0.660252034664,0.229317605495,-12.2582120895,6.2429394722,1.09746384621,7.17823839188,-2.10419225693,-0.171559631824,7.22392129898,-5.27812957764,4.74008655548,-13.0392274857
20.236,10117,15.206408,1.81528766172,0.00328206619894,0.37422238388,0.998494666646,0.0541213873804,0.00460980723012,0.00761746571928,0.723052971805,0.0651208310836,0.0760652833713,0.0383234116124,-1.04494315277,0.449683579815,-0.37684965542,-0.577850093913,-9.67910033092,-2.48051577085,11.2725838473,13.2905667789,8.21426952112,6.95009433445,23.5663250782,4.70238416074,0.977644884217,-2.66097515745,0,0,-9.81,1.81245808841,0.000982281450657,0.345536292685,0.666883212591,0.0427246486152,0.131018631435,8.21426952112,6.95009433445,23.5663250782,4.66617489449,1.32945316063,-2.57067330697,0,0,0,-1,0,0,0,1.43530044551,-13.159090332,9.84654384863,-5.37047819989,-7.10578701854,8.89366639204,-13.0141695539,0,0,0,0,0,0,2.01936697645,-0.157759834935,0.0341494521559,0,0,0,17.3975480868,-2.52157673749,5.82101885247,11.6526867309,-0.10199716856,14.3917260148,-1.1822203024,-0.00885205567527,1.48074894906,-1.1822203024,-0.00885205567527,1.48074894906,1.98383185306,0.0928285767323,0.0220911489979,1.48074894906,0,0,11.9273565011,-4.68233196827,14.0859653111,8.89840585252,-3.87818542522,16.3822628352,-0.925201377003,0.203440282258,1.18571151606,-0.925201377003,0.203440282258,1.18571151606,1.51789637284,-0.157873760121,0.0127364446332,1.18571151606,0,0,-17.4972414696,0.97848266007,-19.4241792719,-4.56057200966,-1.79837157012,-25.6977950492,10.3216912005,6.75550610786,20.8998646131,10.3216912005,6.75550610786,20.8998646131,1.60305214848,0.104334237516,0.0214059653843,20.8998646131,0,0,15.206408,0,0,-0.0069072541505,-0.427815315491,0.0792662101236,0,15.206408,0,0.433972295543,-0.00861870226027,-0.0174564348596,0,0,15.206408,-0.0326616288863,0.0213979117604,-0.00251593979417,-0.0069072541505,0.433972295543,-0.0326616288863,0.216266642076,-0.00506316336954,-0.0238931361992,-0.427815315491,-0.00861870226027,0.0213979117604,-0.00506316336954,0.534557735147,-0.00942392231993,0.0792662101236,-0.0174564348596,-0.00251593979417,-0.0238931361992,-0.00942392231993,0.535888409451,6.54525278226,5.55172433202,-128.429790184,4.96950346318,1.05084013276,-3.15962903113,-1.66901673885,-1.39837000243,-151.996115262,0.267119302434,0.0731952485441,-0.498653873678,1.66901673885,1.39837000243,151.996115262,-0.267119302434,-0.0731952485441,0.498653873678,0,0,0,0,0,0,0,0,0,0,0,0,0,0,0,0,0,0,5.68434188608e-14,3.10862446895e-14,-3.19744231092e-14,-1.24344978758e-14,2.15383266777e-14,-3.41948691585e-14,6.54525278226,5.55172433202,-128.429790184,4.96950346318,1.05084013276,-3.15962903113,-0.565650625448,-0.809339984741,-10.1211009285,8.17107003886,0.60187863479,7.24104236678,1.1909142732,-4.77167777359,2.16452937417,-4.04989806268,3.8950745148,-11.6155173685,-1.66901673885,-1.39837000243,-151.996115262,0.267119302434,0.0731952485441,-0.498653873678,-0.829196849715,-1.07941152114,-10.3986157794,7.97107003886,0.80187863479,7.44104236678,-2.74502914622,-0.91667476435,7.00352222641,-4.20178029255,3.61710592207,-11.9756069877,8.21426952112,6.95009433445,23.5663250782,4.70238416074,0.977644884217,-2.66097515745,0.263546224268,0.2700715364,0.277514850866,0.2,-0.2,-0.2,3.93594341942,-3.85500300924,-4.83899285224,0.151882229871,0.277968592725,0.36008961915,0,0,0,0,0,0,0.0510196648538,-0.553173959255,-10.8596286774,6.50466251373,1.22868990898,7.02934837341,-1.86087751389,-0.403004080057,6.67107105255,-5.39676809311,4.18490600586,-12.0477046967
20.238,10118,15.206408,1.81673149008,0.00341014421704,0.374339493053,0.998461418141,0.0546268845093,0.00561572023775,0.00769179166558,0.721914180412,0.0640390090485,0.0585545867057,0.0331611608413,-1.02265270768,0.476531172276,-0.574034423869,-0.543277502963,-8.7715744851,-2.3266129329,8.62393919787,17.5091352694,4.55217824718,4.94419419035,29.2300465746,4.55512183136,2.75576984999,-1.99078020525,0,0,-9.81,1.81379379395,0.00106934030492,0.345764909073,0.667961786391,0.0436041954987,0.114488966438,4.55217824718,4.94419419035,29.2300465746,4.49388584533,3.02589484254,-1.71917381357,0,0,0,-1,0,0,0,1.43611117716,-13.4056947949,10.1426315617,-5.97171584605,-7.00470132879,9.07690919072,-13.6671466266,0,0,0,0,0,0,2.01907725996,-0.159361643736,0.0343793272676,0,0,0,15.3105873162,-2.57784384767,1.71772026005,12.0619185327,-0.844549668213,9.88973118586,-2.93508262399,0.0728311602422,3.67731713385,-2.93508262399,0.0728311602422,3.67731713385,1.98456717243,0.0928687533691,0.0228181803188,3.67731713385,0,0,11.2847707484,-5.00913921479,12.9497133821,8.52218775676,-4.25155553625,15.1469202994,-0.778474161855,0.197568585108,1.00537898368,-0.778474161855,0.197568585108,1.00537898368,1.51854570316,-0.157988066143,0.0138418443801,1.00537898368,0,0,-17.7484492742,2.51790271973,-22.5445932544,-3.26994985561,-0.575158564021,-28.6108823932,8.26573503303,4.673794445,24.5473504571,8.26573503303,4.673794445,24.5473504571,1.60281181708,0.103924471725,0.0220812369567,24.5473504571,0,0,15.206408,0,0,-0.00708071190836,-0.426511686274,0.0801887072808,0,15.206408,0,0.432857751692,-0.00882362885278,-0.0182418598408,0,0,15.206408,-0.0332853816014,0.023075706302,-0.00279108001263,-0.00708071190836,0.432857751692,-0.0332853816014,0.216026543851,-0.00509714419878,-0.0241450188528,-0.426511686274,-0.00882362885278,0.023075706302,-0.00509714419878,0.534247062698,-0.00948773393866,0.0801887072808,-0.0182418598408,-0.00279108001263,-0.0241450188528,-0.00948773393866,0.536122370441,2.88972321882,3.80462190679,-122.688744445,4.86527903162,2.82854370471,-2.44805720623,-1.66245502835,-1.13957228356,-151.918791019,0.310157200257,0.0727738547171,-0.457277000989,1.66245502835,1.13957228356,151.918791019,-0.310157200257,-0.0727738547171,0.457277000989,0,0,0,0,0,0,0,0,0,0,0,0,0,0,0,0,0,0,2.19380069666e-13,9.41469124882e-14,-1.42108547152e-14,1.50990331349e-14,-5.59552404411e-14,-4.52970994047e-14,2.88972321882,3.80462190679,-122.688744445,4.86527903162,2.82854370471,-2.44805720623,-1.0553618592,-0.881180755953,-8.51018869093,8.4683118104,0.272198702127,7.44791883792,0.861836721653,-4.24295672368,1.95430867476,-4.1608278403,3.28827627882,-10.5025034176,-1.66245502835,-1.13957228356,-151.918791019,0.310157200257,0.0727738547171,-0.457277000989,-1.44863390411,-1.8487098975,-8.90009080722,8.2683118104,0.472198702127,7.64791883792,-2.49305696344,-1.19182111483,6.80956409759,-4.32955363477,3.08447016202,-10.8374433905,4.55217824718,4.94419419035,29.2300465746,4.55512183136,2.75576984999,-1.99078020525,0.39327204491,0.967529141543,0.38990211629,0.2,-0.2,-0.2,3.3548936851,-3.05113560885,-4.85525542283,0.16872579447,0.203806116802,0.334939972969,0,0,0,0,0,0,-0.552571237087,-1.29669988155,-9.51133823395,6.77728462219,0.925908684731,7.34398889542,-1.61658596992,-0.691054105759,6.53526639938,-5.53729248047,3.68791174889,-11.1035861969
20.24,10119,15.206408,1.81817308481,0.00353592100548,0.374422977401,0.998424890063,0.0551708902959,0.00661024777871,0.00775992212587,0.720797366398,0.0628883942209,0.0417421741123,0.0283349790646,-1.00567210035,0.511702087597,-0.563293325697,-0.576940255867,-8.4220048402,-2.2149827058,6.10355233327,19.2832154863,4.3481154696,3.332473091,32.9582602206,4.5369456468,3.92370493538,-1.56536852405,0,0,-9.81,1.81513068682,0.00115767615762,0.345961995454,0.668551349599,0.0442314311895,0.0987335896133,4.3481154696,3.332473091,32.9582602206,4.45939245568,4.14291796081,-1.17463378729,0,0,0,-1,0,0,0,1.43687696287,-13.6143533183,10.1694470698,-6.0203290223,-7.23542824833,9.02387522261,-13.8286255842,0,0,0,0,0,0,2.01857770718,-0.160786150553,0.0342877350483,0,0,0,15.4096701014,-2.62045698218,2.43701950089,11.7268987334,-0.766668905922,10.5903662053,-2.24810903578,0.0584972643498,2.81687853404,-2.24810903578,0.0584972643498,2.81687853404,1.9855729805,0.0928990830932,0.0237917141533,2.81687853404,0,0,11.3549869702,-4.77727806597,13.6258534717,8.43572681956,-3.97806706197,15.8251538104,-0.186097136923,0.0465382444412,0.240163529447,-0.186097136923,0.0465382444412,0.240163529447,1.5194751927,-0.158186823085,0.0151916511164,0.240163529447,0,0,-19.4221770338,3.67732864085,-26.80116314,-2.62335345377,0.076467897741,-33.1987683754,6.78232164231,3.22743758221,29.9012181571,6.78232164231,3.22743758221,29.9012181571,1.60264185366,0.103596619686,0.0226451793176,29.9012181571,0,0,15.206408,0,0,-0.00724818431699,-0.425153996574,0.0810807153379,0,15.206408,0,0.431694052801,-0.00902087063154,-0.0189938885942,0,0,15.206408,-0.0338569017569,0.0246993985977,-0.00306620220178,-0.00724818431699,0.431694052801,-0.0338569017569,0.215750824913,-0.00514394643098,-0.0243335078752,-0.425153996574,-0.00902087063154,0.0246993985977,-0.00514394643098,0.533890710612,-0.0095409293802,0.0810807153379,-0.0189938885942,-0.00306620220178,-0.0243335078752,-0.0095409293802,0.53633389625,2.74767532534,2.3641904076,-119.107665263,4.88361918534,3.95006339723,-1.97315193623,-1.60044011818,-0.968282663368,-152.065925337,0.346673559072,0.0263584829088,-0.407783422812,1.60044011818,0.968282663368,152.065925337,-0.346673559072,-0.0263584829088,0.407783422812,0,0,0,0,0,0,0,0,0,0,0,0,0,0,0,0,0,0,-2.60812678121e-08,-2.0038074755e-08,-1.45781854144e-07,-2.05399715014e-08,-2.10525108457e-08,1.06348925222e-08,2.74767532534,2.3641904076,-119.107665263,4.88361918534,3.95006339723,-1.97315193623,-1.11485222139,-1.17242867015,-8.42528479717,8.58370804649,0.215084948983,7.48673890351,0.542370060318,-3.63756824744,1.69762290665,-4.15057602948,2.9733323813,-10.4269804398,-1.60044011818,-0.968282663368,-152.065925337,0.346673559072,0.0263584829088,-0.407783422812,-1.46352165076,-1.86611831764,-8.76916276793,8.38370804649,0.415084948983,7.68673890351,-2.56628002323,-1.22447346355,6.86513264652,-4.3428596929,3.07670444026,-10.6593140165,4.3481154696,3.332473091,32.9582602206,4.5369456468,3.92370493538,-1.56536852405,0.348669429468,0.693689647519,0.343877970762,0.2,-0.2,-0.2,3.10865009864,-2.4130947931,-5.16750976166,0.192283662811,-0.103372055785,0.232333577778,0,0,0,0,0,0,-0.548154830933,-1.27980768681,-9.50791072845,6.87285900116,0.902171194553,7.49417448044,-1.69537079334,-0.736376643181,6.64148759842,-5.57018566132,3.72138762474,-11.104552269
20.242,10120,15.206408,1.81961168984,0.00365974101313,0.374476650964,0.998384799931,0.0557574859167,0.00759544177507,0.00782325346743,0.719302515965,0.0619100038277,0.0268367813193,0.023745766202,-0.993737184348,0.550387201587,-0.754818536981,-0.48955376735,-7.45784389271,-1.5122307249,5.05934195264,21.3803330273,5.30266499787,1.62435687368,32.7196176498,3.94097422279,4.63401025721,-1.32970195045,0,0,-9.81,1.81646870928,0.00124687890964,0.346128562415,0.669110093894,0.0446605734886,0.0834985639863,5.30266499787,1.62435687368,32.7196176498,3.85303916504,4.81553754271,-0.859141160141,0,0,0,-1,0,0,0,1.43760670591,-14.2616105786,10.7566871212,-6.80966264462,-7.39781275883,9.47040811302,-14.8679217112,0,0,0,0,0,0,2.01786259168,-0.162033835868,0.033873551504,0,0,0,13.1249690603,-3.59381591593,0.910619296365,10.5976479572,-2.11812881972,8.31943154623,0,0,0,0,0,0,1.98685400731,0.0929214883546,0.0250106849517,0,0,0,10.4224744334,-4.9143179406,11.9758159539,7.81636128253,-4.18272665526,14.0573096974,-0.0643077416241,0.0179565860078,0.0835891977579,-0.0643077416241,0.0179565860078,0.0835891977579,1.52069271404,-0.158467182118,0.0167857176476,0.0835891977579,0,0,-19.6579984036,4.86406496254,-28.8384370201,-1.94553341489,1.03957828767,-35.1693852047,5.36697273949,1.60640028767,32.636028452,5.36697273949,1.60640028767,32.636028452,1.60252980439,0.103334989784,0.0231114845995,32.636028452,0,0,15.206408,0,0,-0.00741046939509,-0.423747039173,0.0819495069552,0,15.206408,0,0.430486910917,-0.00921110131077,-0.0197097405888,0,0,15.206408,-0.0343803693616,0.026270509013,-0.00334187183732,-0.00741046939509,0.430486910917,-0.0343803693616,0.21543859556,-0.00520335857607,-0.0244585127435,-0.423747039173,-0.00921110131077,0.026270509013,-0.00520335857607,0.533489996633,-0.00958544951964,0.0819495069552,-0.0197097405888,-0.00334187183732,-0.0244585127435,-0.00958544951964,0.5365233429,3.79362125521,0.721145874892,-119.721837584,4.31523831867,4.5779473074,-1.68441930315,-1.50904374266,-0.903210998782,-152.441455234,0.374264095887,-0.0560629498093,-0.354717352697,1.50904374266,0.903210998782,152.441455234,-0.374264095887,0.0560629498093,0.354717352697,0,0,0,0,0,0,0,0,0,0,0,0,0,0,0,0,0,0,3.38395977906e-13,-9.95870053089e-13,-1.15107923193e-12,-4.01012556495e-13,-3.75699471533e-13,3.02202707303e-13,3.79362125521,0.721145874892,-119.721837584,4.31523831867,4.5779473074,-1.68441930315,-2.25539798126,-3.40859567143,-5.89678606862,9.0576473349,-0.129337895124,7.99871860211,0.316790802046,-3.0874734065,1.48076073697,-4.03586782055,2.16493375054,-8.86546273955,-1.50904374266,-0.903210998782,-152.441455234,0.374264095887,-0.0560629498093,-0.354717352697,-2.45539798126,-3.20859567143,-6.09678606862,8.8576473349,0.0706621048759,8.19871860211,-2.32645970378,-1.27944557991,6.64230313075,-4.2338300405,2.33147635475,-9.07658498039,5.30266499787,1.62435687368,32.7196176498,3.94097422279,4.63401025721,-1.32970195045,0.2,-0.2,0.2,0.2,-0.2,-0.2,2.64325050582,-1.80802782659,-5.16154239378,0.197962219947,-0.166542604206,0.211122240832,0,0,0,0,0,0,-1.51431405544,-2.57768678665,-6.96138095856,7.33261203766,0.598923265934,8.11686134338,-1.45933330059,-0.802826583385,6.46107292175,-5.48515367508,3.02609443665,-9.70243549347
20.244,10121,15.206408,1.82104714326,0.00378172556574,0.374503259185,0.998340816444,0.0563914239921,0.00857349359429,0.00788141674616,0.717726710126,0.0609922763028,0.0133041108366,0.0205783811848,-0.983907265539,0.593146591146,-0.7962721826,-0.458190221124,-6.76574207559,-1.68507635161,3.98761278515,23.813338177,5.64397457299,0.471244549926,35.5339641735,3.80632429151,5.16073884263,-1.14089273002,0,0,-9.81,1.8178080935,0.0013365062704,0.346264551809,0.669775574254,0.0448721875539,0.0682368135166,5.64397457299,0.471244549926,35.5339641735,3.71087475303,5.31758772143,-0.612891203742,0,0,0,-1,0,0,0,1.43831677373,-14.2906507775,11.1182325515,-7.08563668266,-7.40958434996,9.76300592423,-15.0938999929,0,0,0,0,0,0,2.01692195158,-0.163095215427,0.0331185991991,0,0,0,11.6591485306,-3.83595203286,-0.987905373281,10.3636123454,-2.71390941358,6.07095250625,0,0,0,0,0,0,1.98840205688,0.0929081977861,0.026380500513,0,0,0,9.98331979541,-5.00900506174,10.824111007,7.5629704747,-4.31271695388,12.8887600262,0,0,0,0,0,0,1.52216838072,-0.158833614259,0.0185919172429,0,0,0,-21.4494968034,5.77972376305,-30.6343441572,-2.74433460067,1.6454575657,-37.7055733127,5.64397457299,0.471244549926,35.5339641735,5.64397457299,0.471244549926,35.5339641735,1.6024646575,0.103126639388,0.0234936317871,35.5339641735,0,0,15.206408,0,0,-0.00756992928423,-0.422347271978,0.0828165068164,0,15.206408,0,0.429294706783,-0.00939496740359,-0.0203718248046,0,0,15.206408,-0.0348679931783,0.0277742789526,-0.00361685309134,-0.00756992928423,0.429294706783,-0.0348679931783,0.215110479996,-0.0052756906101,-0.0245168674291,-0.422347271978,-0.00939496740359,0.0277742789526,-0.0052756906101,0.533070853465,-0.00962718074842,0.0828165068164,-0.0203718248046,-0.00361685309134,-0.0245168674291,-0.00962718074842,0.536691500521,4.36864547751,-0.422208904749,-117.318777855,4.21392018525,4.97423372563,-1.43379254662,-1.27532911304,-0.893453441033,-152.852742024,0.407595899484,-0.186505109607,-0.292899818596,1.27532911304,0.893453441033,152.852742024,-0.407595899484,0.186505109607,0.292899818596,0,0,0,0,0,0,0,0,0,0,0,0,0,0,0,0,0,0,1.75527450352e-08,-1.36418300545e-08,-5.02551245063e-09,-5.75178971118e-09,-7.392422674e-09,1.99078398211e-09,4.36864547751,-0.422208904749,-117.318777855,4.21392018525,4.97423372563,-1.43379254662,-2.74045170103,-4.09603847846,-4.57819005765,9.32170548845,-0.388799241964,8.08800911968,0.103559130036,-2.75864268988,1.43473605513,-3.98554258829,1.51173044693,-7.78860032432,-1.27532911304,-0.893453441033,-152.852742024,0.407595899484,-0.186505109607,-0.292899818596,-2.94045170103,-3.89603847846,-4.77819005765,9.12170548845,-0.188799241964,8.28800911968,-2.25912808767,-1.3372696251,6.95020803813,-4.18554258829,1.71173044693,-7.98860032432,5.64397457299,0.471244549926,35.5339641735,3.80632429151,5.16073884263,-1.14089273002,0.2,-0.2,0.2,0.2,-0.2,-0.2,2.36268722331,-1.42137305817,-5.51547198014,0.2,-0.2,0.2,0,0,0,0,0,0,-1.98273181915,-3.22944092751,-5.71931934357,7.58767080307,0.389583915472,8.3249464035,-1.39518356323,-0.870751678944,6.80486440659,-5.46147966385,2.45628285408,-8.76955032349
20.246,10122,15.206408,1.8224792359,0.00390203168545,0.374504878236,0.998292642109,0.0570763695776,0.00954606773213,0.00793481810266,0.716046320121,0.0601530598573,0.000809525376408,0.0170862503756,-0.976215225988,0.64069681308,-0.849173085001,-0.418071328543,-6.24141307957,-1.46466225197,3.15379322413,25.6876635106,4.95482344405,-0.347925327378,36.7044685236,3.6118423151,5.74266665537,-0.952102120004,0,0,-9.81,1.8191489183,0.00142626489449,0.346370711534,0.670475090005,0.044942279364,0.0533528444878,4.95482344405,-0.347925327378,36.7044685236,3.50890004333,5.87283475532,-0.357149959227,0,0,0,-1,0,0,0,1.43902081668,-14.6150749729,11.5161143049,-6.85198269776,-7.98846966705,10.1120363112,-15.0699053101,0,0,0,0,0,0,2.01575318348,-0.163963512431,0.0320219261447,0,0,0,10.1694933654,-4.05705769217,-2.84158978791,10.113172905,-3.28888652991,3.85485461934,0,0,0,0,0,0,1.99019720495,0.0928474609825,0.0278583519378,0,0,0,9.52044339506,-5.1646823679,9.59254208658,7.29827247984,-4.50696594259,11.6512714708,0,0,0,0,0,0,1.5238842535,-0.159289156597,0.0205902494733,0,0,0,-21.4601871334,6.27182668342,-31.5838311409,-2.46553938305,2.03096978287,-38.5643631942,4.95482344405,-0.347925327378,36.7044685236,4.95482344405,-0.347925327378,36.7044685236,1.60243718375,0.102960931415,0.0237976248818,36.7044685236,0,0,15.206408,0,0,-0.0077270415081,-0.420983276407,0.0836951005218,0,15.206408,0,0.428147433036,-0.00957241663674,-0.0209738709257,0,0,15.206408,-0.035326227445,0.0292070389067,-0.00389118689432,-0.0077270415081,0.428147433036,-0.035326227445,0.214776716615,-0.00536099150696,-0.0245097162574,-0.420983276407,-0.00957241663674,0.0292070389067,-0.00536099150696,0.532644688163,-0.009669733803,0.0836951005218,-0.0209738709257,-0.00389118689432,-0.0245097162574,-0.009669733803,0.536837300563,3.99496818297,-1.31018068453,-116.617760853,4.04820297572,5.40327778001,-1.17929665165,-0.959855261143,-0.962255357104,-153.322229376,0.436360660638,-0.339388875331,-0.227194531651,0.959855261143,0.962255357104,153.322229376,-0.436360660638,0.339388875331,0.227194531651,0,0,0,0,0,0,0,0,0,0,0,0,0,0,0,0,0,0,6.49329479074e-11,-4.73905914511e-11,-2.15720774577e-11,-2.0434320902e-11,-2.8249402817e-11,6.92268464775e-12,3.99496818297,-1.31018068453,-116.617760853,4.04820297572,5.40327778001,-1.17929665165,-3.21561100521,-4.76059084393,-3.31188770471,9.55278487212,-0.315417168357,8.17794128268,-0.0737545686571,-2.49476534553,1.38089869481,-3.94213884327,0.8894090905,-6.70909450277,-0.959855261143,-0.962255357104,-153.322229376,0.436360660638,-0.339388875331,-0.227194531651,-3.41561100521,-4.56059084393,-3.51188770471,9.35278487212,-0.515417168357,8.37794128268,-2.18397661704,-1.39973315536,6.85042332317,-4.14213884327,1.0894090905,-6.90909450277,4.95482344405,-0.347925327378,36.7044685236,3.6118423151,5.74266665537,-0.952102120004,0.2,-0.2,0.2,0.2,0.2,-0.2,2.11022204841,-1.09503219014,-5.46952462834,0.2,-0.2,0.2,0,0,0,0,0,0,-2.44540023804,-3.8618748188,-4.50653553009,7.81745481491,0.121134981513,8.53478050232,-1.32335686684,-0.942481100559,6.73822927475,-5.4417142868,1.88396418095,-7.82669687271
20.248,10123,15.206408,1.8239078585,0.00402227264968,0.374473586781,0.998242747621,0.0577740909476,0.0104829466139,0.00797991656664,0.714311296754,0.0601204821123,-0.0156457277096,0.0140516925611,-0.97018718466,0.691926964994,-0.873902032743,-0.0170159702659,-8.21375194628,-2.8297863632,18.210328801,6.51328363948,0,0,0,0,0,0,0,0,-9.81,1.82049099247,0.00151594911702,0.346447354307,0.671074128513,0.0449146482245,0.038627678361,0,0,0,0,0,0,0,0,0,-1,0,0,0,1.43973142012,-14.1933081103,11.4963025035,-6.67176428775,-7.94223250452,10.1031787116,-14.5936331269,0,0,0,0,0,0,2.01434282899,-0.164630786749,0.0305866015104,0,0,0,10.1634716314,-4.25436081849,-3.07967463117,10.217604511,-3.48704746156,3.7843355385,0,0,0,0,0,0,1.99222017875,0.0927279495885,0.0294021628207,0,0,0,9.51047177327,-5.93988229976,9.17664362053,7.30491819364,-5.27289365849,11.3479877456,0,0,0,0,0,0,1.52582097571,-0.159837743775,0.0227610141088,0,0,0,-9.09581196526,0.704202013314,-6.60586240676,-4.51969917374,-0.512461634335,-10.3042135252,0,0,0,0,0,0,1.60244038558,0.102829261581,0.0240287974962,0,0,0,15.206408,0,0,-0.00788290149113,-0.419680284279,0.0845966791335,0,15.206408,0,0.427071532556,-0.009744342991,-0.02151325636,0,0,15.206408,-0.0357606328605,0.0305685340573,-0.00416524230634,-0.00788290149113,0.427071532556,-0.0357606328605,0.214446530105,-0.00545988387509,-0.0244391956963,-0.419680284279,-0.009744342991,0.0305685340573,-0.00545988387509,0.532221038294,-0.00971589118592,0.0845966791335,-0.02151325636,-0.00416524230634,-0.0244391956963,-0.00971589118592,0.536958717667,-0.570662186176,-1.10888241713,-153.828960026,0.460691299985,-0.50293421367,-0.158790119938,-0.570662186176,-1.10888241713,-153.828960026,0.460691299985,-0.50293421367,-0.158790119938,0.570662186176,1.10888241713,153.828960026,-0.460691299985,0.50293421367,0.158790119938,0,0,0,0,0,0,0,0,0,0,0,0,0,0,0,0,0,0,7.54951656745e-15,-2.88657986403e-15,0,-6.66133814775e-16,1.99840144433e-15,1.66533453694e-16,-0.570662186176,-1.10888241713,-153.828960026,0.460691299985,-0.50293421367,-0.158790119938,-3.21098118447,-4.77091932039,-3.27847193689,9.60803347208,-0.409383955911,8.17274933373,-2.05311005731,-1.22983278272,6.68614869922,-3.93600011757,0.859049470354,-6.58799590478,-0.570662186176,-1.10888241713,-153.828960026,0.460691299985,-0.50293421367,-0.158790119938,-3.41098118447,-4.57091932039,-3.47847193689,9.40803347208,-0.609383955911,8.37274933373,-2.25311005731,-1.42983278272,6.88614869922,-4.13600011757,1.05904947035,-6.78799590478,0,0,0,0,0,0,0.2,-0.2,0.2,0.2,0.2,-0.2,0.2,0.2,-0.2,0.2,-0.2,0.2,0,0,0,0,0,0,-2.43373990059,-3.84646058083,-4.50492525101,7.87888622284,0.0957874506712,8.64893245697,-1.39610564709,-0.981228888035,6.80470275879,-5.45642280579,1.90183746815,-7.82300615311
20.25,10124,15.206408,1.82533628441,0.00411622899203,0.374434468728,0.998280570455,0.0569277495315,0.0114629329052,0.00798343004508,0.714212958566,0.046978171178,-0.0195590265904,0.00828167408991,-0.933996336069,0.704743141144,-0.052825863463,-6.65903737548,-1.86589730699,-44.6805418029,-24.8511602147,-781.536171385,0,0,0,0,0,0,0,0,-9.81,1.82183299732,0.00160566859066,0.346484852303,0.671006340454,0.0449511526473,0.019102227015,0,0,0,0,0,0,0,0,0,-1,0,0,0,1.44045041916,-8.5678909073,35.5635184448,20.7666326162,-19.4747144265,36.1612031062,9.08452073064,0,0,0,0,0,0,2.01269002053,-0.165096668283,0.0288253895721,0,0,0,-10.3365893996,41.0589737422,-31.5698402924,8.70096076776,35.465413743,-38.1554312126,0,0,0,0,0,0,1.99447183117,0.0925452185228,0.0310129278885,0,0,0,29.7589343904,14.3422828915,-29.7883681103,35.6458886625,13.8670474889,-22.7094197341,0,0,0,0,0,0,1.5279771572,-0.160496675158,0.0251021455242,0,0,0,-37.9832785159,2.09079837966,11.3257144111,-38.5895759444,0.330720986085,-9.27943660267,0,0,0,0,0,0,1.60228141322,0.102683314931,0.0240148161802,0,0,0,15.206408,0,0,-0.00803144510949,-0.41846784703,0.0855150918542,0,15.206408,0,0.426091613341,-0.00990971968115,-0.0220336129577,0,0,15.206408,-0.0361942262696,0.0318774883657,-0.0044369789414,-0.00803144510949,0.426091613341,-0.0361942262696,0.214133929467,-0.00557434544168,-0.0243253921978,-0.41846784703,-0.00990971968115,0.0318774883657,-0.00557434544168,0.531830574701,-0.0097634723948,0.0855150918542,-0.0220336129577,-0.0044369789414,-0.0243253921978,-0.0097634723948,0.537066016445,-0.0681085987953,-1.39743952155,-154.542899463,0.459991807158,-0.724393735782,-0.0577028961771,-0.0681085987953,-1.39743952155,-154.542899463,0.459991807158,-0.724393735782,-0.0577028961771,0.0681085987953,1.39743952155,154.542899463,-0.459991807158,0.724393735782,0.0577028961771,0,0,0,0,0,0,0,0,0,0,0,0,0,0,0,0,0,0,-1.42108547152e-14,-1.7763568394e-14,0,1.70974345792e-14,1.33226762955e-14,-8.60422844084e-15,-0.0681085987953,-1.39743952155,-154.542899463,0.459991807158,-0.724393735782,-0.0577028961771,23.5194659362,-15.888785257,16.9654070877,26.4990393071,11.9879341118,-3.94417960126,5.92735156959,16.4739947047,11.8059393113,17.8950210303,-27.4854108759,2.72808808726,-0.0681085987953,-1.39743952155,-154.542899463,0.459991807158,-0.724393735782,-0.0577028961771,23.7194659362,-16.088785257,17.1654070877,26.6990393071,12.1879341118,-3.74417960126,6.12735156959,16.6739947047,12.0059393113,18.0950210303,-27.6854108759,2.52808808726,0,0,0,0,0,0,-0.2,0.2,-0.2,-0.2,-0.2,-0.2,-0.2,-0.2,-0.2,-0.2,0.2,0.2,0,0,0,0,0,0,24.7085289382,-15.3336816241,16.1071760082,25.1874484788,12.9716655614,-3.34844874968,6.98751551891,17.1358999798,12.0229353485,16.7611822344,-26.7833371225,1.37643577193
20.252,10125,15.206408,1.82675417562,0.00418420245496,0.374397808911,0.998392651664,0.0546965063884,0.0125265701397,0.00796808209184,0.708945604912,0.0339867314624,-0.0183299083675,-0.0805555649121,-0.983176514233,-0.839633737086,-2.6562607798,-6.57534434051,0.716738988424,-32.883284385,-45.2855551452,-700.860218032,4.8951047298,-10.9003450112,20.2950467836,-2.07651526354,2.8589045065,1.65902456509,0,0,-9.81,1.8231748446,0.00169528369597,0.346483026592,0.670850420051,0.0448478389806,-0.000601671549525,4.8951047298,-10.9003450112,20.2950467836,-2.07806573931,2.61594082516,2.01893771745,0,0,0,-1,0,0,0,1.44169749787,14.5190466513,30.4998880135,4.1053848839,9.24197404999,31.575671252,8.68694251091,0,0,0,0,0,0,2.01072061354,-0.16482709756,0.0271823043912,0,0,0,-44.7378389362,38.0210043495,-33.7663089388,-17.8426033213,28.424625548,-58.8295571371,0,0,0,0,0,0,1.99669501507,0.0930688441604,0.0318448100143,0,0,0,9.65856761477,13.9463793552,-22.2479670036,14.5428304841,13.2030730442,-19.9235138713,0,0,0,0,0,0,1.53076845132,-0.160866672441,0.0270407740351,0,0,0,-3.81171977261,14.6395752242,-14.32732266,3.43574696552,13.037839449,-15.8848648173,4.8951047298,-10.9003450112,20.2950467836,4.8951047298,-10.9003450112,20.2950467836,1.60126024571,0.102524548409,0.0237161790104,20.2950467836,0,0,15.206408,0,0,-0.00813870704625,-0.41804093996,0.084797852931,0,15.206408,0,0.425597503705,-0.00996192673957,-0.0225320417006,0,0,15.206408,-0.036232726176,0.0331892575878,-0.00460572355594,-0.00813870704625,0.425597503705,-0.036232726176,0.21400179891,-0.00562756333014,-0.0242899150463,-0.41804093996,-0.00996192673957,0.0331892575878,-0.00562756333014,0.5316736235,-0.00965818246019,0.084797852931,-0.0225320417006,-0.00460572355594,-0.0242899150463,-0.00965818246019,0.537000582744,6.00040639669,-11.5143214719,-133.615475422,-1.5409346112,1.90326129426,2.29031713773,1.10530166508,-0.613976454634,-153.910522198,0.535580655329,-0.955643210239,0.631292571304,-1.10530166508,0.613976454634,153.910522198,-0.535580655329,0.955643210239,-0.631292571304,0,0,0,0,0,0,0,0,0,0,0,0,0,0,0,0,0,0,1.81486292661e-09,-5.99828275938e-09,-6.91092338911e-09,-2.99098212864e-09,-1.99956140534e-09,1.33337607622e-09,6.00040639669,-11.5143214719,-133.615475422,-1.5409346112,1.90326129426,2.29031713773,19.2752623663,-8.65295463827,32.9612272438,23.6269579469,-3.32713376239,-8.88050769895,6.23407137385,-3.66702870554,-5.07760161231,16.1383727008,-17.6264828129,8.38657335458,1.10530166508,-0.613976454634,-153.910522198,0.535580655329,-0.955643210239,0.631292571304,19.4752623663,-8.85295463827,33.1612272438,23.8269579469,-3.12713376239,-9.08050769895,9.5108754088,-2.15465661219,-2.21614082502,16.3383727008,-17.8264828129,8.58657335458,4.8951047298,-10.9003450112,20.2950467836,-2.07651526354,2.8589045065,1.65902456509,-0.2,0.2,-0.2,-0.2,-0.2,0.2,-3.27680403224,-1.51237209253,-2.86146078776,-0.2,0.2,-0.2,0,0,0,0,0,0,20.5114994852,-8.29585386379,32.4293886312,22.6350962152,-2.24752967957,-8.78914895935,10.6143579755,-1.53994938441,-2.11209324628,15.2115005667,-16.9822508841,7.65232996604
20.254,10126,15.206408,1.82816216147,0.00423921706673,0.374345460162,0.998536474424,0.0517295043127,0.0136385705507,0.00793454606752,0.703992925017,0.0275073058855,-0.0261743744054,-0.145825547774,-1.07330586147,-2.22470682309,-2.49282483877,-3.28219056583,-3.86101113423,-22.0058520181,-25.7814566938,-371.97892663,-3.52359553446,-1.97079670809,5.10549071941,-0.212728052196,2.55045212011,0.516252900936,0,0,-9.81,1.82451798774,0.00178201653457,0.346447167366,0.671504099399,0.0433993450746,-0.0176837438419,-3.52359553446,-1.97079670809,5.10549071941,-0.236355479342,2.47491109263,0.797199767841,0,0,0,-1,0,0,0,1.44326035499,14.0657363854,18.4676579214,-1.72216027279,12.3931782419,19.1706233056,4.556478938,0,0,0,0,0,0,2.00903241555,-0.163906994415,0.025713483375,0,0,0,-34.5110501125,19.7802868614,-19.9706991526,-17.0449336119,13.3501756063,-38.8888699023,0,0,0,0,0,0,1.99822021317,0.0941478817596,0.0314241533673,0,0,0,6.56910173706,6.56705131036,-13.6176626664,9.68112625021,6.13683213269,-11.8463109424,0,0,0,0,0,0,1.53373161754,-0.16095739453,0.0286045951377,0,0,0,10.6862557428,4.00656239995,-4.65391380273,11.5217845611,4.3317971599,0.62572489262,-3.52359553446,-1.97079670809,5.10549071941,-3.52359553446,-1.97079670809,5.10549071941,1.60045985991,0.102407791876,0.0234924680482,5.10549071941,0,0,15.206408,0,0,-0.00822671319214,-0.418434919604,0.0826341963856,0,15.206408,0,0.425662409274,-0.00990066857461,-0.0227885818022,0,0,15.206408,-0.0359248916853,0.0343277395827,-0.00465260084292,-0.00822671319214,0.425662409274,-0.0359248916853,0.214076580447,-0.00561417564433,-0.0242599076416,-0.418434919604,-0.00990066857461,0.0343277395827,-0.00561417564433,0.53172214515,-0.00941777053502,0.0826341963856,-0.0227885818022,-0.00465260084292,-0.0242599076416,-0.00941777053502,0.536735519897,-2.50626022514,-2.4705883384,-147.811697846,0.264038525249,1.87343829736,1.78310036183,1.01733530933,-0.499791630312,-152.917188565,0.476766577446,-0.677013822749,1.26684746089,-1.01733530933,0.499791630312,152.917188565,-0.476766577446,0.677013822749,-1.26684746089,0,0,0,0,0,0,0,0,0,0,0,0,0,0,0,0,0,0,1.1812772982e-13,7.21644966006e-14,-2.14939177567e-13,-1.8124390877e-14,-8.92619311799e-14,-9.65894031424e-15,-2.50626022514,-2.4705883384,-147.811697846,0.264038525249,1.87343829736,1.78310036183,8.82999269167,-3.14758147311,23.0747058281,14.6378885334,-6.01025993532,-6.41075759184,3.6704972603,-2.94903468933,-5.06623113306,8.65452434593,-11.3009464877,4.72003706498,1.01733530933,-0.499791630312,-152.917188565,0.476766577446,-0.677013822749,1.26684746089,9.02999269167,-3.34758147311,23.2747058281,14.8378885334,-5.81025993532,-6.21075759184,4.3248851167,-4.23856290598,-5.51437515491,8.85452434593,-11.5009464877,4.52003706498,-3.52359553446,-1.97079670809,5.10549071941,-0.212728052196,2.55045212011,0.516252900936,-0.2,0.2,-0.2,-0.2,-0.2,-0.2,-0.654387856395,1.28952821665,0.448144021848,-0.2,0.2,0.2,0,0,0,0,0,0,10.2506368761,-3.02952662655,23.0139259712,13.9485585997,-4.97816332306,-6.04429160924,5.57999829481,-3.67475547152,-5.47782315774,7.9612460929,-10.7802405929,3.80355304126
20.256,10127,15.206408,1.82956344994,0.00429248057146,0.374262063426,0.998677031591,0.0486158917745,0.0147826310064,0.00788387343476,0.70064423374,0.026631752365,-0.0416983681738,-0.189492860774,-1.12470089639,-2.95983186485,-1.68338276259,-0.444528911399,-7.74946447384,-11.8212841208,-16.0496567437,-73.5799564424,-3.97492313011,1.21755644654,5.71133483135,1.06224146442,2.75999374536,-0.14172467957,0,0,-9.81,1.82586021227,0.00186828980743,0.346373408751,0.671050731383,0.0431987248683,-0.0366339349657,-3.97492313011,1.21755644654,5.71133483135,1.01789595635,2.77781661608,0.116751691216,0,0,0,-1,0,0,0,1.44501940055,9.03857622466,7.7696073547,-4.75218542277,10.0282562448,8.00368025238,0.145272205812,0,0,0,0,0,0,2.007656359,-0.162590417322,0.0243401631754,0,0,0,-13.0430404227,0.692165838118,-0.124581618893,-10.6161228161,-0.729311875829,-7.57506159289,0,0,0,0,0,0,1.99917073366,0.0954849749233,0.030153482454,0,0,0,8.41161375195,0.413985742961,-3.91845958147,9.13491911523,0.500677603787,-1.60733639736,0,0,0,0,0,0,1.53682260603,-0.160919222905,0.0299337877734,0,0,0,8.22918946406,-0.558399804649,-6.25849410792,10.2283610355,-0.524489490659,-1.51843978409,-3.97492313011,1.21755644654,5.71133483135,-3.97492313011,1.21755644654,5.71133483135,1.59987272206,0.102337133858,0.0233621533779,5.71133483135,0,0,15.206408,0,0,-0.00829269410252,-0.419292039614,0.0796972037419,0,15.206408,0,0.426067314264,-0.00976371486784,-0.0228693712233,0,0,15.206408,-0.0354312679667,0.0353330550631,-0.00462022955814,-0.00829269410252,0.426067314264,-0.0354312679667,0.214275727429,-0.00555534295643,-0.0242136797035,-0.419292039614,-0.00976371486784,0.0353330550631,-0.00555534295643,0.531879930238,-0.00910415409265,0.0796972037419,-0.0228693712233,-0.00462022955814,-0.0242136797035,-0.00910415409265,0.536356824522,-3.04930576561,0.275598360355,-147.198147513,1.35968791745,2.2930394742,1.46737894528,0.925617364501,-0.941958086182,-152.909482344,0.297446453027,-0.466954271156,1.60910362485,-0.925617364501,0.941958086182,152.909482344,-0.297446453027,0.466954271156,-1.60910362485,0,0,0,0,0,0,0,0,0,0,0,0,0,0,0,0,0,0,3.00159896938e-12,2.77555756156e-14,-4.77307082747e-12,-4.86499729391e-13,-2.20490292691e-12,-9.07052211119e-14,-3.04930576561,0.275598360355,-147.198147513,1.35968791745,2.2930394742,1.46737894528,-0.887638603036,2.53884429116,6.08387896705,6.69895007433,-6.03828091361,-2.89793964456,0.246157354528,-2.58678844724,-3.14228308517,1.69507078882,-6.14179761645,-1.07898339807,0.925617364501,-0.941958086182,-152.909482344,0.297446453027,-0.466954271156,1.60910362485,-0.687638603036,2.33884429116,6.28387896705,6.89895007433,-6.03177412144,-2.69793964456,-0.363049918439,-4.04936674566,-3.56971277924,1.89507078882,-6.34179761645,-1.27898339807,-3.97492313011,1.21755644654,5.71133483135,1.06224146442,2.75999374536,-0.14172467957,-0.2,0.2,-0.2,-0.2,-0.00650679216899,-0.2,0.609207272968,1.46257829843,0.42742969407,-0.2,0.2,0.2,0,0,0,0,0,0,0.751222385309,2.58696986583,6.32142940394,6.18484754996,-5.24673909319,-2.61170452665,0.964725809523,-3.52577863352,-3.59995440925,1.13750063648,-5.7067647303,-1.88215511567
20.258,10128,15.206408,1.83095802478,0.00435249727347,0.374146950923,0.998804142225,0.0455506606039,0.0159466505189,0.00781838410585,0.69728741886,0.0300083510056,-0.0575562514501,-0.212958231578,-1.15671844817,-3.10522829292,-1.67862448511,1.6949140699,-7.96445969333,-7.05482450763,-9.67015442432,25.9581824774,-15.926706191,-9.72808491305,83.7966215673,-13.5800638597,-3.80982060167,-4.50951490567,0,0,-9.81,1.82720138181,0.00195490929158,0.346261909103,0.670520508675,0.0433843583141,-0.0555054866769,-15.926706191,-9.72808491305,83.7966215673,-13.6545291436,-3.58786387603,-4.4665040927,0,0,0,-1,0,0,0,1.44688635171,-10.9586043012,2.68982146146,-54.76742597,19.3425118593,-0.972134192784,-52.4568325883,-10.7224038455,-14.0084172425,69.3043561762,-10.7224038455,-14.0084172425,69.3043561762,2.00650679107,-0.161107345979,0.022967363122,69.3043561762,0,0,0.811328893094,-8.93819403668,10.9265149406,-5.37176456884,-7.50696278055,10.7111134429,0,0,0,0,0,0,1.99985566745,0.0968024673491,0.0286717627308,0,0,0,8.11332729533,-2.34911057357,3.11000496322,7.00985899011,-1.94265367841,5.30136819923,0,0,0,0,0,0,1.54010194126,-0.16087283823,0.0312110973364,0,0,0,3.2644532557,-2.50807816195,-14.8711490657,9.946043383,-3.5772227665,-11.2417918484,-5.20430234555,4.28033232948,14.4922653911,-5.20430234555,4.28033232948,14.4922653911,1.59944151345,0.102278960104,0.023287113563,14.4922653911,0,0,15.206408,0,0,-0.00833902112829,-0.420256246737,0.0766080062854,0,15.206408,0,0.426575755659,-0.00958892206864,-0.022835001758,0,0,15.206408,-0.0349088754233,0.036252967174,-0.00455622081098,-0.00833902112829,0.426575755659,-0.0349088754233,0.214489763705,-0.00547410681073,-0.024138111784,-0.420256246737,-0.00958892206864,0.036252967174,-0.00547410681073,0.532022992422,-0.00877637965657,0.0766080062854,-0.022835001758,-0.00455622081098,-0.024138111784,-0.00877637965657,0.535924747019,-14.9594039365,-10.8603945007,-69.0968947797,-13.3312846482,-4.24785004972,-2.81360582266,0.967302254559,-1.13230958762,-152.893516347,0.248779211522,-0.438029448051,1.69590908301,-0.967302254559,1.13230958762,152.893516347,-0.248779211522,0.438029448051,-1.69590908301,0,0,0,0,0,0,0,0,0,0,0,0,0,0,0,0,0,0,1.7763568394e-15,-5.3290705182e-15,1.27897692437e-13,-7.1054273576e-15,8.881784197e-16,-1.7763568394e-15,-14.9594039365,-10.8603945007,-69.0968947797,-13.3312846482,-4.24785004972,-2.81360582266,-5.0319622617,5.18078872088,-4.31964411869,-10.7005213917,-1.46110463016,-7.03316023907,-0.554041784837,-2.1191120036,-1.99868796052,-1.65043712562,-2.24204776546,-3.80465107991,0.967302254559,-1.13230958762,-152.893516347,0.248779211522,-0.438029448051,1.69590908301,-4.8319622617,5.38078872088,-4.51964411869,2.95921950766,-6.12837030013,-1.35044600978,-2.84392712104,-4.26932180978,-1.29437822698,-1.45043712562,-2.44204776546,-4.00465107991,-15.926706191,-9.72808491305,83.7966215673,-13.5800638597,-3.80982060167,-4.50951490567,-0.2,-0.2,0.2,-13.6597408993,4.66726566997,-5.68271422928,2.2898853362,2.15020980618,-0.704309733546,-0.2,0.2,0.2,0,0,0,0,0,0,-3.35476215728,5.64790467987,-4.41417017295,2.31266205014,-5.38145381126,-1.28964243087,-1.50683748308,-3.7703857691,-1.36193776863,-2.19099621265,-1.82808827881,-4.60638265297
20.26,10129,15.206408,1.832346232,0.00441995896586,0.374001472463,0.998914549542,0.0426173160152,0.017134439361,0.00773938472838,0.694103611971,0.0337308461939,-0.0727392296846,-0.22707638667,-1.17578475599,-3.05565143793,-1.59114226473,1.87085756579,-7.62486559399,-5.00645461733,-11.3948244378,67.9684612887,-19.3477155675,-3.01825347041,83.899635237,-9.74122815933,-0.523728535113,-4.36128299538,0,0,-9.81,1.82853839219,0.00203891176789,0.346133156737,0.668457828747,0.0420464933002,-0.0641589693477,-19.3477155675,-3.01825347041,83.899635237,-9.86969993514,-0.292026022603,-4.08538260007,0,0,0,-1,0,0,0,1.44879465671,-9.31683527346,-0.202092298965,-53.8417055809,19.8839260481,-3.54852669911,-50.7721475206,-13.4345590186,-8.42172536518,64.8697999968,-13.4345590186,-8.42172536518,64.8697999968,2.00559991747,-0.159927898607,0.0218917448853,64.8697999968,0,0,2.81947657911,-9.1674032054,10.6193831014,-3.49338708175,-7.59622946945,11.6127331713,0,0,0,0,0,0,2.00049102545,0.0979658473927,0.0273542830881,0,0,0,5.35208206366,-3.08536064897,4.02283800309,4.06355913896,-2.72181444715,5.51603767109,0,0,0,0,0,0,1.54356196838,-0.160871552492,0.0325578736371,0,0,0,0.936631059227,-3.19645208606,-19.1491548753,9.83016908928,-4.81410302055,-16.0616594379,-5.91315654881,5.40347189477,19.0298352402,-5.91315654881,5.40347189477,19.0298352402,1.5991238392,0.102232192744,0.0232437514601,19.0298352402,0,0,15.206408,0,0,-0.00836763720577,-0.420959361892,0.0736729856696,0,15.206408,0,0.426866319854,-0.00939140895195,-0.0227491512624,0,0,15.206408,-0.0345310284054,0.0371350917798,-0.00448455677141,-0.00836763720577,0.426866319854,-0.0345310284054,0.214634174703,-0.00537114789704,-0.0240598261145,-0.420959361892,-0.00939140895195,0.0371350917798,-0.00537114789704,0.532042507597,-0.00844803041865,0.0736729856696,-0.0227491512624,-0.00448455677141,-0.0240598261145,-0.00844803041865,0.535500011138,-18.6343193459,-3.70608984742,-68.5789106606,-9.4086138668,-0.994484779634,-2.6375507013,0.713396222126,-0.687836378091,-152.478545888,0.332614293106,-0.470756242497,1.72373229412,-0.713396222126,0.687836378091,152.478545888,-0.332614293106,0.470756242497,-1.72373229412,0,0,0,0,0,0,0,0,0,0,0,0,0,0,0,0,0,0,-6.19778006694e-10,1.08904707474e-09,-9.76517355866e-09,-5.74514658069e-10,-2.02432604013e-09,-3.84563492162e-11,-18.6343193459,-3.70608984742,-68.5789106606,-9.4086138668,-0.994484779634,-2.6375507013,-5.28654653091,4.48793436129,-5.06300216384,-8.73655790018,-0.683022777757,-6.105245355,-0.813777351219,-1.87577100117,-1.38908727546,-2.45193901731,-1.00085598595,-2.82794627503,0.713396222126,-0.687836378091,-152.478545888,0.332614293106,-0.470756242497,1.72373229412,-5.08654653091,4.68793436129,-5.26300216384,2.21499865554,-6.42055406001,-1.53148072798,-3.79268045218,-4.44353810996,-0.353958384742,-2.25193901731,-1.20085598595,-3.02794627503,-19.3477155675,-3.01825347041,83.899635237,-9.74122815933,-0.523728535113,-4.36128299538,-0.2,-0.2,0.2,-10.9515565557,5.73753128225,-4.57376462702,2.97890310108,2.56776710891,-1.0351288918,-0.2,0.2,0.2,0,0,0,0,0,0,-3.68965099871,4.99120864525,-5.22778765531,1.50062324158,-5.73808105686,-1.55017877713,-2.46494948144,-3.96011687052,-0.442572910548,-3.02147923228,-0.565653160418,-3.68163793076
20.262,10130,15.206408,1.83372765378,0.004495538282,0.373833923093,0.99901148867,0.0397667462476,0.0183336770632,0.00765033878834,0.690710887279,0.0377896580684,-0.083774685062,-0.237100313106,-1.19833388901,-2.92259665512,-1.69601746482,2.03737259833,-5.53727682233,-3.76844462945,-5.44685300176,42.932273417,-21.2927093148,2.17445891682,98.3273363601,-9.38186542685,-1.04134652749,-3.68630845015,0,0,-9.81,1.8298703404,0.00212208335084,0.345987195934,0.665941513324,0.0416125884407,-0.0727821551738,-21.2927093148,2.17445891682,98.3273363601,-9.48927251614,-0.883320531556,-3.44472399772,0,0,0,-1,0,0,0,1.45071807218,-16.106905136,-1.60878800513,-66.0817941395,19.9759092307,-5.80284619547,-64.7774199474,-14.7007479617,-3.73996468386,76.5454059936,-14.7007479617,-3.73996468386,76.5454059936,2.0048858131,-0.158991550201,0.0210576324318,76.5454059936,0,0,0.137898440709,-7.7228041886,6.24711109561,-3.23714088912,-6.94398301445,6.32369641233,0,0,0,0,0,0,2.00112077715,0.0989749446421,0.0262220555456,0,0,0,2.00649850868,-3.40797193025,2.56501288578,1.23526756144,-3.21794173163,3.21536391571,0,0,0,0,0,0,1.54713454678,-0.160931332598,0.0339756890517,0,0,0,-0.528144368019,-3.42237842737,-21.7765680208,9.65862444776,-5.38752135148,-19.0760612497,-6.59196135316,5.91442360067,21.7819303665,-6.59196135316,5.91442360067,21.7819303665,1.59889651234,0.102194927149,0.023223038319,21.7819303665,0,0,15.206408,0,0,-0.00838197818258,-0.421413725734,0.0709522506931,0,15.206408,0,0.426959317124,-0.00918013534947,-0.0226269589329,0,0,15.206408,-0.0342806116388,0.0379973943647,-0.00441475417859,-0.00838197818258,0.426959317124,-0.0342806116388,0.214709288368,-0.00525837544134,-0.0239769940555,-0.421413725734,-0.00918013534947,0.0379973943647,-0.00525837544134,0.531949259857,-0.00812867347912,0.0709522506931,-0.0226269589329,-0.00441475417859,-0.0239769940555,-0.00812867347912,0.53508853915,-20.8013447722,1.76604715274,-53.8612102115,-8.9842552605,-1.53642662711,-1.990856809,0.491364544201,-0.408411765461,-152.188546547,0.397610168286,-0.495080094524,1.69545164096,-0.491364544201,0.408411765461,152.188546547,-0.397610168286,0.495080094524,-1.69545164096,0,0,0,0,0,0,0,0,0,0,0,0,0,0,0,0,0,0,-1.53087498234e-09,1.38756517387e-09,-2.43025937152e-08,-1.93440641283e-09,-5.09903386181e-09,1.87959869891e-10,-20.8013447722,1.76604715274,-53.8612102115,-8.9842552605,-1.53642662711,-1.990856809,-4.681311059,2.82784168463,-2.1921086026,-6.96306308127,-0.550229225137,-4.76063596246,-0.611783034912,-1.44902489632,-1.10555810736,-2.1910294484,-0.870511701036,-0.409029293479,0.491364544201,-0.408411765461,-152.188546547,0.397610168286,-0.495080094524,1.69545164096,-4.481311059,3.02784168463,-2.3921086026,3.59019949321,-7.03574736787,0.892984301212,-3.94388407758,-4.38602109971,0.0592227332323,-1.9910294484,-1.07051170104,-0.609029293479,-21.2927093148,2.17445891682,98.3273363601,-9.38186542685,-1.04134652749,-3.68630845015,-0.2,-0.2,0.2,-10.5532625745,6.48551814273,-5.65362026368,3.33210104346,2.93699620377,-1.16478084324,-0.2,0.2,0.2,0,0,0,0,0,0,-3.15916287006,3.36273530439,-2.43868999366,2.81402085032,-6.39491851387,0.79727500036,-2.6326944004,-3.9149966412,-0.0416987209518,-2.79975882311,-0.417651595801,-1.30576814734
20.264,10131,15.206408,1.83510202627,0.00457960779303,0.37365161494,0.999098386693,0.0369295795656,0.0195331164473,0.00755494690597,0.687186244566,0.0420347555168,-0.0911540765345,-0.244632541292,-1.20904673628,-2.83894593107,-1.76217805563,2.12800375886,-3.69710315481,-2.89655960121,-0.082941241371,7.68095471938,-22.8132520405,6.47321187868,111.160789456,-9.41551419411,-1.87139357227,-3.01994374528,0,0,-9.81,1.83119670987,0.00220581051441,0.345827831294,0.663164002031,0.0418824106064,-0.0794985800368,-22.8132520405,6.47321187868,111.160789456,-9.49466736877,-1.78380408473,-2.81840667934,0,0,0,-1,0,0,0,1.45265189961,-22.3557502691,-2.98486390025,-77.610225698,20.0597791828,-7.93517738141,-77.8888588602,-15.6345332759,0.356350247027,87.8097506302,-15.6345332759,0.356350247027,87.8097506302,2.00432669318,-0.158249469288,0.0204155956936,87.8097506302,0,0,-2.67173366971,-6.14723635013,2.84101918789,-3.67029492189,-6.04069727416,1.74269251459,0,0,0,0,0,0,2.00171764813,0.0998425661929,0.0251701755491,0,0,0,-0.610503962495,-3.15510142387,1.0542881058,-0.841408352886,-3.12202964248,0.991900392362,0,0,0,0,0,0,1.55073661666,-0.16106204363,0.0354199311566,0,0,0,-1.36240751698,-3.46901589215,-23.3082234061,9.51689601073,-5.64293588652,-20.8506467226,-7.17871876463,6.11686163165,23.3510388256,-7.17871876463,6.11686163165,23.3510388256,1.59874060817,0.102165588998,0.0232182917987,23.3510388256,0,0,15.206408,0,0,-0.00838492733264,-0.421698995191,0.0684031498798,0,15.206408,0,0.426922304457,-0.00895744946378,-0.0224796776707,0,0,15.206408,-0.0341466449944,0.0388417860147,-0.0043437761456,-0.00838492733264,0.426922304457,-0.0341466449944,0.214744708189,-0.00513919206736,-0.0238922529185,-0.421698995191,-0.00895744946378,0.0388417860147,-0.00513919206736,0.531784397291,-0.00781925756322,0.0684031498798,-0.0224796776707,-0.0043437761456,-0.0238922529185,-0.00781925756322,0.534692120254,-22.5008366026,6.18518785708,-40.8063959188,-8.99583499952,-2.36206301989,-1.36621693998,0.312415437951,-0.288024021673,-151.967185374,0.419679194594,-0.490669447574,1.65372680531,-0.312415437951,0.288024021673,151.967185374,-0.419679194594,0.490669447574,-1.65372680531,0,0,0,0,0,0,0,0,0,0,0,0,0,0,0,0,0,0,-6.40660857698e-11,6.94360124953e-11,-3.18564730151e-10,-5.60262947147e-12,-5.17448306425e-11,-6.4606098249e-12,-22.5008366026,6.18518785708,-40.8063959188,-8.99583499952,-2.36206301989,-1.36621693998,-3.88172161327,1.70452471077,0.421288314776,-5.46420990625,-0.541246020337,-3.5838561361,-0.348012181646,-1.0552650266,-0.940565532245,-1.53924381083,-0.927674055715,1.58885987676,0.312415437951,-0.288024021673,-151.967185374,0.419679194594,-0.490669447574,1.65372680531,-3.68172161327,1.50452471077,0.621288314776,4.85814184785,-7.68568727419,3.14112854924,-3.84725048959,-4.29806408796,0.239960153874,-1.33924381083,-1.12767405572,1.38885987676,-22.8132520405,6.47321187868,111.160789456,-9.41551419411,-1.87139357227,-3.01994374528,-0.2,0.2,-0.2,-10.3223517541,7.14444125385,-6.72498468533,3.49923830793,3.24279906135,-1.18052568616,-0.2,0.2,0.2,0,0,0,0,0,0,-2.40330216132,1.86070698375,0.534679503502,4.04071693107,-7.07176270371,2.98503050595,-2.54809408355,-3.83492524278,0.129195482543,-2.1730625195,-0.480792681585,0.683596223302
20.266,10132,15.206408,1.83646933977,0.00467232812661,0.373459858983,0.999177127527,0.0340587079406,0.0207234139655,0.00745736915917,0.683656753134,0.0463601667891,-0.0958779786638,-0.25040674139,-1.20908194261,-2.82493280336,-1.76467944713,2.165908875,-2.36246019369,-1.5151037699,4.39432273334,-16.2977393785,-23.1463005615,10.047926841,122.266438152,-9.24761761861,-2.52627628053,-2.3827750121,0,0,-9.81,1.8325170956,0.00229123465468,0.345658442441,0.660181272987,0.0427283776931,-0.0845234028274,-23.1463005615,10.047926841,122.266438152,-9.29934425783,-2.49691550196,-2.20583987956,0,0,0,-1,0,0,0,1.454595599,-27.6792606906,-4.34391871163,-86.3901136211,19.4812297126,-9.86087426549,-88.1561550956,-15.7515906998,3.86649676488,96.6096903064,-15.7515906998,3.86649676488,96.6096903064,2.00389247494,-0.157662179465,0.0199261432573,96.6096903064,0,0,-3.89035009299,-5.02019664188,0.637709284575,-3.47466042269,-5.27827578732,-0.900228282527,0,0,0,0,0,0,2.00224398085,0.100586081466,0.0241063795619,0,0,0,-1.94526268536,-2.71314353396,0.827529725464,-2.05545050608,-2.737845277,0.330645813106,0,0,0,0,0,0,1.55430466878,-0.161261309175,0.0368471755449,0,0,0,-2.70075771016,-3.28481641851,-25.3765393033,9.15205790477,-5.7545964485,-23.3490323985,-7.39470986169,6.18143007608,25.6567478452,-7.39470986169,6.18143007608,25.6567478452,1.59864098908,0.102142837393,0.0232245656768,25.6567478452,0,0,15.206408,0,0,-0.0083790173149,-0.421887842586,0.0659625273605,0,15.206408,0,0.426814460867,-0.00872419547521,-0.0223182240175,0,0,15.206408,-0.0341173037292,0.0396709246029,-0.00426661662984,-0.0083790173149,0.426814460867,-0.0341173037292,0.214766527514,-0.00501371575557,-0.0238097414754,-0.421887842586,-0.00872419547521,0.0396709246029,-0.00501371575557,0.53158330363,-0.00751742977909,0.0659625273605,-0.0223182240175,-0.00426661662984,-0.0238097414754,-0.00751742977909,0.534309801801,-22.9722729737,9.79773478162,-29.507101673,-8.83258693055,-2.98975805148,-0.762776933094,0.174027587772,-0.250192059353,-151.773539825,0.415030688056,-0.463481770948,1.61999807901,-0.174027587772,0.250192059353,151.773539825,-0.415030688056,0.463481770948,-1.61999807901,0,0,0,0,0,0,0,0,0,0,0,0,0,0,0,0,0,0,-5.79447601012e-12,5.35216315711e-12,-2.02362571144e-11,1.7763568394e-14,-2.71738187507e-12,-5.16475751056e-13,-22.9722729737,9.79773478162,-29.507101673,-8.83258693055,-2.98975805148,-0.762776933094,-3.24843562138,0.813903833951,1.88272504653,-4.29779014201,-0.529881835765,-2.65281087542,-0.17516606329,-0.752731778912,-0.786099801664,-1.06382598232,-0.606355181317,2.35988961945,0.174027587772,-0.250192059353,-151.773539825,0.415030688056,-0.463481770948,1.61999807901,-3.04843562138,0.613903833951,2.08272504653,5.7214132342,-8.01647152018,5.00850165616,-3.8270743221,-4.18627128051,0.564833833021,-0.863825982316,-0.806355181317,2.15988961945,-23.1463005615,10.047926841,122.266438152,-9.24761761861,-2.52627628053,-2.3827750121,-0.2,0.2,-0.2,-10.0192033762,7.48658968441,-7.66131253158,3.65190825881,3.4335395016,-1.35093363469,-0.2,0.2,0.2,0,0,0,0,0,0,-1.79166959915,0.984069489692,1.99494463899,4.88098731342,-7.41999583509,4.80843970173,-2.53316594492,-3.72727138076,0.444801153678,-1.7067607341,-0.186024748743,1.4752613481
20.268,10133,15.206408,1.83782710962,0.00477083289343,0.373277162902,0.999246787222,0.0312052588143,0.0218626175609,0.00735635788367,0.678884924177,0.0492523834096,-0.0913480406296,-0.253421361431,-1.2002164303,-2.85826862601,-2.37843574443,1.45534689949,2.25132420654,-0.407314269877,25.5104173778,9.12118144775,-41.205950153,2.0342259292,205.781971157,-4.91258334707,-10.2168401534,-1.264952359,0,0,-9.81,1.83383140497,0.00237930090021,0.345481955117,0.657149632541,0.0440494027182,-0.0880831758121,-41.205950153,2.0342259292,205.781971157,-4.82301136314,-10.1864417342,-1.75851315605,0,0,0,-1,0,0,0,1.45654337312,-28.7325540426,-3.00887946715,-90.2960438228,20.0819569057,-8.66421390025,-92.2476826367,-16.6477161415,3.91579165211,99.7310387552,-16.6477161415,3.91579165211,99.7310387552,2.00355881902,-0.157197871397,0.0195580921556,99.7310387552,0,0,-28.4292486727,11.1810653962,-59.4436398804,9.03283117023,2.13705731621,-66.1862952037,-16.2120326899,-8.56608292062,80.7977177663,-16.2120326899,-8.56608292062,80.7977177663,2.00268680556,0.10122049649,0.0229784742937,80.7977177663,0,0,-2.065429414,-1.86277045004,0.859746902031,-2.19725115811,-1.89254771552,0.255788275642,0,0,0,0,0,0,1.557806278,-0.161520753188,0.0382426327092,0,0,0,-1.85103652953,-3.91750651231,-25.387580542,9.81798623728,-6.34104336927,-22.949961972,-8.34620132166,6.68451719771,25.2532146357,-8.34620132166,6.68451719771,25.2532146357,1.59858531914,0.102125768943,0.0232373386265,25.2532146357,0,0,15.206408,0,0,-0.00836701822028,-0.422025087205,0.0635826246851,0,15.206408,0,0.426671512632,-0.00848216797428,-0.0221511099356,0,0,15.206408,-0.0341804643837,0.0404863964481,-0.0041795025444,-0.00836701822028,0.426671512632,-0.0341804643837,0.214788909312,-0.00488189764331,-0.0237304895832,-0.422025087205,-0.00848216797428,0.0404863964481,-0.00488189764331,0.53136908007,-0.00721985811755,0.0635826246851,-0.0221511099356,-0.0041795025444,-0.0237304895832,-0.00721985811755,0.533941725701,-41.1313585417,1.78412512021,54.1687209763,-4.51223064061,-10.6496833055,0.330153234248,0.0745916114226,-0.250100808894,-151.613250181,0.400352706502,-0.432843152168,1.59510559327,-0.0745916114226,0.250100808894,151.613250181,-0.400352706502,0.432843152168,-1.59510559327,0,0,0,0,0,0,0,0,0,0,0,0,0,0,0,0,0,0,-1.09373843316e-10,-1.00314423435e-10,-3.01838554151e-11,-3.69162478364e-11,4.3733905386e-11,-1.90651938681e-11,-41.1313585417,1.78412512021,54.1687209763,-4.51223064061,-10.6496833055,0.330153234248,-2.40197439155,7.27184407593,-4.28920947102,-4.15837105548,-0.611101522108,-1.60684501382,-0.320693738305,-0.46998127855,-0.546219873401,-0.768169369527,-0.231722404018,2.12460450833,0.0745916114226,-0.250100808894,-151.613250181,0.400352706502,-0.432843152168,1.59510559327,-3.11304750266,0.233166022857,2.12507605888,6.18193210717,-8.65261453006,6.13666264241,-4.14155519796,-4.29186549813,0.53300981219,-0.568169369527,-0.431722404018,1.92460450833,-41.205950153,2.0342259292,205.781971157,-4.91258334707,-10.2168401534,-1.264952359,0.711073111166,7.03867805305,-6.41428552992,-10.3403031627,8.04151300794,-7.74350765624,3.82086145965,3.82188421958,-1.07922968559,-0.2,0.2,0.2,0,0,0,0,0,0,-1.86644907544,0.612335669805,2.05949443217,5.33069480563,-8.06741394061,5.90595877606,-2.84817149187,-3.83397539156,0.404602108193,-1.41099117223,0.156744187142,1.27092675112
20.27,10134,15.206408,1.8391754011,0.00487590417393,0.373101886788,0.999307489729,0.0283705771322,0.022957384052,0.00725326419492,0.674145739255,0.0525356402512,-0.0876380567418,-0.254204241362,-1.1491319424,-2.84075622525,-2.36318078633,1.64923765665,1.84296955763,0.121505924791,22.1707301591,9.73372975842,-40.4702152164,8.79002400371,196.964241156,-3.82367715817,-8.34938863982,-1.13560493655,0,0,-9.81,1.83513489151,0.00246789560431,0.34532034034,0.651746765275,0.0443108379966,-0.0806561994017,-40.4702152164,8.79002400371,196.964241156,-3.75838937019,-8.32320074496,-1.49038080429,0,0,0,-1,0,0,0,1.45848848609,-29.7065729552,-4.00284501217,-93.9354044321,20.666605618,-9.79438224221,-95.9131114055,-17.9202156197,6.06848609186,102.385908129,-17.9202156197,6.06848609186,102.385908129,2.00330758438,-0.156830790522,0.0192887304675,102.385908129,0,0,-23.6768692697,7.44191454413,-50.5487120895,7.94895075835,-0.11299516212,-55.7489904692,-13.8133628962,-4.98288466096,68.5449713453,-13.8133628962,-4.98288466096,68.5449713453,2.00304326865,0.101722374457,0.0220728173333,68.5449713453,0,0,-1.86386513397,-1.40388478758,1.82034076929,-2.33605262665,-1.38093393787,1.18084962443,0,0,0,0,0,0,1.56124291987,-0.161822793637,0.0396047608164,0,0,0,-2.12151705676,-4.89971597882,-26.2914890869,9.89251856155,-7.4349396771,-23.8035753241,-8.73663670047,7.7044225728,26.0333616824,-8.73663670047,7.7044225728,26.0333616824,1.59856559001,0.102112743417,0.0232551308485,26.0333616824,0,0,15.206408,0,0,-0.00834406292959,-0.42205369894,0.0612931341484,0,15.206408,0,0.426440364985,-0.00823620458216,-0.0220503260999,0,0,15.206408,-0.0343244078839,0.0413218660107,-0.00408608551804,-0.00834406292959,0.426440364985,-0.0343244078839,0.214774489898,-0.00474116435144,-0.0236736489673,-0.42205369894,-0.00823620458216,0.0413218660107,-0.00474116435144,0.531104065213,-0.00693762212203,0.0612931341484,-0.0220503260999,-0.00408608551804,-0.0236736489673,-0.00693762212203,0.533581832491,-40.5251940521,8.582049161,45.492459604,-3.42151583647,-8.7486798728,0.376542881351,-0.0549788063412,-0.207974862318,-151.471781541,0.402161314959,-0.399291242027,1.51214782279,0.0549788063412,0.207974862318,151.471781541,-0.402161314959,0.399291242027,-1.51214782279,0,0,0,0,0,0,0,0,0,0,0,0,0,0,0,0,0,0,-2.93778015248e-08,1.96076612724e-08,-1.09038467144e-08,6.74375044696e-09,9.0438518896e-09,-4.89084439614e-09,-40.5251940521,8.582049161,45.492459604,-3.42151583647,-8.7486798728,0.376542881351,-1.82026798451,6.08350944566,-3.66084018769,-3.34890235269,-0.478803265577,-1.2425942548,-0.339789661256,-0.377260121493,-0.415671020084,-0.664502870164,0.245496482172,1.62090142754,-0.0549788063412,-0.207974862318,-151.471781541,0.402161314959,-0.399291242027,1.51214782279,-3.30787477242,0.0586983060297,1.73640910682,6.45571499525,-9.19699351971,6.47375937312,-4.59497056646,-4.41364366651,0.642717986462,-0.464502870164,0.0454964821716,1.42090142754,-40.4702152164,8.79002400371,196.964241156,-3.82367715817,-8.34938863982,-1.13560493655,1.48760679043,6.02481113829,-5.39724929558,-9.80461734858,8.71819025335,-7.71635362839,4.25518089601,4.03638353657,-1.05838901213,-0.2,0.2,0.2,0,0,0,0,0,0,-2.0948959625,0.485301384856,1.58855814824,5.59688913017,-8.62098864889,6.23025977015,-3.30997820939,-3.95066152088,0.510441890285,-1.31732969339,0.612039968354,0.794307066288
20.272,10135,15.206408,1.84051307888,0.00498624786489,0.372939473842,0.999359409737,0.0255687747252,0.0239978308886,0.00714926862377,0.668838889019,0.0551718454802,-0.0812064730666,-0.253941086813,-1.10475279197,-2.82193007219,-2.64806792567,1.32447267246,3.20664085835,1.10885145267,27.1468474003,16.7331004389,-41.6504455555,7.92240364439,213.475532347,-2.6349684184,-10.1035094233,-0.964772979833,0,0,-9.81,1.83642774854,0.00255880132626,0.345171287433,0.646440381595,0.0454663461922,-0.0743801797611,-41.6504455555,7.92240364439,213.475532347,-2.54327317621,-10.0734289507,-1.4186397927,0,0,0,-1,0,0,0,1.46042219523,-30.2670468114,-3.72242324358,-94.7415357583,20.1979190893,-9.52046410663,-96.9913088013,-17.8242014625,6.585256313,102.755363812,-17.8242014625,6.585256313,102.755363812,2.0031220032,-0.156540540811,0.0190984013957,102.755363812,0,0,-30.5648174814,12.3182709307,-65.8691451116,10.3234263182,2.53650547758,-72.8813086679,-14.68438637,-6.57556786162,83.7440355474,-14.68438637,-6.57556786162,83.7440355474,2.0033312759,0.102119009129,0.0213566768994,83.7440355474,0,0,-1.49586153821,-0.956931819251,2.4907126338,-2.23790684841,-0.886835300079,1.8873965563,0,0,0,0,0,0,1.5646177926,-0.162156716587,0.0409493121844,0,0,0,-2.29929564969,-5.03847632104,-27.3072520547,10.0770663456,-7.69667370496,-24.8107429685,-9.14185772291,7.91271519301,26.9761329875,-9.14185772291,7.91271519301,26.9761329875,1.59857439308,0.102102432414,0.0232757827469,26.9761329875,0,0,15.206408,0,0,-0.0083124396667,-0.421986074426,0.0590821499503,0,15.206408,0,0.426131588926,-0.00798677527621,-0.0220082224447,0,0,15.206408,-0.0345338461863,0.0421751529389,-0.00398637725365,-0.0083124396667,0.426131588926,-0.0345338461863,0.214727266333,-0.00459372744001,-0.0236349334809,-0.421986074426,-0.00798677527621,0.0421751529389,-0.00459372744001,0.530797137714,-0.00666845473184,0.0590821499503,-0.0220082224447,-0.00398637725365,-0.0236349334809,-0.00666845473184,0.533231063261,-41.8324920174,7.71425233261,62.0785953642,-2.24123880173,-10.4707320589,0.476490983555,-0.182046461903,-0.208151311794,-151.396936983,0.393729616666,-0.367222635611,1.44126396339,0.182046461903,0.208151311794,151.396936983,-0.393729616666,0.367222635611,-1.44126396339,0,0,0,0,0,0,0,0,0,0,0,0,0,0,0,0,0,0,-2.28226326726e-11,1.85451654033e-11,-7.50333128963e-12,6.4965810509e-12,6.87805368216e-12,-2.1143087281e-12,-41.8324920174,7.71425233261,62.0785953642,-2.24123880173,-10.4707320589,0.476490983555,-1.18413569064,4.72079819324,-2.63608874688,-2.97974555669,-0.461389216715,-0.760758844699,-0.364047869861,-0.27582903594,-0.258284231594,-0.558836482272,0.600527399242,1.10864434371,-0.182046461903,-0.208151311794,-151.396936983,0.393729616666,-0.367222635611,1.44126396339,-2.83151375024,-1.95897366955,4.41018319684,6.65583744218,-9.29811458083,6.9429153711,-4.74707205573,-4.53706667592,0.784265603268,-0.358836482272,0.400527399242,0.908644343707,-41.6504455555,7.92240364439,213.475532347,-2.6349684184,-10.1035094233,-0.964772979833,1.64737805961,6.67977186279,-7.04627194373,-9.63558299888,8.83672536411,-7.7036742158,4.38302418587,4.26123763998,-1.04254983487,-0.2,0.2,0.2,0,0,0,0,0,0,-1.63704042897,-1.49405053314,4.18908763999,5.79082011822,-8.72801215343,6.6900366197,-3.46996056144,-4.06904667997,0.649404442357,-1.22068714521,0.952456253347,0.300595299537
20.274,10136,15.206408,1.84183917427,0.00510080354067,0.372794825141,0.999402828651,0.0228158721596,0.0249758212477,0.0070448857315,0.663047697308,0.0572778378918,-0.0723243507239,-0.251718315173,-1.0504694431,-2.78913886759,-2.89113062279,1.05870028806,4.43473304679,1.76224668935,31.2615236715,24.7210994735,-42.6209394959,7.10398386354,228.154245554,-1.53515787897,-11.6708252593,-0.840857007353,0,0,-9.81,1.83770966155,0.00265179310244,0.345039142691,0.640974680761,0.0465110319305,-0.0659295072273,-42.6209394959,7.10398386354,228.154245554,-1.421425309,-11.6355094165,-1.36615634664,0,0,0,-1,0,0,0,1.46233839968,-30.5735653785,-3.41331970041,-95.158135375,19.7739811605,-9.20526722651,-97.5997802443,-17.6913395598,6.89582933676,102.777453861,-17.6913395598,6.89582933676,102.777453861,2.00298948661,-0.156310945391,0.0189721738472,102.777453861,0,0,-36.8386529112,16.5400997333,-79.7037943362,12.3420276433,4.75133183688,-88.3654642862,-15.4770347935,-7.94039615275,97.6538336497,-15.4770347935,-7.94039615275,97.6538336497,2.0035671484,0.102432316706,0.0207931918461,97.6538336497,0,0,-1.36762029502,-0.674631771805,2.78936234611,-2.24505399101,-0.583002725731,2.17391260081,0,0,0,0,0,0,1.56793916554,-0.162511807648,0.0422889702835,0,0,0,-2.41040917703,-5.22055571908,-28.1160918317,10.2261985095,-7.97940188173,-25.599470775,-9.45256514267,8.14855067953,27.7229580438,-9.45256514267,8.14855067953,27.7229580438,1.59860593066,0.102094209432,0.0232973024564,27.7229580438,0,0,15.206408,0,0,-0.00827283103085,-0.421839380507,0.0569477037142,0,15.206408,0,0.425760939879,-0.00773503383841,-0.0220201795053,0,0,15.206408,-0.0347926858172,0.0430335004967,-0.00387963374819,-0.00827283103085,0.425760939879,-0.0347926858172,0.214654317564,-0.00444205974719,-0.0236101445171,-0.421839380507,-0.00773503383841,0.0430335004967,-0.00444205974719,0.530461006719,-0.00641103189842,0.0569477037142,-0.0220201795053,-0.00387963374819,-0.0236101445171,-0.00641103189842,0.532892185995,-42.8986244453,6.87054974496,76.8092441508,-1.15386055329,-12.0197832749,0.516760300854,-0.277684949375,-0.23343411858,-151.345001404,0.381297325678,-0.348958015609,1.35761730821,0.277684949375,0.23343411858,151.345001404,-0.381297325678,0.348958015609,-1.35761730821,0,0,0,0,0,0,0,0,0,0,0,0,0,0,0,0,0,0,-2.13162820728e-14,1.95399252334e-14,5.68434188608e-14,6.88338275268e-15,7.1054273576e-15,3.66373598126e-15,-42.8986244453,6.87054974496,76.8092441508,-1.15386055329,-12.0197832749,0.516760300854,-0.688021699613,3.60051669091,-1.77565127074,-2.71297662388,-0.462308213796,-0.36400955502,-0.391134416172,-0.20796807894,-0.118039976744,-0.498447455988,0.798538392183,0.876434122849,-0.277684949375,-0.23343411858,-151.345001404,0.381297325678,-0.348958015609,1.35761730821,-2.50439449212,-3.71488181452,6.76838605827,6.79583103561,-9.39105505984,7.29714765888,-4.90060795363,-4.6526484073,0.908464022418,-0.298447455988,0.598538392183,0.676434122849,-42.6209394959,7.10398386354,228.154245554,-1.53515787897,-11.6708252593,-0.840857007353,1.81637279251,7.31539850543,-8.54403732901,-9.50880765949,8.92874684604,-7.6611572139,4.50947353745,4.44468032836,-1.02650399916,-0.2,0.2,0.2,0,0,0,0,0,0,-1.31877701288,-3.22062122998,6.49338593745,5.92588288546,-8.82528168554,7.04224619509,-3.63307322326,-4.17804996338,0.773500835482,-1.17101851088,1.14442799341,0.0790864772157
20.276,10137,15.206408,1.84315308495,0.00521916769327,0.372670363335,0.99943822609,0.0201191042015,0.0258900445596,0.00693970230613,0.656955336826,0.0591820762973,-0.0622309026674,-0.248197083872,-0.987989153819,-2.7404379935,-3.04244415945,0.957465855942,5.04319223857,1.66367668693,31.9426706168,28.3178382776,-43.3411921724,7.93577125497,233.395581865,-0.610292044583,-12.1220559605,-0.942244910589,0,0,-9.81,1.83898037102,0.00274665679388,0.344927767074,0.635377040969,0.047449226677,-0.0555484848693,-43.3411921724,7.93577125497,233.395581865,-0.499931940637,-12.0748823638,-1.46690371746,0,0,0,-1,0,0,0,1.46423343239,-30.0123200314,-3.1686870338,-95.4870236184,20.0771118716,-8.92439574316,-97.7026936691,-18.2755468424,7.11337477048,102.373540244,-18.2755468424,7.11337477048,102.373540244,2.00289999451,-0.156129175278,0.0188978134262,102.373540244,0,0,-39.9611453671,18.1326421576,-85.9740237921,12.8828915449,5.42580960708,-95.5081688297,-15.1549085505,-7.93158550165,103.599836677,-15.1549085505,-7.93158550165,103.599836677,2.00376379494,0.102679857569,0.0203522038802,103.599836677,0,0,-1.63820138521,-0.319763551076,2.55824128899,-2.4410988354,-0.249506716366,1.8191574627,0,0,0,0,0,0,1.5712099748,-0.16288138175,0.0436287785856,0,0,0,-1.90602900689,-5.90405607387,-28.0555809271,10.5592251714,-8.63780172031,-25.2882896036,-9.91073677948,8.75398198614,27.4222049452,-9.91073677948,8.75398198614,27.4222049452,1.59865563776,0.102087498166,0.023318209664,27.4222049452,0,0,15.206408,0,0,-0.00822563734521,-0.421629453515,0.0548923251403,0,15.206408,0,0.425343351406,-0.00748195555723,-0.0220816475378,0,0,15.206408,-0.0350882100964,0.0438858407767,-0.0037658413217,-0.00822563734521,0.425343351406,-0.0350882100964,0.21456267478,-0.0042886029655,-0.0235963018987,-0.421629453515,-0.00748195555723,0.0438858407767,-0.0042886029655,0.530106705893,-0.0061649620286,0.0548923251403,-0.0220816475378,-0.0037658413217,-0.0235963018987,-0.0061649620286,0.53256749381,-43.6815104782,7.66834183888,82.1044640951,-0.241393983064,-12.4651140648,0.319816502217,-0.340318304772,-0.267429416686,-151.291117769,0.3688980614,-0.343058104408,1.26206141286,0.340318304772,0.267429416686,151.291117769,-0.3688980614,0.343058104408,-1.26206141286,0,0,0,0,0,0,0,0,0,0,0,0,0,0,0,0,0,0,-1.04710551341e-09,5.9699001298e-10,-1.26362920128e-09,1.18797749415e-10,1.03188568801e-10,-5.37112576637e-11,-43.6815104782,7.66834183888,82.1044640951,-0.241393983064,-12.4651140648,0.319816502217,-0.345411442008,2.78655291467,-1.20015414019,-2.41567096591,-0.455109872172,-0.0959485596948,-0.395556985215,-0.164855164044,-0.0339889137671,-0.29079458205,0.781225717579,1.04503998738,-0.340318304772,-0.267429416686,-151.291117769,0.3688980614,-0.343058104408,1.26206141286,-2.44905471972,-4.63089583453,8.10088603455,6.94603127466,-9.72778001248,7.32559517915,-5.11684353912,-4.81308021874,0.839183427945,-0.0907945820497,0.581225717579,0.845039987379,-43.3411921724,7.93577125497,233.395581865,-0.610292044583,-12.1220559605,-0.942244910589,2.10364327772,7.4174487492,-9.30104017474,-9.3617022406,9.27267014027,-7.42154373887,4.72128655376,4.6482250544,-0.873172342021,-0.2,0.2,0.2,0,0,0,0,0,0,-1.2679387215,-4.11398257753,7.78958849792,6.07142562736,-9.16538175775,7.07484888909,-3.86067581015,-4.33084922981,0.706445424671,-0.975963402769,1.12559636007,0.254835442808
20.278,10138,15.206408,1.84445416581,0.00534079408133,0.37256846161,0.999466097464,0.017486942447,0.0267401595208,0.00683306171093,0.650540431421,0.0608131940294,-0.0509508625592,-0.244872555467,-0.924149803861,-2.68452384652,-3.20438379948,0.820767180579,5.63922745065,1.46187125801,32.1400889468,32.5501347047,-44.3836966373,7.92508985874,238.438041645,0.281024396953,-12.498033832,-1.09400348429,0,0,-9.81,1.84023968471,0.00284361080143,0.344838537748,0.629681858899,0.0484964136248,-0.0444796616829,-44.3836966373,7.92508985874,238.438041645,0.384047081051,-12.4389182518,-1.61322303593,0,0,0,-1,0,0,0,1.4657202215,-28.9505456559,-2.61993871698,-94.5801008868,20.2258653317,-8.27276035488,-96.5032096052,-18.6582944241,6.85309646386,100.771509321,-18.6582944241,6.85309646386,100.771509321,2.00284532751,-0.15598508148,0.0188652297266,100.771509321,0,0,-43.1763653167,20.0549387854,-93.3799194001,13.9321637013,6.28923870968,-103.694497105,-15.4960209019,-8.2557908732,110.758131323,-15.4960209019,-8.2557908732,110.758131323,2.00393073433,0.102875606239,0.0200112439111,110.758131323,0,0,-1.97804334176,0.0515736183821,2.15212577172,-2.63109438086,0.0868848724874,1.27151642351,0,0,0,0,0,0,1.57442480699,-0.163258404322,0.0449617676678,0,0,0,-1.39487047721,-6.57797307178,-27.7405082562,10.7924539187,-9.26263707062,-24.7482864983,-10.2293813113,9.32778426807,26.9084010015,-10.2293813113,9.32778426807,26.9084010015,1.59872021573,0.102081370097,0.023338180368,26.9084010015,0,0,15.206408,0,0,-0.00817102020027,-0.421372992152,0.052914068217,0,15.206408,0,0.424894284176,-0.00722743652689,-0.0221867482165,0,0,15.206408,-0.0354110832526,0.0447256812427,-0.00364525049396,-0.00817102020027,0.424894284176,-0.0354110832526,0.214458847248,-0.00413490562234,-0.0235923193441,-0.421372992152,-0.00722743652689,0.0447256812427,-0.00413490562234,0.529743103329,-0.00593019242868,0.052914068217,-0.0221867482165,-0.00364525049396,-0.0235923193441,-0.00593019242868,0.532257447015,-44.7650118988,7.62689963763,87.2126555276,0.638787181425,-12.8390634356,0.0705281033105,-0.38131526146,-0.298190221107,-151.225386118,0.357762784472,-0.34102960363,1.1645315876,0.38131526146,0.298190221107,151.225386118,-0.357762784472,0.34102960363,-1.1645315876,0,0,0,0,0,0,0,0,0,0,0,0,0,0,0,0,0,0,-2.43716158366e-12,1.96287430754e-12,-1.56319401867e-12,7.36743999141e-13,7.90478793533e-13,-1.20570220474e-13,-44.7650118988,7.62689963763,87.2126555276,0.638787181425,-12.8390634356,0.0705281033105,-0.0876556449377,2.09538004361,-0.701449369171,-2.19134841257,-0.44964491243,0.111455577527,-0.396206330142,-0.145935396945,0.0449704946769,-0.0537012869504,0.686240865134,1.30269638622,-0.38131526146,-0.298190221107,-151.225386118,0.357762784472,-0.34102960363,1.1645315876,-2.41114769265,-5.70569799443,9.3593292056,7.06509300392,-9.95425791785,7.20013939454,-5.30463434766,-4.93563111677,0.773559865953,0.14629871305,0.486240865134,1.10269638622,-44.3836966373,7.92508985874,238.438041645,0.281024396953,-12.498033832,-1.09400348429,2.32349204771,7.80107803804,-10.0607785748,-9.25644141649,9.50461300542,-7.08868381702,4.90842801752,4.78969571982,-0.728589371276,-0.2,0.2,0.2,0,0,0,0,0,0,-1.23270166,-5.17076557154,9.02396816103,6.18603826696,-9.39456585464,6.95733511445,-4.06045075307,-4.44568962853,0.644306656123,-0.751418617666,1.02770209521,0.52208017737
20.28,10139,15.206408,1.84574204978,0.00546485557745,0.372489597048,0.999486959905,0.0149251128715,0.0275290679678,0.00672371939955,0.643941986011,0.0620307480626,-0.0394322813163,-0.241949527533,-0.859910410393,-2.62014110025,-3.2967227941,0.613688482292,5.76005270312,0.878864898218,30.7145560004,35.4378114699,-45.0973279957,6.38333462226,237.911739883,0.842585660991,-12.0169810932,-1.37117372411,0,0,-9.81,1.84148732584,0.00294265120048,0.344772778949,0.62384697653,0.0495410587008,-0.03274980219,-45.0973279957,6.38333462226,237.911739883,0.920582181037,-11.9487841901,-1.83765812888,0,0,0,-1,0,0,0,1.46706546569,-26.5707129542,-1.491816585,-90.7975019473,20.1576571208,-6.8612594515,-92.1900571733,-18.842682355,5.74704544676,96.1597999425,-18.842682355,5.74704544676,96.1597999425,2.00281890601,-0.15587062349,0.018866487901,96.1597999425,0,0,-45.0789026257,21.7574140252,-98.2341001473,14.6804703587,7.30599732229,-109.025396821,-15.7379589528,-8.85019850273,115.255238416,-15.7379589528,-8.85019850273,115.255238416,2.00407549527,0.103030639578,0.0197510135648,115.255238416,0,0,-2.06663627673,0.228492942617,2.05000643861,-2.68928941601,0.254858187086,1.10837298094,0,0,0,0,0,0,1.57757738693,-0.163635769396,0.0462774021021,0,0,0,-0.919140529677,-6.8026784061,-27.4767453785,11.011157262,-9.44891570575,-24.3221133362,-10.5166866879,9.48648767822,26.4967015243,-10.5166866879,9.48648767822,26.4967015243,1.59879714489,0.102074963596,0.0233572170613,26.4967015243,0,0,15.206408,0,0,-0.00810901494286,-0.421086477772,0.0510128332477,0,15.206408,0,0.424429262977,-0.00697141429783,-0.0223292688683,0,0,15.206408,-0.0357531735387,0.04554716838,-0.00351846495056,-0.00810901494286,0.424429262977,-0.0357531735387,0.214349091433,-0.00398224674505,-0.0235976825725,-0.421086477772,-0.00697141429783,0.04554716838,-0.00398224674505,0.529378025687,-0.00570698320703,0.0510128332477,-0.0223292688683,-0.00351846495056,-0.0235976825725,-0.00570698320703,0.53196186325,-45.4997830384,6.06325870044,86.7684599722,1.1916525468,-12.358944738,-0.306055805662,-0.402455042686,-0.320075921817,-151.14327991,0.349066885811,-0.341963644842,1.06511791845,0.402455042686,0.320075921817,151.14327991,-0.349066885811,0.341963644842,-1.06511791845,0,0,0,0,0,0,0,0,0,0,0,0,0,0,0,0,0,0,-1.42108547152e-14,1.33226762955e-14,-2.84217094304e-14,1.7763568394e-15,1.7763568394e-14,-1.55431223448e-15,-45.4997830384,6.06325870044,86.7684599722,1.1916525468,-12.358944738,-0.306055805662,0.0671028243042,1.57314552795,-0.355796811697,-1.96246573559,-0.399296991985,0.206648952696,-0.387270147909,-0.145890601611,0.106680308769,0.0385398287835,0.662030882716,1.35721468816,-0.402455042686,-0.320075921817,-151.14327991,0.349066885811,-0.341963644842,1.06511791845,-2.24429663922,-6.53523126748,10.1464131805,7.15248593202,-9.9706062731,7.06707945855,-5.3279864762,-5.06581809664,0.70497164296,0.238539828783,0.462030882716,1.15721468816,-45.0973279957,6.38333462226,237.911739883,0.842585660991,-12.0169810932,-1.37117372411,2.31139946352,8.10837679543,-10.5022099922,-9.11495166761,9.57130928112,-6.86043050585,4.94071632829,4.91992749503,-0.598291334191,-0.2,0.2,0.2,0,0,0,0,0,0,-1.06827657468,-5.98604754534,9.7979294814,6.26872536919,-9.41322988611,6.83510756138,-4.0964569325,-4.56838770332,0.580504618951,-0.671882287389,0.997871747281,0.590039860787
20.282,10140,15.206408,1.84701651292,0.00559083970871,0.372434049469,0.999501434062,0.0124350653783,0.0282585390003,0.00661115955171,0.637231568711,0.0629920656305,-0.0277737892798,-0.240191699053,-0.798517761411,-2.54998430266,-3.3531563248,0.485155506306,5.83100614485,0.585736564553,29.8392712936,36.1596410173,-45.3570464499,5.65268435811,237.339335059,1.18169089134,-11.6670401816,-1.48268991649,0,0,-9.81,1.84272310491,0.0030433716189,0.344730351444,0.617916426681,0.0503820767526,-0.0210899387259,-45.3570464499,5.65268435811,237.339335059,1.2451270544,-11.6002467551,-1.89697738249,0,0,0,-1,0,0,0,1.46840020825,-25.377895876,-0.826202984939,-88.6334632162,19.8555936877,-6.04713499261,-89.8320575845,-18.7144118374,5.17327165072,93.5169679217,-18.7144118374,5.17327165072,93.5169679217,2.00281521865,-0.155779423691,0.0188959890202,93.5169679217,0,0,-46.0108034862,22.7516823595,-101.119546092,15.1803428718,7.90191991697,-112.102241464,-15.8502182832,-9.11061415405,117.667919014,-15.8502182832,-9.11061415405,117.667919014,2.00420366346,0.103153716733,0.0195561808784,117.667919014,0,0,-1.9448527026,0.385736842153,2.10757468791,-2.61139083944,0.420881676303,1.17329131486,0,0,0,0,0,0,1.58066621383,-0.164009866285,0.0475722618435,0,0,0,-0.484479322164,-6.95633709858,-27.2671928657,11.2181560533,-9.57299842291,-23.971562919,-10.7924163293,9.59002686145,26.1544481229,-10.7924163293,9.59002686145,26.1544481229,1.59888435843,0.102067869072,0.023375203189,26.1544481229,0,0,15.206408,0,0,-0.00803929888842,-0.420779971829,0.0491874561251,0,15.206408,0,0.423957503521,-0.00671325910346,-0.0225034227182,0,0,15.206408,-0.0361081892511,0.0463473541646,-0.00338635071872,-0.00803929888842,0.423957503521,-0.0361081892511,0.214237178293,-0.00383169023303,-0.0236113342926,-0.420779971829,-0.00671325910346,0.0463473541646,-0.00383169023303,0.529015988814,-0.00549499947792,0.0491874561251,-0.0225034227182,-0.00338635071872,-0.0236113342926,-0.00549499947792,0.531680187841,-45.7667332942,5.31745364166,86.2839154232,1.5247846799,-12.0121014014,-0.512973661928,-0.409686827922,-0.335230700709,-151.055419633,0.34309379455,-0.345061226238,0.969716255843,0.409686827922,0.335230700709,151.055419633,-0.34309379455,0.345061226238,-0.969716255843,0,0,0,0,0,0,0,0,0,0,0,0,0,0,0,0,0,0,-1.64381859236e-08,-1.57439519199e-08,-2.6313955459e-09,-5.98916516381e-09,6.48587494823e-09,-1.28111454778e-09,-45.7667332942,5.31745364166,86.2839154232,1.5247846799,-12.0121014014,-0.512973661928,0.197412159458,1.16835977278,-0.0882871262691,-1.76890092253,-0.389323638135,0.313315379862,-0.374466935164,-0.132436747845,0.143398337959,0.114109779938,0.672830384056,1.26014349756,-0.409686827922,-0.335230700709,-151.055419633,0.34309379455,-0.345061226238,0.969716255843,-2.12281691384,-7.16076446638,10.6299819422,7.2459078891,-9.95324661093,6.83809596209,-5.33005451785,-5.1794987351,0.620833023808,0.314109779938,0.472830384056,1.06014349756,-45.3570464499,5.65268435811,237.339335059,1.18169089134,-11.6670401816,-1.48268991649,2.32022907917,8.32912423351,-10.7182690722,-9.01480881164,9.56392297279,-6.52478058223,4.95558758266,5.04706198724,-0.477434685867,-0.2,0.2,0.2,0,0,0,0,0,0,-0.949499123082,-6.60015550705,10.2760048653,6.35704368019,-9.39770721702,6.61765921289,-4.11129871018,-4.67525066706,0.502085236623,-0.609139549321,1.00223646123,0.507203100633
20.284,10141,15.206408,1.84827731808,0.00571835370246,0.372401915541,0.999510111106,0.0100174960627,0.0289310352785,0.00649482615244,0.63040257944,0.063756996876,-0.0160669640335,-0.239021586363,-0.73887818862,-2.4783613985,-3.41282755423,0.386627814389,5.85613616458,0.255219264609,28.6120388392,36.5040006587,-45.8425638415,5.26635325591,235.957428627,1.53384059131,-11.2621581356,-1.64011035044,0,0,-9.81,1.84394695179,0.00314557925923,0.344711104525,0.611949894261,0.0511263591831,-0.00950547973503,-45.8425638415,5.26635325591,235.957428627,1.57926176536,-11.1961853037,-2.00753622978,0,0,0,-1,0,0,0,1.46972336347,-24.0186213155,-0.216227007377,-86.6814737619,19.8178286978,-5.29634935396,-87.5775151896,-18.8204124784,4.61134162665,91.0176668943,-18.8204124784,4.61134162665,91.0176668943,2.0028299639,-0.155706488399,0.0189483690806,91.0176668943,0,0,-46.6808831379,23.3955378988,-103.428907903,15.5845476471,8.22491328387,-114.514050274,-15.959246355,-9.17065422385,119.524548148,-15.959246355,-9.17065422385,119.524548148,2.00431951733,0.103251748274,0.0194146042683,119.524548148,0,0,-1.88892832159,0.673319300031,2.05906696465,-2.5560648833,0.708169722247,1.10733635615,0,0,0,0,0,0,1.5836940528,-0.164377110807,0.0488473389873,0,0,0,0.127962589865,-7.30488611282,-26.6879533363,11.4390524853,-9.84307306529,-23.1923819324,-11.062905008,9.82566585311,25.4152135848,-11.062905008,9.82566585311,25.4152135848,1.5989801419,0.102059814972,0.0233920505488,25.4152135848,0,0,15.206408,0,0,-0.00796192924898,-0.42046099221,0.0474344120836,0,15.206408,0,0.423485338786,-0.00645275726455,-0.0227048789291,0,0,15.206408,-0.0364713172922,0.0471237595087,-0.00324941975944,-0.00796192924898,0.423485338786,-0.0364713172922,0.21412556496,-0.00368373939559,-0.0236320610478,-0.42046099221,-0.00645275726455,0.0471237595087,-0.00368373939559,0.528660331505,-0.00529352185403,0.0474344120836,-0.0227048789291,-0.00324941975944,-0.0236320610478,-0.00529352185403,0.531411933801,-46.2454582119,4.92109908709,84.9906135098,1.87345968196,-11.6139755688,-0.760324046581,-0.402894370361,-0.345254168729,-150.966815117,0.339619090679,-0.351817433217,0.879786303862,0.402894370361,0.345254168729,150.966815117,-0.339619090679,0.351817433217,-0.879786303862,0,0,0,0,0,0,0,0,0,0,0,0,0,0,0,0,0,0,-1.05266906303e-10,-9.25979293243e-11,-1.7564616428e-11,-3.52222695454e-11,4.13624690054e-11,-7.12896408572e-12,-46.2454582119,4.92109908709,84.9906135098,1.87345968196,-11.6139755688,-0.760324046581,0.286825425812,0.841977788887,0.120661243136,-1.60160807236,-0.387288236095,0.393487424917,-0.366031647311,-0.12007520974,0.157200825537,0.282429166432,0.645304259623,1.21638329402,-0.402894370361,-0.345254168729,-150.966815117,0.339619090679,-0.351817433217,0.879786303862,-2.08790330824,-7.69810639996,10.9888436793,7.32469865888,-10.0264837772,6.55185574038,-5.36595493964,-5.27641487698,0.475792797636,0.482429166432,0.445304259623,1.01638329402,-45.8425638415,5.26635325591,235.957428627,1.53384059131,-11.2621581356,-1.64011035044,2.37472873408,8.54008418881,-10.8681824362,-8.92630673124,9.63919554112,-6.15836831546,4.99992329233,5.15633966723,-0.318591972099,-0.2,0.2,0.2,0,0,0,0,0,0,-0.917655785208,-7.12818324071,10.6353630167,6.43074976258,-9.47254597763,6.34416195653,-4.15973611066,-4.76574986357,0.363215133053,-0.453254216157,0.969230211484,0.476342366826
20.286,10142,15.206408,1.84952427254,0.00584718881579,0.3723931789,0.999513522846,0.00767551777745,0.0295495318568,0.00637410707721,0.62347723092,0.0644175566615,-0.00436832062966,-0.238513470578,-0.681690801199,-2.40601614398,-3.46131569456,0.334292194161,5.85310357411,-0.0434094111174,27.1299555949,38.0646185911,-46.3407577889,5.6383602101,233.74885595,2.05688367685,-10.9011259933,-1.85208474375,0,0,-9.81,1.84515873737,0.00324917174627,0.3447146745,0.605918081936,0.0518190404074,0.00189706314663,-46.3407577889,5.6383602101,233.74885595,2.08112675865,-10.8337287963,-2.18969588387,0,0,0,-1,0,0,0,1.47103426456,-22.5333443715,0.303762381429,-84.9104603569,19.9922228639,-4.6424043819,-85.4189046095,-19.1179763509,4.10681232754,88.6476094744,-19.1179763509,4.10681232754,88.6476094744,2.00285972175,-0.155647879798,0.0190191174989,88.6476094744,0,0,-47.0972579498,23.5186494944,-105.254315913,15.9404484041,8.09788212423,-116.318854914,-16.0873510388,-8.83791595816,120.868705094,-16.0873510388,-8.83791595816,120.868705094,2.00442631858,0.103330161216,0.0193162437888,120.868705094,0,0,-1.96973354178,1.19208047949,1.83075610444,-2.55752833778,1.20890658501,0.806329758421,0,0,0,0,0,0,1.58666265252,-0.164731471904,0.0501012710085,0,0,0,0.751875889018,-8.04624610912,-25.6232070379,11.4831220237,-10.4546385521,-21.9247479813,-11.1354303992,10.3694638407,24.2325413822,-11.1354303992,10.3694638407,24.2325413822,1.59908341887,0.102050222066,0.0234083195803,24.2325413822,0,0,15.206408,0,0,-0.00787692812164,-0.420137460621,0.0457498453068,0,15.206408,0,0.423019610289,-0.00618969406896,-0.0229293660381,0,0,15.206408,-0.0368381794066,0.0478746170343,-0.0031082117604,-0.00787692812164,0.423019610289,-0.0368381794066,0.214016294011,-0.00353855097593,-0.0236591519542,-0.420137460621,-0.00618969406896,0.0478746170343,-0.00353855097593,0.528313894269,-0.00510195135231,0.0457498453068,-0.0229293660381,-0.0031082117604,-0.0236591519542,-0.00510195135231,0.531156168639,-46.7258907158,5.28938211874,82.8716908811,2.39517175143,-11.2617599059,-1.05652606046,-0.385132926941,-0.348978091353,-150.877165069,0.338288074578,-0.360633912613,0.795558683296,0.385132926941,0.348978091353,150.877165069,-0.338288074578,0.360633912613,-0.795558683296,0,0,0,0,0,0,0,0,0,0,0,0,0,0,0,0,0,0,-7.1054273576e-15,2.05968575528e-12,-1.3073986338e-12,6.70130617664e-13,-3.12638803734e-13,-4.44311254455e-13,-46.7258907158,5.28938211874,82.8716908811,2.39517175143,-11.2617599059,-1.05652606046,0.335457938937,0.575541210228,0.286538515701,-1.46723720821,-0.387048055276,0.448202299892,-0.383120260448,-0.105673939406,0.147254649425,0.604324932494,0.569526128038,1.25970579523,-0.385132926941,-0.348978091353,-150.877165069,0.338288074578,-0.360633912613,0.795558683296,-2.21232328981,-8.17175816222,11.2436512516,7.36351971316,-10.1686979359,6.21648237655,-5.52229882601,-5.27906473332,0.308211864762,0.804324932494,0.369526128038,1.05970579523,-46.3407577889,5.6383602101,233.74885595,2.05688367685,-10.9011259933,-1.85208474375,2.54778122874,8.74729937245,-10.9571127359,-8.83075692137,9.78164988066,-5.76828007666,5.13917856556,5.17339079392,-0.160957215337,-0.2,0.2,0.2,0,0,0,0,0,0,-1.04560665269,-7.59425882338,10.8953362607,6.46446434658,-9.61627292136,6.02236483204,-4.32835520657,-4.76244609973,0.201901972442,-0.142965315794,0.888149392169,0.532031180601
20.288,10143,15.206408,1.85075735259,0.00597703436882,0.372406950167,0.99951221734,0.00540667666047,0.0301172994148,0.00624848080066,0.616540025618,0.0649227765183,0.00688563363322,-0.238603113173,-0.627459548229,-2.33052590501,-3.46748575993,0.256285512852,5.63102727557,-0.421469627334,25.4893172853,36.8368354612,-46.4771924954,5.00032195652,229.714135694,2.13149391249,-10.1930754106,-1.97527037752,0,0,-9.81,1.84635832956,0.00335424594444,0.344740479988,0.599819696491,0.0525596182187,0.0130087309261,-46.4771924954,5.00032195652,229.714135694,2.1359818106,-10.1333561114,-2.25752548451,0,0,0,-1,0,0,0,1.47233280188,-21.1773794658,0.914120193887,-82.5396083137,19.7837235961,-3.87913199249,-82.7989164965,-19.0238501563,3.45928830331,85.8552547913,-19.0238501563,3.45928830331,85.8552547913,2.00290175927,-0.155600485486,0.0191044375836,85.8552547913,0,0,-46.6288784096,23.6717806881,-105.278296238,16.0704613521,8.26231349851,-116.153345234,-16.0740874064,-8.84077025913,120.33937306,-16.0740874064,-8.84077025913,120.33937306,2.00452656774,0.103393207109,0.0192528353203,120.33937306,0,0,-1.86872496493,1.28975362662,1.9148276664,-2.50796125719,1.31639608,0.894088416747,0,0,0,0,0,0,1.58957174619,-0.165062587579,0.0513284018637,0,0,0,1.34752610458,-8.15844801174,-25.0376830179,11.6956311432,-10.4899606995,-21.1762746523,-11.3792549327,10.3818039123,23.5195078421,-11.3792549327,10.3818039123,23.5195078421,1.59919377996,0.102037815408,0.0234254395827,23.5195078421,0,0,15.206408,0,0,-0.00778430809357,-0.419818571648,0.044131577535,0,15.206408,0,0.422568804947,-0.00592406395049,-0.0231727670983,0,0,15.206408,-0.0372041520324,0.048598873301,-0.00296353255081,-0.00778430809357,0.422568804947,-0.0372041520324,0.213911117903,-0.00339606225713,-0.0236926377743,-0.419818571648,-0.00592406395049,0.048598873301,-0.00339606225713,0.527979342125,-0.00492007927805,0.044131577535,-0.0231727670983,-0.00296353255081,-0.0236926377743,-0.00492007927805,0.530911460502,-46.8364595152,4.6557832464,78.9294076394,2.47026933959,-10.5631617329,-1.25945409156,-0.359267019874,-0.344538710124,-150.784728054,0.3387754271,-0.370086322287,0.715816285966,0.359267019874,0.344538710124,150.784728054,-0.3387754271,0.370086322287,-0.715816285966,0,0,0,0,0,0,0,0,0,0,0,0,0,0,0,0,0,0,-2.13162820728e-14,1.15463194561e-14,0,7.54951656745e-15,1.24344978758e-14,-4.4408920985e-16,-46.8364595152,4.6557832464,78.9294076394,2.47026933959,-10.5631617329,-1.25945409156,0.365929768709,0.390819249085,0.380275376645,-1.32056033999,-0.377624153119,0.475363582208,-0.373366376014,-0.0964884897578,0.13460625912,0.662506215937,0.589422952969,1.17302818329,-0.359267019874,-0.344538710124,-150.784728054,0.3387754271,-0.370086322287,0.715816285966,-2.14034337097,-8.46670322933,11.2188168882,7.42358502494,-10.1348147844,5.89219118406,-5.47244909857,-5.36643751873,0.1438680519,0.862506215937,0.389422952969,0.973028183293,-46.4771924954,5.00032195652,229.714135694,2.13149391249,-10.1930754106,-1.97527037752,2.50627313968,8.85752247842,-10.8385415116,-8.74414536494,9.75719063126,-5.41682760186,5.09908272256,5.26994902897,-0.00926179278032,-0.2,0.2,0.2,0,0,0,0,0,0,-0.977841190877,-7.88308734217,10.8793639564,6.51902969169,-9.58388872336,5.71208580242,-4.29085759868,-4.84430502632,0.0435790429378,-0.0953337565954,0.901898000093,0.458420796748
20.29,10144,15.206408,1.85197654198,0.00610764780452,0.372442314482,0.999506673457,0.00321015055341,0.030637933115,0.00611732809264,0.609594692645,0.0653067178471,0.0176821576041,-0.239449610474,-0.576508868534,-2.25745157114,-3.47177423853,0.195411864078,5.40255603703,-0.804241234608,23.6876921993,36.4352975044,-46.6332778583,4.58536822225,225.515435811,2.26128222038,-9.47895616316,-2.12123316755,0,0,-9.81,1.84754569203,0.00346063376144,0.344787460196,0.593702892095,0.0532159790518,0.0235902958314,-46.6332778583,4.58536822225,225.515435811,2.24446418138,-9.42655192026,-2.35926615869,0,0,0,-1,0,0,0,1.4736180731,-19.7370219606,1.5302975888,-80.2443538381,19.7009147251,-3.11189114086,-80.2074701135,-19.0429104982,2.78317139042,83.1150454478,-19.0429104982,2.78317139042,83.1150454478,2.00295380622,-0.155561861403,0.0192013210579,83.1150454478,0,0,-46.0682357634,23.6006427519,-105.117808252,16.1790833706,8.22843791364,-115.75645281,-16.0767236827,-8.68165811755,119.635556391,-16.0767236827,-8.68165811755,119.635556391,2.00462203769,0.103444242786,0.0192180586659,119.635556391,0,0,-1.78286479566,1.45281760407,1.94142240739,-2.45098392053,1.48513652282,0.919485815069,0,0,0,0,0,0,1.59242335552,-0.165368189249,0.0525301287883,0,0,0,1.87176574889,-8.38311394104,-24.3658898297,11.816258373,-10.6329831623,-20.3664528256,-11.5136436775,10.4838549494,22.7648339713,-11.5136436775,10.4838549494,22.7648339713,1.59931079743,0.102022200682,0.0234440119141,22.7648339713,0,0,15.206408,0,0,-0.00768404999908,-0.419507904868,0.0425750048463,0,15.206408,0,0.422135517847,-0.00565552467234,-0.0234322070234,0,0,15.206408,-0.0375670772454,0.0492966582037,-0.00281582476165,-0.00768404999908,0.422135517847,-0.0375670772454,0.213810667907,-0.00325630961306,-0.0237317651637,-0.419507904868,-0.00565552467234,0.0492966582037,-0.00325630961306,0.527657702052,-0.0047471269862,0.0425750048463,-0.0234322070234,-0.00281582476165,-0.0237317651637,-0.0047471269862,0.530677079586,-46.9629547024,4.24785333692,74.8186860097,2.60165338827,-9.85892120303,-1.47786795682,-0.329676758673,-0.337514986564,-150.696749829,0.340371133334,-0.379965064377,0.643365200485,0.329676758673,0.337514986564,150.696749829,-0.340371133334,0.379965064377,-0.643365200485,0,0,0,0,0,0,0,0,0,0,0,0,0,0,0,0,0,0,-8.54374988535e-08,1.01233275096e-07,2.81601444385e-08,3.45529929113e-08,2.45114861741e-08,1.02366088939e-08,-46.9629547024,4.24785333692,74.8186860097,2.60165338827,-9.85892120303,-1.47786795682,0.37180283101,0.239949201141,0.450041149709,-1.19513032714,-0.368410668772,0.485642605523,-0.378150680934,-0.0914849396582,0.112413059157,0.758243355963,0.583731783104,1.10352670473,-0.329676758673,-0.337514986564,-150.696749829,0.340371133334,-0.379965064377,0.643365200485,-2.14352348677,-8.72656330955,11.1475769448,7.47842898134,-10.1372169827,5.53502360056,-5.46953960362,-5.41441883623,-0.00934483174961,0.958243356172,0.383731783095,0.903526704579,-46.6332778583,4.58536822225,225.515435811,2.26128222038,-9.47895616316,-2.12123316755,2.51532628755,8.96651250922,-10.6975357926,-8.67355931678,9.76880628407,-5.04938100991,5.09138892612,5.32293389657,0.12175789018,-0.2,0.2,0.2,0,0,0,0,0,0,-0.985386921634,-8.13788834998,10.8189930921,6.5685316379,-9.58774571504,5.36887664151,-4.29973660999,-4.88724334633,-0.103994246897,-0.00917217074129,0.890683098207,0.400718959162
20.292,10145,15.206408,1.85318186592,0.00623909726875,0.372498929241,0.999497395637,0.00108229672242,0.031112931777,0.00598082146593,0.602661974519,0.0657247321151,0.0283073795188,-0.241062054598,-0.529158293697,-2.18515466749,-3.46562779734,0.212241438287,5.3172298089,-0.846128547259,22.9262171849,34.5913022953,-46.4447601959,5.07068846693,223.484809101,2.28002625665,-9.18112205272,-2.06676279554,0,0,-9.81,1.84872078344,0.00356822577181,0.344854511162,0.587565263012,0.0538174513613,0.0336201546613,-46.4447601959,5.07068846693,223.484809101,2.25938027853,-9.13942763572,-2.26475022452,0,0,0,-1,0,0,0,1.47488939195,-19.7437349678,1.53233844462,-80.0673340371,19.3355432699,-3.12158696417,-80.1207437102,-18.7176110602,2.8636219593,82.8664509245,-18.7176110602,2.8636219593,82.8664509245,2.00301403338,-0.155530069964,0.0193072524269,82.8664509245,0,0,-45.2401090232,23.268067195,-104.498216248,16.2717153694,8.00523712771,-114.80023986,-16.0788816639,-8.35688046454,118.434101879,-16.0788816639,-8.35688046454,118.434101879,2.00471407609,0.103485890138,0.0192066468919,118.434101879,0,0,-1.70728273698,1.554739024,1.9301774288,-2.38684396441,1.59017505899,0.912102984721,0,0,0,0,0,0,1.59521946273,-0.165644782976,0.0537067904258,0,0,0,2.31846493259,-8.56532146086,-23.8539408548,11.936396796,-10.7548090815,-19.7384654627,-11.6482674718,10.5639469722,22.1842562979,-11.6482674718,10.5639469722,22.1842562979,1.59943447366,0.10200260159,0.0234650175537,22.1842562979,0,0,15.206408,0,0,-0.00757607902246,-0.419209073705,0.041077005414,0,15.206408,0,0.421722647676,-0.00538378567014,-0.0237047079882,0,0,15.206408,-0.0379249441178,0.04996828521,-0.00266569079348,-0.00757607902246,0.421722647676,-0.0379249441178,0.213715345686,-0.00311929271675,-0.0237759903372,-0.419209073705,-0.00538378567014,0.04996828521,-0.00311929271675,0.527349648336,-0.00458254696484,0.041077005414,-0.0237047079882,-0.00266569079348,-0.0237759903372,-0.00458254696484,0.530452058139,-46.7424951727,4.74285953531,72.8718589356,2.62289005346,-9.57098142831,-1.48936756694,-0.297734912186,-0.327828955837,-150.612950195,0.342863789736,-0.389859394301,0.577395232422,0.297734912186,0.327828955837,150.612950195,-0.342863789736,0.389859394301,-0.577395232422,0,0,0,0,0,0,0,0,0,0,0,0,0,0,0,0,0,0,-6.45937490162e-08,2.4214346972e-08,2.96604980576e-08,7.07245195741e-09,1.87106294902e-08,-3.82478404504e-09,-46.7424951727,4.74285953531,72.8718589356,2.62289005346,-9.57098142831,-1.48936756694,0.399975365293,0.117792418339,0.515031320348,-1.10067756278,-0.399902397357,0.541769891473,-0.380133667458,-0.0736388514289,0.0796941423563,0.837225703503,0.568454941138,1.06296161837,-0.297734912186,-0.327828955837,-150.612950195,0.342863789736,-0.389859394301,0.577395232422,-2.16251179773,-8.93978601808,11.0147140124,7.52142296281,-10.1310115095,5.57241853357,-5.46489699946,-5.45618236242,-0.155942459012,1.03722570365,0.368454941113,0.862961618298,-46.4447601959,5.07068846693,223.484809101,2.28002625665,-9.18112205272,-2.06676279554,2.5624871601,9.05757843496,-10.4996826913,-8.6221005309,9.73110908883,-5.03064865272,5.08476333278,5.38254351129,0.235636601328,-0.2,0.2,0.2,0,0,0,0,0,0,-1.00896548514,-8.34697339172,10.6984478466,6.60613254702,-9.58299593443,5.41991611536,-4.30655799501,-4.92444422923,-0.245437322185,0.0611016924211,0.870200780878,0.370960827397
20.294,10146,15.206408,1.8543733277,0.00637124755447,0.372575993604,0.999484762699,-0.000975632978611,0.0315463480089,0.00583825310419,0.595730889213,0.0660751428609,0.0385321812718,-0.242758370654,-0.483330977522,-2.11649881396,-3.46501059703,0.178416295624,5.11734689699,-1.21167184019,20.8953475124,35.2390903132,-46.5919738617,4.91927717544,219.523176632,2.47092157404,-8.47891190938,-2.21339657365,0,0,-9.81,1.84988365308,0.00367714943298,0.344941099167,0.581452132877,0.054482513161,0.0433833970867,-46.5919738617,4.91927717544,219.523176632,2.42907079701,-8.44461267106,-2.38425184979,0,0,0,-1,0,0,0,1.47614660196,-18.3154537791,2.08412901748,-77.9840489424,19.3622451656,-2.43167974266,-77.7206647303,-18.8288452066,2.23038976766,80.363541851,-18.8288452066,2.23038976766,80.363541851,2.00308108357,-0.155503660897,0.0194193069197,80.363541851,0,0,-44.5782830365,22.9663948828,-104.184914556,16.379247423,7.76379712452,-114.195528553,-16.1307546333,-8.04067000696,117.606853898,-16.1307546333,-8.04067000696,117.606853898,2.00480377256,0.10352021173,0.0192143747221,117.606853898,0,0,-1.72813849617,1.76624649385,1.81334863101,-2.36659783868,1.79284715844,0.761075773475,0,0,0,0,0,0,1.59796179838,-0.165890156656,0.0548581058403,0,0,0,2.68676296602,-8.88004797883,-23.2162107424,11.9421598917,-11.0004826963,-19.0115908368,-11.6323740218,10.7295574147,21.5527808823,-11.6323740218,10.7295574147,21.5527808823,1.59956498629,0.101978236014,0.0234893604924,21.5527808823,0,0,15.206408,0,0,-0.00746077019656,-0.418925861957,0.0396331815665,0,15.206408,0,0.421332980692,-0.00510902590382,-0.0239883368837,0,0,15.206408,-0.0382768130547,0.0506134086677,-0.00251332563037,-0.00746077019656,0.421332980692,-0.0382768130547,0.213625818463,-0.00298482179575,-0.0238249093746,-0.418925861957,-0.00510902590382,0.0506134086677,-0.00298482179575,0.527056274145,-0.00442580989493,0.0396331815665,-0.0239883368837,-0.00251332563037,-0.0238249093746,-0.00442580989493,0.530235779667,-46.8554302389,4.60323806048,68.9903287003,2.8169290198,-8.879135647,-1.69693010449,-0.26345637044,-0.316039114359,-150.532847925,0.346007446126,-0.400223739709,0.516466471283,0.26345637044,0.316039114359,150.532847925,-0.346007446126,0.400223739709,-0.516466471283,0,0,0,0,0,0,0,0,0,0,0,0,0,0,0,0,0,0,-6.72436328841e-09,-6.03536776111e-10,-6.3371885517e-09,-3.65908636724e-10,2.08920880596e-09,-2.11554418428e-09,-46.8554302389,4.60323806048,68.9903287003,2.8169290198,-8.879135647,-1.69693010449,0.375458571985,0.0136581713523,0.552178802598,-1.00941493784,-0.388207772072,0.526805473541,-0.409335997936,-0.0756389552078,0.0370926902571,0.97073819684,0.512873098122,1.08681937591,-0.26345637044,-0.316039114359,-150.532847925,0.346007446126,-0.400223739709,0.516466471283,-2.24782154978,-9.16162137859,10.886745584,7.55413999443,-10.1616607617,5.19979356959,-5.51769555494,-5.45874544127,-0.283738373973,1.17073819684,0.312873098122,0.886819375906,-46.5919738617,4.91927717544,219.523176632,2.47092157404,-8.47891190938,-2.21339657365,2.623280124,9.17527954888,-10.3345667824,-8.56355493318,9.77345298787,-4.6729880972,5.10835955588,5.38310648686,0.320831064326,-0.2,0.2,0.2,0,0,0,0,0,0,-1.09889038597,-8.56538508952,10.5841795486,6.63373411938,-9.61531020167,5.06168838255,-4.37037279084,-4.92260099005,-0.368753074997,0.186933820292,0.809633533862,0.405108251835
20.296,10147,15.206408,1.85555102597,0.00650389095305,0.372672097382,0.999469124472,-0.00296514466182,0.0319423240734,0.00568903129937,0.588849133374,0.0663216992875,0.0480518893134,-0.245184486426,-0.441556990999,-2.04653933507,-3.44049890475,0.126333917377,4.76461959912,-1.57803012595,18.8147688232,34.5051758593,-46.5645041455,4.18941915247,214.244613158,2.4123153354,-7.55895693014,-2.3055365507,0,0,-9.81,1.85103426239,0.00378736461378,0.345046182435,0.575319776744,0.055127323269,0.0526259400395,-46.5645041455,4.18941915247,214.244613158,2.35067027031,-7.53576847571,-2.44113430529,0,0,0,-1,0,0,0,1.47738982544,-16.8922299148,2.69643359881,-75.4561811134,19.196045168,-1.66080427863,-74.9333506053,-18.7480298074,1.50317546913,77.4939307922,-18.7480298074,1.50317546913,77.4939307922,2.00315374615,-0.155481408493,0.0195358742365,77.4939307922,0,0,-43.4208175371,22.6639145013,-102.733792197,16.3077301437,7.68516384467,-112.375480731,-16.0431061628,-7.90370175096,115.613688336,-16.0431061628,-7.90370175096,115.613688336,2.00489189659,0.103548806484,0.0192375212094,115.613688336,0,0,-1.64602400067,1.71303807895,1.92029891297,-2.34401506964,1.75130621262,0.877474950515,0,0,0,0,0,0,1.60065059057,-0.16610016169,0.0559811303381,0,0,0,3.1077746239,-8.81272341128,-22.8420992633,12.0996969793,-10.8902599558,-18.549485893,-11.7733681753,10.5899454343,21.1369940292,-11.7733681753,10.5899454343,21.1369940292,1.59970322914,0.101947514419,0.0235187936171,21.1369940292,0,0,15.206408,0,0,-0.0073380249422,-0.418662361411,0.0382426602978,0,15.206408,0,0.42097025723,-0.00483105900535,-0.0242799440676,0,0,15.206408,-0.038621250075,0.0512326020334,-0.00235955876298,-0.0073380249422,0.42097025723,-0.038621250075,0.213542481305,-0.00285293960898,-0.0238784122877,-0.418662361411,-0.00483105900535,0.0512326020334,-0.00285293960898,0.526777977349,-0.00427681531641,0.0382426602978,-0.0242799440676,-0.00235955876298,-0.0238784122877,-0.00427681531641,0.530026958111,-46.794648235,3.88799190129,63.7890153143,2.76200099701,-7.96847540021,-1.84487100932,-0.230144087906,-0.301427251287,-150.455597843,0.349685661498,-0.409518470758,0.460665541538,0.230144087906,0.301427251287,150.455597843,-0.349685661498,0.409518470758,-0.460665541538,0,0,0,0,0,0,0,0,0,0,0,0,0,0,0,0,0,0,-1.65901781202e-09,1.10571996004e-10,-5.66416247239e-10,1.09249942426e-10,6.83197498574e-10,-1.57194257611e-10,-46.794648235,3.88799190129,63.7890153143,2.76200099701,-7.96847540021,-1.84487100932,0.342312558606,-0.0490359455797,0.550967429036,-0.907501882369,-0.366449005673,0.495045407034,-0.413297255065,-0.085469549127,0.0041712752986,0.934151659789,0.538384293853,1.02382372575,-0.230144087906,-0.301427251287,-150.455597843,0.349685661498,-0.409518470758,0.460665541538,-2.22011719083,-9.25371565641,10.6055628745,7.59175044932,-10.0904984583,4.81461953868,-5.4389447738,-5.53373179252,-0.415770210643,1.13415165979,0.338384293853,0.823823725753,-46.5645041455,4.18941915247,214.244613158,2.4123153354,-7.55895693014,-2.3055365507,2.56242974961,9.20467971074,-10.0545954455,-8.49925233196,9.72404945214,-4.31957413196,5.02564751874,5.44826224339,0.419941485938,-0.2,0.2,0.2,0,0,0,0,0,0,-1.07610795979,-8.65480851314,10.3173897837,6.66589979556,-9.5458702331,4.69021848385,-4.30268613712,-4.9936659529,-0.497023711943,0.143335692041,0.829376944886,0.352765976155
20.298,10148,15.206408,1.85671491238,0.00663683224654,0.372786153195,0.999450782725,-0.00488653295558,0.0323055028822,0.00553255731218,0.581943207221,0.0664706467474,0.0570279062713,-0.248342840974,-0.403941137923,-1.97803546466,-3.45273390496,0.0774386468691,4.49262888337,-1.90958431692,16.4845394409,34.3818777027,-47.1779008574,3.51421096557,210.013586125,2.39514389021,-6.53694051587,-2.42435832196,0,0,-9.81,1.85217261892,0.00389867944999,0.345168373187,0.569191356455,0.0556762303355,0.0611749827518,-47.1779008574,3.51421096557,210.013586125,2.3109625066,-6.52486913473,-2.53601141635,0,0,0,-1,0,0,0,1.47861848538,-15.3129782143,3.33925949998,-73.3628850925,19.3828353974,-0.874116918959,-72.465802117,-19.010998172,0.750380992471,74.9487787608,-19.010998172,0.750380992471,74.9487787608,2.00323097785,-0.155462344852,0.0196557491347,74.9487787608,0,0,-42.3772489072,22.4034047662,-101.938888772,16.4815608166,7.56809073338,-111.177169283,-16.2075740671,-7.74312932878,114.253815806,-16.2075740671,-7.74312932878,114.253815806,2.00497892669,0.103572941224,0.0192733532607,114.253815806,0,0,-1.66064988815,1.74483578588,2.07725728835,-2.43323676728,1.79322449167,0.99041030363,0,0,0,0,0,0,1.6032869803,-0.166275665261,0.0570777558305,0,0,0,3.58651287422,-8.85223567554,-22.5332986712,12.3425372879,-10.8893694225,-18.1123744146,-11.9593286182,10.5069593019,20.8109915586,-11.9593286182,10.5069593019,20.8109915586,1.59984988217,0.101909866289,0.023554190473,20.8109915586,0,0,15.206408,0,0,-0.00720777000284,-0.41841883609,0.0369034428489,0,15.206408,0,0.42063428809,-0.0045495516373,-0.0245773346681,0,0,15.206408,-0.038958015187,0.0518272245774,-0.00220499944383,-0.00720777000284,0.42063428809,-0.038958015187,0.213465048707,-0.00272381383637,-0.023935874919,-0.41841883609,-0.0045495516373,0.0518272245774,-0.00272381383637,0.526514218545,-0.00413510958122,0.0369034428489,-0.0245773346681,-0.00220499944383,-0.023935874919,-0.00413510958122,0.529824917915,-47.3771345904,3.22693397065,59.6293149926,2.74861978318,-6.9548559214,-2.0132591365,-0.199233732203,-0.287276994365,-150.384271132,0.353475893205,-0.417915405778,0.411099185453,0.199233732203,0.287276994365,150.384271132,-0.353475893205,0.417915405778,-0.411099185453,0,0,0,0,0,0,0,0,0,0,0,0,0,0,0,0,0,0,-7.83913378655e-10,-5.50817169653e-10,-5.12983433509e-10,-2.36937580667e-10,2.46573428342e-10,1.46807010992e-11,-47.3771345904,3.22693397065,59.6293149926,2.74861978318,-6.9548559214,-2.0132591365,0.299993527854,-0.11073364012,0.549790797275,-0.817935158399,-0.352002726364,0.460641985401,-0.440092186106,-0.0983322503058,-0.0622849557247,0.931073000442,0.612380449939,0.987918849632,-0.199233732203,-0.287276994365,-150.384271132,0.353475893205,-0.417915405778,0.411099185453,-2.24135419589,-9.44999684845,10.3481370564,7.66073182965,-10.1603429982,4.38958763661,-5.40949461588,-5.63477638742,-0.58412181876,1.13107300044,0.412380449939,0.787918849632,-47.1779008574,3.51421096557,210.013586125,2.39514389021,-6.53694051587,-2.42435832196,2.5413477239,9.33926320821,-9.79834625918,-8.4786669881,9.80834027178,-3.92894565127,4.96940242988,5.53644413708,0.521836862977,-0.2,0.2,0.2,0,0,0,0,0,0,-1.10226802485,-8.8489503167,10.0741696153,6.72941428076,-9.61742056364,4.27788676757,-4.28397317231,-5.09130236607,-0.66221790493,0.133758373047,0.897923193522,0.326553326718
20.3,10149,15.206408,1.85786518991,0.00677008338918,0.372916278875,0.999429951475,-0.00674334923004,0.0326416454424,0.00536864207453,0.575138764924,0.0666255713216,0.065062840255,-0.252164151924,-0.370982252768,-1.90977459239,-3.40217108653,0.080272179724,4.0219817997,-2.10865426067,13.5837488583,32.6072143176,-46.8595591857,3.5721048058,202.767350125,2.34775392757,-5.42504163621,-2.4353691001,0,0,-9.81,1.85329856163,0.00401091638648,0.345306558899,0.562982567337,0.0561363592102,0.0691680069776,-46.8595591857,3.5721048058,202.767350125,2.24728476351,-5.4238862944,-2.53085293329,0,0,0,-1,0,0,0,1.47983154635,-14.2387037648,3.70729105678,-71.0730688795,19.0509561926,-0.372992794727,-70.03418991,-18.7637709336,0.27613308194,72.4452144167,-18.7637709336,0.27613308194,72.4452144167,2.00331196704,-0.155445695827,0.0197778310306,72.4452144167,0,0,-39.8907286122,21.3238259709,-98.4881890325,16.5273293766,7.05124835677,-106.878559321,-16.2967350164,-7.19063951024,109.863999158,-16.2967350164,-7.19063951024,109.863999158,2.00506524147,0.103593596849,0.0193193394188,109.863999158,0,0,-1.55372506632,1.7937456016,2.02934196887,-2.32410120859,1.8447789314,0.972192346228,0,0,0,0,0,0,1.60586969428,-0.166415847708,0.0581495907006,0,0,0,3.65746643489,-8.88034339178,-22.1241291162,12.1750115258,-10.8933947224,-17.7431027275,-11.7990532358,10.4866112341,20.4581365508,-11.7990532358,10.4866112341,20.4581365508,1.60000681215,0.101863670722,0.0235976718995,20.4581365508,0,0,15.206408,0,0,-0.00706997255604,-0.418196143374,0.0356145335455,0,15.206408,0,0.42032566825,-0.00426425946039,-0.0248781915296,0,0,15.206408,-0.0392868366596,0.0523989649137,-0.00205038328833,-0.00706997255604,0.42032566825,-0.0392868366596,0.213393080844,-0.0025977100736,-0.0239967535101,-0.418196143374,-0.00426425946039,0.0523989649137,-0.0025977100736,0.526264664685,-0.00400038985473,0.0356145335455,-0.0248781915296,-0.00205038328833,-0.0239967535101,-0.00400038985473,0.529628986728,-47.0301807491,3.29897352283,52.4507328071,2.70498747506,-5.85019800242,-2.06795028273,-0.170621563302,-0.273131282967,-150.316617318,0.357233547483,-0.425156366254,0.367418817385,0.170621563302,0.273131282967,150.316617318,-0.357233547483,0.425156366254,-0.367418817385,0,0,0,0,0,0,0,0,0,0,0,0,0,0,0,0,0,0,-9.49285094975e-11,-2.1413981699e-12,-2.3703705665e-11,2.42250663973e-12,3.86508602901e-11,-1.15583098648e-11,-47.0301807491,3.29897352283,52.4507328071,2.70498747506,-5.85019800242,-2.06795028273,0.242377423945,-0.116694722616,0.487704394747,-0.704814092826,-0.328241689683,0.409159539563,-0.433571533017,-0.11475809231,-0.0724341468816,0.975212737087,0.544442141925,0.960390127949,-0.170621563302,-0.273131282967,-150.316617318,0.357233547483,-0.425156366254,0.367418817385,-2.27696246577,-9.4560891905,10.0887547626,7.66190880018,-10.0251707166,4.06718217747,-5.36975418799,-5.60033029307,-0.614609625173,1.17521273709,0.344442141925,0.760390127949,-46.8595591857,3.5721048058,202.767350125,2.34775392757,-5.42504163621,-2.4353691001,2.51933988972,9.33939446788,-9.60105036781,-8.36672289301,9.69692902686,-3.65802263793,4.93618265497,5.48557220076,0.542175478291,-0.2,0.2,0.2,0,0,0,0,0,0,-1.14292104791,-8.85349393344,9.82880941909,6.72497992453,-9.48402756853,3.96718133525,-4.25494625498,-5.05398754196,-0.690590644802,0.172076352518,0.824814279233,0.30800425915
