time_s,step_index,total_mass_kg,base_pos_world_x_m,base_pos_world_y_m,base_pos_world_z_m,base_quat_w,base_quat_x,base_quat_y,base_quat_z,base_qvel_world_x_mps,base_qvel_world_y_mps,base_qvel_world_z_mps,base_angvel_body_x_radps,base_angvel_body_y_radps,base_angvel_body_z_radps,base_qacc_world_x_mps2,base_qacc_world_y_mps2,base_qacc_world_z_mps2,base_angacc_body_x_radps2,base_angacc_body_y_radps2,base_angacc_body_z_radps2,base_qfrc_constraint_trans_x_N,base_qfrc_constraint_trans_y_N,base_qfrc_constraint_trans_z_N,base_qfrc_constraint_rot_x_Nm,base_qfrc_constraint_rot_y_Nm,base_qfrc_constraint_rot_z_Nm,gravity_world_x_mps2,gravity_world_y_mps2,gravity_world_z_mps2,subtree_com_world_x_m,subtree_com_world_y_m,subtree_com_world_z_m,subtree_linvel_world_x_mps,subtree_linvel_world_y_mps,subtree_linvel_world_z_mps,total_contact_grf_world_x_N,total_contact_grf_world_y_N,total_contact_grf_world_z_N,total_contact_moment_world_x_Nm,total_contact_moment_world_y_Nm,total_contact_moment_world_z_Nm,reactive_obstacle_contact_count,reactive_obstacle_contact_force_N,reactive_obstacle_contact_normal_force_N,reactive_obstacle_contact_other_geom_id,phase2_terrain_foot_contact_mask,phase2_terrain_nonfoot_contact_count,phase2_terrain_nonfoot_contact_force_N,robot_collision_rear_bound_world_x_m,FR_sensor_force_site_x_N,FR_sensor_force_site_y_N,FR_sensor_force_site_z_N,FR_sensor_force_world_x_N,FR_sensor_force_world_y_N,FR_sensor_force_world_z_N,FR_contact_grf_world_x_N,FR_contact_grf_world_y_N,FR_contact_grf_world_z_N,FR_foot_contact_grf_world_x_N,FR_foot_contact_grf_world_y_N,FR_foot_contact_grf_world_z_N,FR_pos_world_x_m,FR_pos_world_y_m,FR_pos_world_z_m,FR_touch_N,FR_terrain_top_grf_world_z_N,FR_terrain_nontop_contact_force_N,FL_sensor_force_site_x_N,FL_sensor_force_site_y_N,FL_sensor_force_site_z_N,FL_sensor_force_world_x_N,FL_sensor_force_world_y_N,FL_sensor_force_world_z_N,FL_contact_grf_world_x_N,FL_contact_grf_world_y_N,FL_contact_grf_world_z_N,FL_foot_contact_grf_world_x_N,FL_foot_contact_grf_world_y_N,FL_foot_contact_grf_world_z_N,FL_pos_world_x_m,FL_pos_world_y_m,FL_pos_world_z_m,FL_touch_N,FL_terrain_top_grf_world_z_N,FL_terrain_nontop_contact_force_N,RR_sensor_force_site_x_N,RR_sensor_force_site_y_N,RR_sensor_force_site_z_N,RR_sensor_force_world_x_N,RR_sensor_force_world_y_N,RR_sensor_force_world_z_N,RR_contact_grf_world_x_N,RR_contact_grf_world_y_N,RR_contact_grf_world_z_N,RR_foot_contact_grf_world_x_N,RR_foot_contact_grf_world_y_N,RR_foot_contact_grf_world_z_N,RR_pos_world_x_m,RR_pos_world_y_m,RR_pos_world_z_m,RR_touch_N,RR_terrain_top_grf_world_z_N,RR_terrain_nontop_contact_force_N,RL_sensor_force_site_x_N,RL_sensor_force_site_y_N,RL_sensor_force_site_z_N,RL_sensor_force_world_x_N,RL_sensor_force_world_y_N,RL_sensor_force_world_z_N,RL_contact_grf_world_x_N,RL_contact_grf_world_y_N,RL_contact_grf_world_z_N,RL_foot_contact_grf_world_x_N,RL_foot_contact_grf_world_y_N,RL_foot_contact_grf_world_z_N,RL_pos_world_x_m,RL_pos_world_y_m,RL_pos_world_z_m,RL_touch_N,RL_terrain_top_grf_world_z_N,RL_terrain_nontop_contact_force_N,base_mass_matrix_qcoord_r0c0,base_mass_matrix_qcoord_r0c1,base_mass_matrix_qcoord_r0c2,base_mass_matrix_qcoord_r0c3,base_mass_matrix_qcoord_r0c4,base_mass_matrix_qcoord_r0c5,base_mass_matrix_qcoord_r1c0,base_mass_matrix_qcoord_r1c1,base_mass_matrix_qcoord_r1c2,base_mass_matrix_qcoord_r1c3,base_mass_matrix_qcoord_r1c4,base_mass_matrix_qcoord_r1c5,base_mass_matrix_qcoord_r2c0,base_mass_matrix_qcoord_r2c1,base_mass_matrix_qcoord_r2c2,base_mass_matrix_qcoord_r2c3,base_mass_matrix_qcoord_r2c4,base_mass_matrix_qcoord_r2c5,base_mass_matrix_qcoord_r3c0,base_mass_matrix_qcoord_r3c1,base_mass_matrix_qcoord_r3c2,base_mass_matrix_qcoord_r3c3,base_mass_matrix_qcoord_r3c4,base_mass_matrix_qcoord_r3c5,base_mass_matrix_qcoord_r4c0,base_mass_matrix_qcoord_r4c1,base_mass_matrix_qcoord_r4c2,base_mass_matrix_qcoord_r4c3,base_mass_matrix_qcoord_r4c4,base_mass_matrix_qcoord_r4c5,base_mass_matrix_qcoord_r5c0,base_mass_matrix_qcoord_r5c1,base_mass_matrix_qcoord_r5c2,base_mass_matrix_qcoord_r5c3,base_mass_matrix_qcoord_r5c4,base_mass_matrix_qcoord_r5c5,base_mass_qacc_qfrc_qcoord_trans_x_N,base_mass_qacc_qfrc_qcoord_trans_y_N,base_mass_qacc_qfrc_qcoord_trans_z_N,base_mass_qacc_qfrc_qcoord_rot_x_Nm,base_mass_qacc_qfrc_qcoord_rot_y_Nm,base_mass_qacc_qfrc_qcoord_rot_z_Nm,base_qfrc_smooth_qcoord_trans_x_N,base_qfrc_smooth_qcoord_trans_y_N,base_qfrc_smooth_qcoord_trans_z_N,base_qfrc_smooth_qcoord_rot_x_Nm,base_qfrc_smooth_qcoord_rot_y_Nm,base_qfrc_smooth_qcoord_rot_z_Nm,base_qfrc_bias_qcoord_trans_x_N,base_qfrc_bias_qcoord_trans_y_N,base_qfrc_bias_qcoord_trans_z_N,base_qfrc_bias_qcoord_rot_x_Nm,base_qfrc_bias_qcoord_rot_y_Nm,base_qfrc_bias_qcoord_rot_z_Nm,base_qfrc_passive_qcoord_trans_x_N,base_qfrc_passive_qcoord_trans_y_N,base_qfrc_passive_qcoord_trans_z_N,base_qfrc_passive_qcoord_rot_x_Nm,base_qfrc_passive_qcoord_rot_y_Nm,base_qfrc_passive_qcoord_rot_z_Nm,base_qfrc_actuator_qcoord_trans_x_N,base_qfrc_actuator_qcoord_trans_y_N,base_qfrc_actuator_qcoord_trans_z_N,base_qfrc_actuator_qcoord_rot_x_Nm,base_qfrc_actuator_qcoord_rot_y_Nm,base_qfrc_actuator_qcoord_rot_z_Nm,base_qfrc_applied_qcoord_trans_x_N,base_qfrc_applied_qcoord_trans_y_N,base_qfrc_applied_qcoord_trans_z_N,base_qfrc_applied_qcoord_rot_x_Nm,base_qfrc_applied_qcoord_rot_y_Nm,base_qfrc_applied_qcoord_rot_z_Nm,base_dynamics_residual_qcoord_trans_x_N,base_dynamics_residual_qcoord_trans_y_N,base_dynamics_residual_qcoord_trans_z_N,base_dynamics_residual_qcoord_rot_x_Nm,base_dynamics_residual_qcoord_rot_y_Nm,base_dynamics_residual_qcoord_rot_z_Nm,full_mass_qacc_qfrc_qcoord_base_qcoord_trans_x,full_mass_qacc_qfrc_qcoord_base_qcoord_trans_y,full_mass_qacc_qfrc_qcoord_base_qcoord_trans_z,full_mass_qacc_qfrc_qcoord_base_qcoord_rot_x,full_mass_qacc_qfrc_qcoord_base_qcoord_rot_y,full_mass_qacc_qfrc_qcoord_base_qcoord_rot_z,full_mass_qacc_qfrc_qcoord_FL_hip_joint,full_mass_qacc_qfrc_qcoord_FL_thigh_joint,full_mass_qacc_qfrc_qcoord_FL_calf_joint,full_mass_qacc_qfrc_qcoord_FR_hip_joint,full_mass_qacc_qfrc_qcoord_FR_thigh_joint,full_mass_qacc_qfrc_qcoord_FR_calf_joint,full_mass_qacc_qfrc_qcoord_RL_hip_joint,full_mass_qacc_qfrc_qcoord_RL_thigh_joint,full_mass_qacc_qfrc_qcoord_RL_calf_joint,full_mass_qacc_qfrc_qcoord_RR_hip_joint,full_mass_qacc_qfrc_qcoord_RR_thigh_joint,full_mass_qacc_qfrc_qcoord_RR_calf_joint,full_qfrc_smooth_qcoord_base_qcoord_trans_x,full_qfrc_smooth_qcoord_base_qcoord_trans_y,full_qfrc_smooth_qcoord_base_qcoord_trans_z,full_qfrc_smooth_qcoord_base_qcoord_rot_x,full_qfrc_smooth_qcoord_base_qcoord_rot_y,full_qfrc_smooth_qcoord_base_qcoord_rot_z,full_qfrc_smooth_qcoord_FL_hip_joint,full_qfrc_smooth_qcoord_FL_thigh_joint,full_qfrc_smooth_qcoord_FL_calf_joint,full_qfrc_smooth_qcoord_FR_hip_joint,full_qfrc_smooth_qcoord_FR_thigh_joint,full_qfrc_smooth_qcoord_FR_calf_joint,full_qfrc_smooth_qcoord_RL_hip_joint,full_qfrc_smooth_qcoord_RL_thigh_joint,full_qfrc_smooth_qcoord_RL_calf_joint,full_qfrc_smooth_qcoord_RR_hip_joint,full_qfrc_smooth_qcoord_RR_thigh_joint,full_qfrc_smooth_qcoord_RR_calf_joint,full_qfrc_constraint_qcoord_base_qcoord_trans_x,full_qfrc_constraint_qcoord_base_qcoord_trans_y,full_qfrc_constraint_qcoord_base_qcoord_trans_z,full_qfrc_constraint_qcoord_base_qcoord_rot_x,full_qfrc_constraint_qcoord_base_qcoord_rot_y,full_qfrc_constraint_qcoord_base_qcoord_rot_z,full_qfrc_constraint_qcoord_FL_hip_joint,full_qfrc_constraint_qcoord_FL_thigh_joint,full_qfrc_constraint_qcoord_FL_calf_joint,full_qfrc_constraint_qcoord_FR_hip_joint,full_qfrc_constraint_qcoord_FR_thigh_joint,full_qfrc_constraint_qcoord_FR_calf_joint,full_qfrc_constraint_qcoord_RL_hip_joint,full_qfrc_constraint_qcoord_RL_thigh_joint,full_qfrc_constraint_qcoord_RL_calf_joint,full_qfrc_constraint_qcoord_RR_hip_joint,full_qfrc_constraint_qcoord_RR_thigh_joint,full_qfrc_constraint_qcoord_RR_calf_joint,full_qfrc_actuator_qcoord_base_qcoord_trans_x,full_qfrc_actuator_qcoord_base_qcoord_trans_y,full_qfrc_actuator_qcoord_base_qcoord_trans_z,full_qfrc_actuator_qcoord_base_qcoord_rot_x,full_qfrc_actuator_qcoord_base_qcoord_rot_y,full_qfrc_actuator_qcoord_base_qcoord_rot_z,full_qfrc_actuator_qcoord_FL_hip_joint,full_qfrc_actuator_qcoord_FL_thigh_joint,full_qfrc_actuator_qcoord_FL_calf_joint,full_qfrc_actuator_qcoord_FR_hip_joint,full_qfrc_actuator_qcoord_FR_thigh_joint,full_qfrc_actuator_qcoord_FR_calf_joint,full_qfrc_actuator_qcoord_RL_hip_joint,full_qfrc_actuator_qcoord_RL_thigh_joint,full_qfrc_actuator_qcoord_RL_calf_joint,full_qfrc_actuator_qcoord_RR_hip_joint,full_qfrc_actuator_qcoord_RR_thigh_joint,full_qfrc_actuator_qcoord_RR_calf_joint
20.98,10489,15.206408,2.45458911127,-0.00880567946112,0.367628109363,0.999964337155,-0.00335535455582,-2.66388605018e-05,-0.00775018090124,0.823261942516,0.00312984514586,0.0729887202558,-0.0749855555048,0.0145220851768,0.00694543273981,1.01833622068,-0.471797846552,-11.9632549716,-0.952767922281,-5.43608468852,6.50216468521,-33.1155071273,-5.95060353766,47.6248322331,-0.833464745955,14.0312542175,-0.592915554319,0,0,-9.81,2.45167296055,-0.00918407858342,0.340094130233,0.806130817499,0.00529729648701,0.0909404146056,-33.1155071273,-5.95060353766,47.6248322331,-0.618049323281,14.0380718803,-0.687648291636,0,0,0,-1,0,0,0,2.07693191166,6.33071311822,0.820415742934,21.2202346514,-6.948960308,1.14538551801,21.0106975584,-2.70470600971,-0.453694219484,3.43243677325,-2.70470600971,-0.453694219484,3.43243677325,2.64055083454,-0.157301293352,0.0221594970663,3.43243677325,0,0,2.4059198465,8.39612287427,-19.7220098208,11.2641200782,7.69904662987,-16.7058457091,-11.7930125789,-7.37480126691,19.9024395586,-11.7930125789,-7.37480126691,19.9024395586,2.59831725461,0.120048916033,0.0209403524489,19.9024395586,0,0,4.32027641696,-0.468745022193,-14.1982761284,10.220658213,-0.700240191631,-10.7481795947,-10.3720392293,0.662224854436,13.8611819824,-10.3720392293,0.662224854436,13.8611819824,2.20907572414,-0.149493049258,0.0209707091952,13.8611819824,0,0,6.97423899331,-2.31347852816,8.0696764299,1.06437062657,-2.20644263465,10.6353465476,-8.24574930944,1.2156670943,10.4287739189,-8.24574930944,1.2156670943,10.4287739189,2.25677499684,0.132183532315,0.0203189577705,10.4287739189,0,0,15.206408,0,0,0.00639152818322,-0.41645278605,0.00284866653067,0,15.206408,0,0.416422191886,0.00652135767127,-0.0193037789243,0,0,15.206408,-0.00595450429185,0.0192169104128,0.000130237828862,0.00639152818322,0.416422191886,-0.00595450429185,0.215554937453,0.000537259426984,-0.0230380283644,-0.41645278605,0.00652135767127,0.0192169104128,0.000537259426984,0.523565902359,-0.000647928651053,0.00284866653067,-0.0193037789243,0.000130237828862,-0.0230380283644,-0.000647928651053,0.528607352068,-33.3199646402,-6.07123629448,-102.498191341,-0.785343529244,13.8134844152,-0.624128007657,-0.204457482889,-0.12063272156,-150.12302364,0.0481212257833,-0.21776980684,-0.0312124480567,0.204457482889,0.12063272156,150.12302364,-0.0481212257833,0.21776980684,0.0312124480567,0,0,0,0,0,0,0,0,0,0,0,0,0,0,0,0,0,0,-2.99945313031e-08,-3.52554350158e-08,6.59573657913e-08,-9.07232977632e-09,4.47721149044e-09,-5.28110433162e-09,-33.3199646402,-6.07123629448,-102.498191341,-0.785343529244,13.8134844152,-0.624128007657,-0.741779649378,0.824939930601,-1.36497852822,-2.1045981557,11.5721223466,-11.2202487922,1.08702050945,9.27829280058,-9.71670677276,0.655481811497,0.593065744794,-1.35387486478,-0.204457482889,-0.12063272156,-150.12302364,0.0481212257833,-0.21776980684,-0.0312124480567,0.189539826326,-4.16266694388,-2.06116387591,-1.38182819934,10.7564759946,-11.541502391,-0.468818802514,6.36878139408,-10.2878486129,1.62486200841,-3.68782904798,-2.40977979355,-33.1155071273,-5.95060353766,47.6248322331,-0.833464745955,14.0312542175,-0.592915554319,-0.931319459537,4.98760686813,0.696185347526,-0.722769952597,0.815646347706,0.321253597575,1.55583930959,2.90951140284,0.571141839702,-0.96938019761,4.28089479489,1.05590492917,0,0,0,0,0,0,1.2690316519,-3.50143785106,-2.12386862409,-2.41563651114,10.9429098184,-11.6018520726,0.561261800089,6.65344914993,-10.3377295613,0.518689242027,-3.04322550929,-2.48737591279
20.982,10490,15.206408,2.45623403081,-0.00880175355577,0.367760037255,0.999963805915,-0.00333492491647,9.06857255328e-06,-0.00782719962943,0.822459772922,0.00196295267568,0.0659639461752,-0.0767634534329,0.00326286527995,0.019694709991,-0.389745455028,-0.585622453571,-3.55902561693,0.144585043617,-19.4452307921,0.879311024042,-41.2080432478,-5.54777106555,155.554853416,0.0868246598758,17.7546395126,-2.84432520793,0,0,-9.81,2.45327647698,-0.00917506817251,0.340249153167,0.801768039277,0.00451162355938,0.0775634388479,-41.2080432478,-5.54777106555,155.554853416,0.362014527611,17.7316731762,-2.96338665838,0,0,0,-1,0,0,0,2.07829412993,-35.7986889478,8.43240915572,-52.0944126526,0.708368554866,7.82135678884,-63.2835213633,-20.2585071089,-10.6137734433,66.7808330487,-20.2585071089,-10.6137734433,66.7808330487,2.6425696661,-0.157025298928,0.0222936403522,66.7808330487,0,0,18.4496702784,0.0345626068491,6.81253459563,13.386515606,0.282737292619,14.4056730189,-2.80442617597,-0.0566405323729,3.50917840821,-2.80442617597,-0.0566405323729,3.50917840821,2.59846498431,0.120074587012,0.0210824136821,3.50917840821,0,0,18.7021568806,2.91298799851,11.2603074065,11.800214233,2.86145291242,18.3743768667,-0.456317670856,-0.0627739929658,0.576316998872,-0.456317670856,-0.0627739929658,0.576316998872,2.20923747112,-0.149492520076,0.0211477794499,0.576316998872,0,0,-43.8521441408,-2.77435876588,-67.9222371933,2.8575001713,-3.80010742287,-80.7560015974,-17.6887922921,5.18541690308,84.6885249598,-17.6887922921,5.18541690308,84.6885249598,2.25834787799,0.132046252912,0.0204364965756,84.6885249598,0,0,15.206408,0,0,0.00645363892099,-0.416313880228,0.00282296973783,0,15.206408,0,0.416283461753,0.00658713215128,-0.019960530316,0,0,15.206408,-0.00592578029802,0.0198705405467,0.000133959369726,0.00645363892099,0.416283461753,-0.00592578029802,0.21547285844,0.00052279769609,-0.023164439605,-0.416313880228,0.00658713215128,0.0198705405467,0.00052279769609,0.523668751086,-0.000650034333803,0.00282296973783,-0.019960530316,0.000133959369726,-0.023164439605,-0.000650034333803,0.528731352175,-41.3584946866,-5.64535046627,5.5897226909,0.13024032358,17.5167621181,-2.8422418675,-0.15045143143,-0.0975794013337,-149.965130722,0.043415663232,-0.237877397642,0.00208334127722,0.15045143143,0.0975794013337,149.965130722,-0.043415663232,0.237877397642,-0.00208334127722,0,0,0,0,0,0,0,0,0,0,0,0,0,0,0,0,0,0,-7.3001160672e-09,6.07496275506e-10,-3.07827008328e-09,4.72502509341e-10,3.17626813739e-09,-8.48422665456e-10,-41.3584946866,-5.64535046627,5.5897226909,0.13024032358,17.5167621181,-2.8422418675,1.299792236,0.277823917491,-11.2122397277,-1.99267466708,10.3699882837,2.88017717129,1.36605542503,7.89247027385,2.31228138834,-0.37441469582,0.192434454689,-11.7315412287,-0.15045143143,-0.0975794013337,-149.965130722,0.043415663232,-0.237877397642,0.00208334127722,0.917258660028,-0.734733192738,-11.6769349458,8.66110499356,3.43324032632,7.51772387817,-8.40016251414,1.81322249773,10.0270291352,-0.0921638545145,0.19429129586,-11.9752560715,-41.2080432478,-5.54777106555,155.554853416,0.0868246598758,17.7546395126,-2.84432520793,0.382533576151,1.01255711037,0.464695218211,-10.6537796612,6.93674795479,-4.63754670854,9.76621793916,6.07924777585,-7.71474774701,-0.282250841308,-0.00185684116483,0.243714842799,0,0,0,0,0,0,1.99727041599,-0.0650022614938,-11.766769105,7.62517401403,3.73952518914,7.27837910374,-7.37266441369,2.18204002936,9.81638739772,-1.19968447716,0.846009877647,-12.0784626468
20.984,10491,15.206408,2.45787738347,-0.00879971723438,0.367895359262,0.99996340203,-0.00332544202926,6.64172948914e-05,-0.00788236165787,0.821676328342,0.00101816069373,0.0676610034485,-0.0766428147926,-0.0359103681131,0.0214681637382,-0.38111354202,-0.476046433809,0.77171616451,11.0077536465,-10.5833000022,-5.83681159118,-29.7933537795,-3.69805586384,247.546351223,-0.548257111225,12.5705570613,0.21308999296,0,0,-9.81,2.45486919968,-0.0091675205749,0.340405840293,0.79639432898,0.003778463347,0.0783884610771,-29.7933537795,-3.69805586384,247.546351223,-0.351398307434,12.5787407318,0.129224096259,0,0,0,-1,0,0,0,2.07959542771,-64.4284369008,-1.09583500674,-94.8511195283,1.67877921377,-2.13081699242,-114.636820136,-16.3552872684,-0.181241067165,117.100244634,-16.3552872684,-0.181241067165,117.100244634,2.64419052375,-0.156805505935,0.0224029277685,117.100244634,0,0,29.9517521895,-4.49660783216,22.9361719157,16.3987629026,-3.68019344037,34.0724474447,0,0,0,0,0,0,2.59894513716,0.120104515759,0.0215420223298,0,0,0,29.2449536912,6.57143786399,24.8204277533,15.3674462568,6.58294919983,35.1427250116,0,0,0,0,0,0,2.20975268024,-0.149437092059,0.021661055193,0,0,0,-71.2344766312,6.1023161612,-105.917761839,2.13055764755,4.46399342343,-127.693753501,-13.4380665111,-3.51681479668,130.44610659,-13.4380665111,-3.51681479668,130.44610659,2.25961624422,0.131936928346,0.0205458405705,130.44610659,0,0,15.206408,0,0,0.00651156848084,-0.415935956808,0.00278765367694,0,15.206408,0,0.415907404846,0.00664975385879,-0.020724457658,0,0,15.206408,-0.00588620471269,0.0206641080284,0.000138028054327,0.00651156848084,0.415907404846,-0.00588620471269,0.215289548662,0.000513216637692,-0.023292833776,-0.415935956808,0.00664975385879,0.0206641080284,0.000513216637692,0.523674004608,-0.000648868036684,0.00278765367694,-0.020724457658,0.000138028054327,-0.023292833776,-0.000648868036684,0.528864715191,-30.2956947431,-3.76888087569,97.6894586983,-0.509555461627,12.4001323491,0.217042474302,-0.502340963602,-0.0708250118481,-149.856892525,0.0387016495921,-0.17042471224,0.00395248134475,0.502340963602,0.0708250118481,149.856892525,-0.0387016495921,0.17042471224,-0.00395248134475,0,0,0,0,0,0,0,0,0,0,0,0,0,0,0,0,0,0,-3.6688874161e-11,-4.56523707726e-13,-5.54507550987e-11,6.12176975778e-12,2.02131644755e-11,-2.60341748159e-12,-30.2956947431,-3.76888087569,97.6894586983,-0.509555461627,12.4001323491,0.217042474302,1.37418634651,3.275221809,-20.9124997319,-1.90561410957,7.49577806306,3.15620464522,1.20870408337,5.68093219787,2.50340627166,-0.463385116147,4.33180748592,-21.3167773719,-0.502340963602,-0.0708250118481,-149.856892525,0.0387016495921,-0.17042471224,0.00395248134475,1.17418634651,3.475221809,-21.1124997319,9.57854587713,2.24970717294,15.413792692,-9.10765493523,1.33751121063,17.0200619152,-0.263385116147,4.53180748592,-21.5167773719,-29.7933537795,-3.69805586384,247.546351223,-0.548257111225,12.5705570613,0.21308999296,0.2,-0.2,0.2,-11.4841599867,5.24607089011,-12.2575880467,10.3163590186,4.34342098724,-14.5166556435,-0.2,-0.2,0.2,0,0,0,0,0,0,2.24692100278,4.13865124466,-21.3682218305,8.53728383166,2.60362774734,15.1827316382,-8.07237826785,1.74325044399,16.8162293282,-1.36042850969,5.17963059374,-21.7924662217
20.986,10492,15.206408,2.45950784771,-0.00879734088714,0.368061188704,0.999962980374,-0.00332250324686,0.000213716438278,-0.00793430393952,0.81523212353,0.0011881736211,0.0829147211156,-0.0549869747333,-0.0574434712261,0.00992440601398,-3.22353266831,0.0850789442582,7.65233536018,1.52119909909,-45.0176033942,-3.71825256215,-67.8821741184,-0.294587599208,242.946724046,-1.03649665213,22.93683597,0.889793792357,0,0,-9.81,2.45645416599,-0.00916095273395,0.340588474079,0.792556718653,0.0032850538481,0.0913967171786,-67.8821741184,-0.294587599208,242.946724046,-0.674633499063,22.9557351771,0.737288774695,0,0,0,-1,0,0,0,2.08075911537,-50.465325689,-6.60571109219,-98.7395435017,15.158213816,-7.75191944976,-109.772575198,-26.9325439159,5.89035178956,112.158643518,-26.9325439159,5.89035178956,112.158643518,2.64549886839,-0.156631637997,0.0224738114195,112.158643518,0,0,-2.66966448294,7.57677598207,-22.877914345,8.03082541095,6.76001890841,-21.8573007274,-11.7894272655,-5.02579343832,16.1536011385,-11.7894272655,-5.02579343832,16.1536011385,2.59998160389,0.120057675774,0.022634847623,16.1536011385,0,0,0.742716691802,-1.25848771722,-12.5417006409,6.20825304482,-1.42995720236,-10.9014903071,-6.20896735615,-0.288137620452,7.77663278981,-6.20896735615,-0.288137620452,7.77663278981,2.2108090303,-0.149248849069,0.0228227199544,7.77663278981,0,0,-46.6130825356,3.32397001327,-93.3369661993,14.898798201,1.75474031613,-103.298423018,-22.9512355808,-0.871008330002,106.857846599,-22.9512355808,-0.871008330002,106.857846599,2.26064460073,0.131850298623,0.0206318538941,106.857846599,0,0,15.206408,0,0,0.00654564016925,-0.415215392716,0.00273179801611,0,15.206408,0,0.415189774741,0.00668967098644,-0.0215646217579,0,0,15.206408,-0.00583358937099,0.0215522660936,0.000142893054852,0.00654564016925,0.415189774741,-0.00583358937099,0.214923568283,0.000517111543399,-0.0233896891073,-0.415215392716,0.00668967098644,0.0215522660936,0.000517111543399,0.523525491442,-0.000641872287523,0.00273179801611,-0.0215646217579,0.000142893054852,-0.0233896891073,-0.000641872287523,0.529007039736,-69.0029133974,-0.311515535613,92.5602727871,-0.978957534677,22.8141610206,0.861505093799,-1.12073922983,-0.0169279387331,-150.386451236,0.0575391136532,-0.122674971304,-0.0282886919358,1.12073922983,0.0169279387331,150.386451236,-0.0575391136532,0.122674971304,0.0282886919358,0,0,0,0,0,0,0,0,0,0,0,0,0,0,0,0,0,0,-4.92293565912e-08,2.32807634282e-09,-2.24046914354e-08,3.8029353e-09,2.18998330581e-08,-6.62172483512e-09,-69.0029133974,-0.311515535613,92.5602727871,-0.978957534677,22.8141610206,0.861505093799,-0.0704938914968,-1.55329207355,5.25637213807,-1.45672341223,5.52012021286,2.46311477117,2.09694890573,3.40789769938,2.78234398448,-1.26226780795,-3.12247481855,4.89856500793,-1.12073922983,-0.0169279387331,-150.386451236,0.0575391136532,-0.122674971304,-0.0282886919358,0.681741036009,-6.48530645388,4.33064430082,7.69717496769,-3.76623175613,11.9190663803,-7.39151254993,-4.61421753179,12.2837830001,-0.15938354102,-5.62140501996,4.33256254847,-67.8821741184,-0.294587599208,242.946724046,-1.03649665213,22.93683597,0.889793792357,-0.752234927797,4.93201438022,0.925727837182,-9.15389838238,9.2863519515,-9.45595162101,9.48846145566,8.02211523117,-9.50143901564,-1.10288426695,2.49893020142,0.566002459462,0,0,0,0,0,0,1.76798441449,-5.77751551505,3.74793316134,6.64868836666,-3.37864949973,11.7090160506,-6.34723299949,-4.18274758536,12.0968250916,-1.2796987575,-4.91665615955,3.71620821697
20.988,10493,15.206408,2.46113687789,-0.00879606046587,0.368234396355,0.999962550304,-0.00332749291239,0.000374646052405,-0.00798031453013,0.814515088032,0.000640210634974,0.0866038251287,-0.0518911179316,-0.147326552297,0.00245996325981,-0.353155245494,-0.275912657155,1.79758184647,2.99088751506,-6.67095205542,-4.11943982159,-17.9546446203,-2.66509786615,233.570406942,-0.53095486569,7.85388174013,-0.725481887259,0,0,-9.81,2.45802124674,-0.0091544626585,0.340795751464,0.783599638358,0.00324597877162,0.103706711648,-17.9546446203,-2.66509786615,233.570406942,-0.406621897636,7.85632725174,-0.777480657052,0,0,0,-1,0,0,0,2.08197119733,-60.686148322,1.2983526388,-91.0132157274,2.29183254102,0.405228910656,-109.373136775,-11.4469896842,-1.83551869234,111.867773725,-11.4469896842,-1.83551869234,111.867773725,2.6465603092,-0.156495201305,0.022515561844,111.867773725,0,0,19.8574730448,-1.27448700444,15.1677125427,10.8764380062,-0.729408430817,22.5205265539,0,0,0,0,0,0,2.60088814059,0.120046729143,0.0235682868659,0,0,0,18.7807253829,2.14024213425,16.4175235529,9.55941184289,2.13653465638,23.040925042,0,0,0,0,0,0,2.21180617906,-0.149093381399,0.0238721465601,0,0,0,-67.9404919284,3.05198436398,-97.698874544,-0.487260499206,1.48686624933,-119.028765201,-6.50765493613,-0.829579173813,121.702633217,-6.50765493613,-0.829579173813,121.702633217,2.26148865667,0.131781994489,0.0207098870609,121.702633217,0,0,15.206408,0,0,0.00657758386003,-0.414584110304,0.00267684515082,0,15.206408,0,0.414565593418,0.00672872823249,-0.0224062890195,0,0,15.206408,-0.00578859749247,0.0225163514349,0.000147526444551,0.00657758386003,0.414565593418,-0.00578859749247,0.214626665936,0.000520486848987,-0.0235116990313,-0.414584110304,0.00672872823249,0.0225163514349,0.000520486848987,0.523409354986,-0.000634863450379,0.00267684515082,-0.0224062890195,0.000147526444551,-0.0235116990313,-0.000634863450379,0.529131623974,-18.8574591549,-2.6791882358,83.3628160699,-0.482077418757,7.70789963104,-0.73955658745,-0.902814534432,-0.0140903698408,-150.207590872,0.0488774468592,-0.145982109149,-0.0140747002265,0.902814534432,0.0140903698408,150.207590872,-0.0488774468592,0.145982109149,0.0140747002265,0,0,0,0,0,0,0,0,0,0,0,0,0,0,0,0,0,0,-1.39639411145e-10,1.91389126769e-10,-3.09512415697e-11,7.37986338706e-11,5.68221025787e-11,3.51246809416e-11,-18.8574591549,-2.6791882358,83.3628160699,-0.482077418757,7.70789963104,-0.73955658745,1.92113788,1.84436898267,-12.8585212347,-1.24719938761,4.62034916921,2.07243474237,0.857917350343,3.47207903288,1.69002957815,-1.56783669466,2.63953356253,-12.7713640829,-0.902814534432,-0.0140903698408,-150.207590872,0.0488774468592,-0.145982109149,-0.0140747002265,1.72113788,2.04436898267,-13.0585212347,10.6771604323,1.07867193323,14.5707551343,-9.92636018798,1.46720171087,16.3284058882,-1.36783669466,2.83953356253,-12.9713640829,-17.9546446203,-2.66509786615,233.570406942,-0.53095486569,7.85388174013,-0.725481887259,0.2,-0.2,0.2,-11.92435982,3.54167723593,-12.4983203919,10.7842775383,2.004877322,-14.6383763101,-0.2,-0.2,0.2,0,0,0,0,0,0,2.79896948244,2.7285391212,-13.5573554601,9.62110106091,1.48665344596,14.3758032404,-8.87629092214,1.90532175674,16.174098249,-2.4714253861,3.51075764254,-13.4921481124
20.99,10494,15.206408,2.46277070327,-0.00879573399051,0.368389988147,0.99996229241,-0.00333319471175,0.000492476336425,-0.00800381394369,0.816912688535,0.000163237681561,0.0777958963716,-0.0461055392131,-0.160879192765,-0.00570627094163,1.21167546456,-0.241007921563,-4.50197849296,11.4415805393,21.8316736147,-0.331686110052,2.20849703616,-2.39807183896,192.943848069,-0.858441992421,-0.265722363913,1.11188528372,0,0,-9.81,2.45958364408,-0.0091486768877,0.341025308072,0.781278068058,0.00289214270485,0.114885540395,2.20849703616,-2.39807183896,192.943848069,-0.861680539055,-0.244587077865,1.11422785962,0,0,0,-1,0,0,0,2.08310297904,-60.0907777479,-1.37325852536,-69.203822049,-9.95699218028,-1.89866232079,-91.0999988124,2.63630618291,0.771111725238,93.9899810277,2.63630618291,0.771111725238,93.9899810277,2.64742565067,-0.156387137383,0.0225346182144,93.9899810277,0,0,33.5768569056,-6.38333327104,29.0680786377,16.6592199805,-5.32776832854,41.3181646891,0,0,0,0,0,0,2.60214938258,0.120019891639,0.0249031521512,0,0,0,30.9588797423,5.91685652342,30.197147445,14.2583267434,5.93280138922,40.8268432038,0,0,0,0,0,0,2.21313236585,-0.148896454394,0.0253289476318,0,0,0,-59.3793799809,4.75563577541,-76.0145727662,-6.03651763194,3.55553757439,-96.3206141945,-0.427809146747,-3.1691835642,98.9538670409,-0.427809146747,-3.1691835642,98.9538670409,2.26218164408,0.131727859068,0.0207742604487,98.9538670409,0,0,15.206408,0,0,0.00660080162064,-0.413726350377,0.00261096911356,0,15.206408,0,0.413716124146,0.00675979140502,-0.0232865935943,0,0,15.206408,-0.00573836528403,0.0235300108559,0.00015273535661,0.00660080162064,0.413716124146,-0.00573836528403,0.214223793506,0.000527704670692,-0.0236118752991,-0.413726350377,0.00675979140502,0.0235300108559,0.000527704670692,0.523198821285,-0.000624871931571,0.00261096911356,-0.0232865935943,0.00015273535661,-0.0236118752991,-0.000624871931571,0.52926626491,0.998568434143,-2.38638997705,42.1411487147,-0.796306542697,-0.430899454972,1.08042164692,-1.20992860198,0.0116818618905,-150.802699354,0.0621354497172,-0.165177091069,-0.0314636367923,1.20992860198,-0.0116818618905,150.802699354,-0.0621354497172,0.165177091069,0.0314636367923,0,0,0,0,0,0,0,0,0,0,0,0,0,0,0,0,0,0,-3.48219231228e-11,2.23785434628e-11,-1.36992639455e-11,6.68842758955e-12,1.05441211318e-11,-6.85806966771e-12,0.998568434143,-2.38638997705,42.1411487147,-0.796306542697,-0.430899454972,1.08042164692,1.31438004212,6.12298404792,-24.2803890172,-1.10644723211,4.15695362736,1.48128847706,-0.172263888574,3.82325992827,0.423556760326,-0.826219035784,7.58875483141,-24.5378544871,-1.20992860198,0.0116818618905,-150.802699354,0.0621354497172,-0.165177091069,-0.0314636367923,1.11438004212,6.32298404792,-24.4803890172,7.59254023931,5.66051746221,14.3959535982,-7.78332637741,3.94014997332,13.267152605,-0.626219035784,7.78875483141,-24.7378544871,2.20849703616,-2.39807183896,192.943848069,-0.858441992421,-0.265722363913,1.11188528372,0.2,-0.2,0.2,-8.69898747142,-1.50356383486,-12.9146651212,7.61106248882,-0.116890045052,-12.8435958447,-0.2,-0.2,0.2,0,0,0,0,0,0,2.2154646716,7.0533294531,-25.1809599659,6.52923348548,6.09240992009,14.2149240973,-6.72630861293,4.39742739548,13.1258765089,-1.75963882874,8.5140665811,-25.4638790815
20.992,10495,15.206408,2.46441241844,-0.00879632840604,0.368532022941,0.999962159443,-0.00334192811422,0.000544611139135,-0.00801340109863,0.820857587852,-0.000297207767374,0.0710173966153,-0.0236080591499,-0.117772280881,-0.00641285519569,1.98511614132,-0.231773362677,-3.47062561749,7.07919602905,33.1393542524,-1.2992244159,15.3303112118,-3.71654816825,195.088419866,-1.13512121772,-4.72126016128,0.390187579009,0,0,-9.81,2.46114671385,-0.00914352577583,0.341266636029,0.781660633894,0.00257277735559,0.120899292574,15.3303112118,-3.71654816825,195.088419866,-1.21012793811,-4.69977874766,0.42274594349,0,0,0,-1,0,0,0,2.08406213531,-64.1996352358,1.59089896356,-67.0306148425,-14.8010573455,1.16118271162,-91.6340973997,9.24770228849,-2.04039420812,94.5712151649,9.24770228849,-2.04039420812,94.5712151649,2.64813394147,-0.156301403161,0.0225427274125,94.5712151649,0,0,27.8347862414,-4.99321207315,25.5529187012,12.8777808142,-4.0388642758,35.6442068606,0,0,0,0,0,0,2.60400499121,0.119882307769,0.0270126324867,0,0,0,24.7530454455,3.63544482533,26.2498182538,10.1510863619,3.64937742721,34.6210942393,0,0,0,0,0,0,2.21501219647,-0.148581533467,0.0275493332042,0,0,0,-64.4553709296,3.17172281036,-74.7205275226,-11.3427129594,2.01380223017,-98.0561031441,6.08260892329,-1.67615396013,100.517204701,6.08260892329,-1.67615396013,100.517204701,2.26275038215,0.13168487933,0.0208342295338,100.517204701,0,0,15.206408,0,0,0.00659850467625,-0.412422046743,0.00254235483096,0,15.206408,0,0.41241871968,0.00676553847224,-0.0242662510005,0,0,15.206408,-0.00568335889822,0.0246066946197,0.000158934831762,0.00659850467625,0.41241871968,-0.00568335889822,0.213582774995,0.000547098389682,-0.0236626352522,-0.412422046743,0.00676553847224,0.0246066946197,0.000547098389682,0.522803645651,-0.000612015975406,0.00254235483096,-0.0242662510005,0.000158934831762,-0.0236626352522,-0.000612015975406,0.529426724805,13.4139918905,-3.67341245468,42.3439977762,-1.04155011409,-4.99598336138,0.280792480051,-1.91631932124,0.0431357135683,-152.74442209,0.0935711036322,-0.274723200102,-0.109395098959,1.91631932124,-0.0431357135683,152.74442209,-0.0935711036322,0.274723200102,0.109395098959,0,0,0,0,0,0,0,0,0,0,0,0,0,0,0,0,0,0,1.22568621919e-13,5.01820807131e-14,-1.70530256582e-13,2.46469511467e-14,-4.26325641456e-14,2.33146835171e-14,13.4139918905,-3.67341245468,42.3439977762,-1.04155011409,-4.99598336138,0.280792480051,1.53996372931,5.66794859602,-19.4261986314,-1.09165898737,3.26982248216,1.42270189339,-0.365752361862,3.34425510617,0.159376137387,-1.14619517552,7.09437108664,-19.5267251806,-1.91631932124,0.0431357135683,-152.74442209,0.0935711036322,-0.274723200102,-0.109395098959,1.33996372931,5.86794859602,-19.6261986314,8.66096715384,7.14174886238,15.6740336834,-8.70681508731,5.73988084122,14.424877011,-0.946195175519,7.29437108664,-19.7267251806,15.3303112118,-3.71654816825,195.088419866,-1.13512121772,-4.72126016128,0.390187579009,0.2,-0.2,0.2,-9.75262614121,-3.87192638022,-14.25133179,8.34106272545,-2.39562573505,-14.2655008736,-0.2,-0.2,0.2,0,0,0,0,0,0,2.53516380464,6.75009737432,-20.736007972,7.58786107372,7.60203344778,15.5006043104,-7.64337497308,6.22564013659,14.2734677124,-2.19740474804,8.18585129573,-20.8830603294
20.994,10496,15.206408,2.46606152977,-0.00879782496838,0.368668249626,0.999962063769,-0.0033545055083,0.000540938604671,-0.00802033049193,0.824555660696,-0.00074828116791,0.0681133427619,-0.00975009945977,-0.0520486611449,-0.00906165694434,1.85639798178,-0.225704757545,-1.48914196437,1.34338261204,28.0792859623,-1.67084305889,21.4191657487,-4.27178456568,181.655352871,-0.847403749467,-6.17946599162,0.43297054544,0,0,-9.81,2.46271389694,-0.00913935132313,0.341520346724,0.783758462727,0.00208472494549,0.127240970518,21.4191657487,-4.27178456568,181.655352871,-0.945810479625,-6.16206057002,0.475193242203,0,0,0,-1,0,0,0,2.08488340686,-61.0364715756,2.36913128935,-59.2263648241,-16.907319023,2.04738650994,-83.35932286,12.5240185466,-2.74782555046,86.4045652945,12.5240185466,-2.74782555046,86.4045652945,2.64871808909,-0.156233018722,0.0225432379378,86.4045652945,0,0,15.3441033571,-0.0800095985496,12.8345454946,7.50221079547,0.421299538339,18.5394931781,0,0,0,0,0,0,2.60632145163,0.119661070106,0.0297843202315,0,0,0,12.5562919039,-1.06597321018,12.9137308993,5.07669337904,-1.07897951532,17.2807464694,0,0,0,0,0,0,2.21730518986,-0.148195353184,0.0304126191548,0,0,0,-62.5028650414,2.94470572357,-69.5910246964,-12.9695243702,1.87200735522,-92.6632460825,8.89514720217,-1.52395901522,95.2507875765,8.89514720217,-1.52395901522,95.2507875765,2.2632196349,0.131650633583,0.0208897556759,95.2507875765,0,0,15.206408,0,0,0.00657886224698,-0.410723550207,0.00247431814486,0,15.206408,0,0.410724321724,0.00675412614028,-0.0253584369666,0,0,15.206408,-0.00562949861806,0.0257409408842,0.000166440705767,0.00657886224698,0.410724321724,-0.00562949861806,0.212743857837,0.00057414699573,-0.0236755555041,-0.410723550207,0.00675412614028,0.0257409408842,0.00057414699573,0.522260315557,-0.000597817696013,0.00247431814486,-0.0253584369666,0.000166440705767,-0.0236755555041,-0.000597817696013,0.529619164591,18.8771565765,-4.23237435514,26.6348820906,-0.729422874644,-6.63072513836,0.232805582582,-2.54200945234,0.0394102782266,-155.020470851,0.117980890179,-0.4512590575,-0.200164936943,2.54200945234,-0.0394102782266,155.020470851,-0.117980890179,0.4512590575,0.200164936943,0,0,0,0,0,0,0,0,0,0,0,0,0,0,0,0,0,0,2.80072836034e-07,-6.76895286489e-08,7.01910494172e-08,-1.53559244209e-08,-8.92405500608e-08,-2.59154125937e-08,18.8771565765,-4.23237435514,26.6348820906,-0.729422874644,-6.63072513836,0.232805582582,2.01805810254,1.72806220862,-8.37684686156,-0.965975387327,2.58428931074,1.1871005053,-0.193140082167,2.64711977518,0.164264744527,-1.58775500437,2.68684962965,-8.03111546339,-2.54200945234,0.0394102782266,-155.020470851,0.117980890179,-0.4512590575,-0.200164936943,1.81805810254,1.92806220861,-8.57684686155,8.39730319667,7.55204382144,14.9783410065,-8.36703226742,5.96548518858,14.2489069134,-1.38775500437,2.88684962965,-8.23111546338,21.4191657487,-4.27178456568,181.655352871,-0.847403749467,-6.17946599162,0.43297054544,0.2,-0.2,0.2,-9.36327858381,-4.96775451064,-13.7912405005,8.17389220288,-3.31836531302,-14.0846421079,-0.2,-0.2,0.2,0,0,0,0,0,0,3.13655474486,2.98104287278,-10.0302041881,7.31638441671,8.03799033849,14.8163947686,-7.29764622038,6.4796646001,14.0847745305,-2.78174578055,3.95549660451,-9.75409401813
20.996,10497,15.206408,2.46771690982,-0.0088003094983,0.368800826991,0.999961953205,-0.00336794802215,0.000499096956745,-0.00803118735241,0.827690026706,-0.00124226496095,0.0662886824439,-0.00716124454267,0.003793808463,-0.0124107852426,1.56909174207,-0.246056856292,-0.910642327983,-2.00667560941,19.1147937807,-0.222572261022,26.4776733901,-4.50005952601,148.269700274,-0.275170271926,-7.14716841177,0.760499164823,0,0,-9.81,2.46428674099,-0.00913629735657,0.341782751185,0.786602971171,0.00152580254167,0.131658816957,26.4776733901,-4.50005952601,148.269700274,-0.388886071075,-7.13657791946,0.80877511569,0,0,0,-1,0,0,0,2.08566176368,-52.2914869009,2.20256907233,-42.6190416588,-19.3224401162,2.06059213384,-64.6376894138,15.6098124124,-2.6164152006,67.9017149456,15.6098124124,-2.6164152006,67.9017149456,2.6492032291,-0.156178461823,0.0225415623287,67.9017149456,0,0,4.95409841429,3.73611908071,0.153793885253,4.32564231566,3.75195643938,2.39519746092,0,0,0,0,0,0,2.60886676706,0.119447906863,0.0328817841404,0,0,0,2.58243486455,-4.23711155707,-0.451576914171,2.41596342112,-4.27398077043,0.849832341031,0,0,0,0,0,0,2.21977927538,-0.147832292986,0.0335778327208,0,0,0,-54.7387349699,3.07778353027,-56.6028033878,-14.0889017866,2.22228016852,-77.4999582337,10.8678609777,-1.88364432541,80.3679853282,10.8678609777,-1.88364432541,80.3679853282,2.26361029607,0.131623647117,0.0209438283054,80.3679853282,0,0,15.206408,0,0,0.0065538769709,-0.408804635153,0.00240762443491,0,15.206408,0,0.408806767112,0.0067374919275,-0.026523251313,0,0,15.206408,-0.00557927353915,0.0269015440998,0.000174977726644,0.0065538769709,0.408806767112,-0.00557927353915,0.211820682088,0.000599059907598,-0.0236737918135,-0.408804635153,0.0067374919275,0.0269015440998,0.000599059907598,0.52165168947,-0.000583841864276,0.00240762443491,-0.026523251313,0.000174977726644,-0.0236737918135,-0.000583841864276,0.529839197461,23.7234773295,-4.48065132543,-7.82440024956,-0.152635083979,-7.71149131249,0.533298583198,-2.75419606847,0.0194082012213,-156.094100521,0.122535188,-0.564322897954,-0.227200582144,2.75419606847,-0.0194082012213,156.094100521,-0.122535188,0.564322897954,0.227200582144,0,0,0,0,0,0,0,0,0,0,0,0,0,0,0,0,0,0,7.82042874903e-09,-6.37643715606e-10,-2.65495714302e-09,-5.32835997546e-11,-2.76081912887e-09,5.18700971064e-10,23.7234773295,-4.48065132543,-7.82440024956,-0.152635083979,-7.71149131249,0.533298583198,1.86286933605,-2.63619608889,0.853291368467,-0.765931033294,2.22362305822,0.770658873688,-0.0477875978399,2.12760898966,0.0970894990602,-1.28186170637,-2.19903466225,1.61567479848,-2.75419606847,0.0194082012213,-156.094100521,0.122535188,-0.564322897954,-0.227200582144,2.06286933605,-2.43619608889,0.653291368467,6.94335320439,8.20969045869,12.7401000987,-6.91514631259,6.09333363872,12.622287256,-1.48186170637,-1.99903466225,1.41567479848,26.4776733901,-4.50005952601,148.269700274,-0.275170271926,-7.14716841177,0.760499164823,-0.2,-0.2,0.2,-7.70928423769,-5.98606739826,-11.969441224,6.86735871485,-3.96572464835,-12.5251977566,0.2,-0.2,0.2,0,0,0,0,0,0,3.4348427828,-1.29328350411,-0.944429133908,5.85697712378,8.717205208,12.5889763982,-5.84039072275,6.63119590352,12.4488412425,-2.93376509993,-0.843456403294,-0.262036931139
20.998,10498,15.206408,2.46935782315,-0.0088000817174,0.36896936645,0.999961602693,-0.00337824347183,0.00057282509968,-0.00806551185662,0.820456664879,0.000113890447357,0.0842697296909,-0.0111028393168,0.0419689558798,-0.0128312908625,-3.63529986753,0.681196819355,9.15954527353,-12.0532266769,-58.323891014,1.15211324137,-34.8963230245,10.7768519434,111.617363189,1.53758400701,10.7882980917,2.0504895133,0,0,-9.81,2.46586651858,-0.00913442492459,0.342044885449,0.790054528087,0.000935859420242,0.131503092124,-34.8963230245,10.7768519434,111.617363189,1.71278535146,10.7757550976,1.97623782852,0,0,0,-1,0,0,0,2.08648249228,-22.687637594,-9.30371375148,-56.5840979702,12.5740411866,-9.91842090952,-59.5530565728,-15.8225791492,9.35882421135,62.3489846902,-15.8225791492,9.35882421135,62.3489846902,2.64960758997,-0.156134910643,0.0225454878864,62.3489846902,0,0,-47.3390042067,18.7871501263,-50.1538238741,-16.1095747038,16.688587821,-67.6115154226,0,0,0,0,0,0,2.61147599059,0.119311376426,0.0359900030153,0,0,0,-45.3445249315,-14.7657437555,-48.949204943,-15.8024907011,-14.6466174255,-64.8531855817,0,0,0,0,0,0,2.2222734694,-0.147555341277,0.0367238262206,0,0,0,-9.58507003466,-0.0519296308546,-47.7988619905,18.3505073591,-0.982621317338,-45.1541892504,-19.0737438754,1.41802773204,49.2683784987,-19.0737438754,1.41802773204,49.2683784987,2.26393836405,0.131602859493,0.0210022409804,49.2683784987,0,0,15.206408,0,0,0.00653148879618,-0.40683431071,0.00234336510701,0,15.206408,0,0.406835639413,0.00672330132653,-0.027709030218,0,0,15.206408,-0.00553207490433,0.0280519481958,0.000183954362773,0.00653148879618,0.406835639413,-0.00553207490433,0.210912082043,0.000615112453488,-0.0236757127391,-0.40683431071,0.00672330132653,0.0280519481958,0.000615112453488,0.521048059665,-0.000571305404819,0.00234336510701,-0.027709030218,0.000183954362773,-0.0236757127391,-0.000571305404819,0.530076542996,-37.4181733288,10.783503081,-44.1647954798,1.64948703267,10.199770419,1.8645981673,-2.52185030136,0.00665113651971,-155.782158654,0.111903027086,-0.588527671,-0.185891345355,2.52185030136,-0.00665113651971,155.782158654,-0.111903027086,0.588527671,0.185891345355,0,0,0,0,0,0,0,0,0,0,0,0,0,0,0,0,0,0,-2.92394020107e-09,1.08794395715e-09,-1.45681582353e-08,-1.42472766917e-09,-1.72384417851e-09,-6.51705800436e-10,-37.4181733288,10.783503081,-44.1647954798,1.64948703267,10.199770419,1.8645981673,0.890345596641,-17.6820235554,40.7779937996,-0.226091088287,1.04051639409,0.242885475833,1.84845456859,-0.471773908428,1.44579462976,-0.573380474401,-17.9216990046,41.7409995147,-2.52185030136,0.00665113651971,-155.782158654,0.111903027086,-0.588527671,-0.185891345355,1.09034559664,-17.8820235554,40.9779937996,2.61821354524,-4.76615204843,5.14256081578,-3.24146459849,-7.58049715614,3.96746939317,-0.773380474401,-18.1216990046,41.9409995147,-34.8963230245,10.7768519434,111.617363189,1.53758400701,10.7882980917,2.0504895133,-0.2,0.2,-0.2,-2.84430463353,5.80666844151,-4.89967534057,5.08991916789,7.10872324788,-2.52167476501,0.2,0.2,-0.2,0,0,0,0,0,0,2.43217816716,-16.7400238993,39.4147835163,1.52767065676,-4.24000322344,4.99673779136,-2.1620483782,-7.02336306279,3.78624388715,-2.18843293434,-16.9740966567,40.3028993289
21,10499,15.206408,2.47100362652,-0.00880138921725,0.36912827516,0.999961232824,-0.00338616839981,0.000630555859787,-0.00810364810652,0.822901687091,-0.00065374992524,0.0794543546133,-0.0345116701887,-0.0736298367967,-0.0103788993096,1.21813648872,-0.383012731203,-2.39066353999,-1.95125785691,7.89805294279,1.27302941735,34.4493391228,-5.51530950728,99.5080691242,0.320288431219,-8.78572621781,1.18662166095,0,0,-9.81,2.46743693424,-0.00912972356351,0.342296566856,0.785282645436,0.00234718941845,0.125986800284,34.4493391228,-5.51530950728,99.5080691242,0.179987302523,-8.78154411679,1.24568387461,0,0,0,-1,0,0,0,2.08763496934,-39.9176490664,2.0117553542,-18.2743158772,-23.0688979346,2.12877965619,-37.3458261741,20.023371648,-2.42153560691,40.8386315627,20.023371648,-2.42153560691,40.8386315627,2.64995232081,-0.156103355275,0.0225547936954,40.8386315627,0,0,2.55298309706,4.97576305176,-9.17748765063,6.86804504597,4.63218397364,-6.84653555454,0,0,0,0,0,0,2.61332607081,0.119518916913,0.0377205168046,0,0,0,1.14484818066,-4.55353506135,-10.1467316676,5.93933858297,-4.667669436,-8.24249001693,0,0,0,0,0,0,2.22399676239,-0.147569534532,0.0385356640755,0,0,0,-44.5428428751,3.86406810172,-37.4221153476,-16.7210565974,3.34103030865,-55.75530803,14.4259674748,-3.09377390037,58.6694375615,14.4259674748,-3.09377390037,58.6694375615,2.26423228452,0.131587213529,0.0210796987961,58.6694375615,0,0,15.206408,0,0,0.00653855163178,-0.405569358144,0.00227598971887,0,15.206408,0,0.405576307884,0.00673849955626,-0.0287223768186,0,0,15.206408,-0.00548329220889,0.0291245165031,0.000191062579866,0.00653855163178,0.405576307884,-0.00548329220889,0.210439792085,0.000598037594631,-0.0237681402247,-0.405569358144,0.00673849955626,0.0291245165031,0.000598037594631,0.52075595839,-0.000560726537228,0.00227598971887,-0.0287223768186,0.000191062579866,-0.0237681402247,-0.000560726537228,0.530283582287,33.3094104889,-5.46179403052,-51.8849887618,0.397350313186,-9.10466161944,1.19504572281,-1.13992863387,0.0535154767531,-151.393057886,0.0770618819662,-0.318935401632,0.00842406185564,1.13992863387,-0.0535154767531,151.393057886,-0.0770618819662,0.318935401632,-0.00842406185564,0,0,0,0,0,0,0,0,0,0,0,0,0,0,0,0,0,0,3.41060513165e-13,-1.59872115546e-14,-2.70006239589e-13,-9.65894031424e-15,-1.52766688188e-13,-2.46469511467e-14,33.3094104889,-5.46179403052,-51.8849887618,0.397350313186,-9.10466161944,1.19504572281,1.36107991073,-6.45627363879,3.49721291438,-0.338876955008,1.94187010994,0.100122687368,-0.0769569996226,1.49739643082,-0.0284732675962,-0.59964663831,-6.50143508995,4.15905395904,-1.13992863387,0.0535154767531,-151.393057886,0.0770618819662,-0.318935401632,0.00842406185564,1.56107991073,-6.25627363879,3.29721291438,4.63382018983,9.390512159,9.38654868036,-4.54391405347,6.67163114781,10.3678052433,-0.79964663831,-6.30143508995,3.95905395904,34.4493391228,-5.51530950728,99.5080691242,0.320288431219,-8.78572621781,1.18662166095,-0.2,-0.2,0.2,-4.97269714484,-7.44864204906,-9.28642599299,4.46695705385,-5.174234717,-10.3962785109,0.2,-0.2,0.2,0,0,0,0,0,0,2.66689938325,-5.47401013436,2.46580132293,3.54233521798,9.91499879671,9.23786936941,-3.46444671997,7.2180862059,10.2169375023,-1.94430550683,-5.51452905893,3.09407784554
21.002,10500,15.206408,2.47265430404,-0.00880454861376,0.369257335024,0.999960995864,-0.0033942192119,0.000649766525948,-0.00812796594201,0.825338760936,-0.00157969825157,0.0645299321217,-0.0382787449733,-0.0576570711804,-0.00778173081391,1.21486475837,-0.46428605446,-7.52106268118,7.01479251147,19.3187338015,-0.00122493239738,43.6184693708,-6.51321102523,96.0752923781,-0.387509704902,-12.5409551025,0.958396318307,0,0,-9.81,2.4690163689,-0.00912647265128,0.342535140947,0.789771147757,0.00162205610027,0.119411236931,43.6184693708,-6.51321102523,96.0752923781,-0.589390846965,-12.5262579706,1.04389742809,0,0,0,-1,0,0,0,2.08886844042,-42.8738874736,2.51295536063,-16.2542370252,-26.8072646152,2.69561679168,-37.1858791341,24.0798383107,-2.88781719377,40.5363190994,24.0798383107,-2.88781719377,40.5363190994,2.65023760811,-0.156077508023,0.0225792316065,40.5363190994,0,0,31.3548174882,-4.39410413041,10.6671333972,21.6524349488,-3.89929277572,25.143349864,0,0,0,0,0,0,2.61526628782,0.119822935552,0.0392907031355,0,0,0,30.1210639695,3.89046320659,10.5464326967,20.8980531417,3.61341544337,24.1631133127,0,0,0,0,0,0,2.22578512843,-0.147678104599,0.040160418074,0,0,0,-47.3100763597,4.06880944883,-32.4170676474,-22.017356918,3.66512397917,-52.9855420932,19.53863106,-3.62539383146,55.5389732787,19.53863106,-3.62539383146,55.5389732787,2.2644823906,0.131576228987,0.0211644917306,55.5389732787,0,0,15.206408,0,0,0.00654951467995,-0.404357191265,0.00220883435391,0,15.206408,0,0.404369065607,0.00675697801214,-0.029686184047,0,0,15.206408,-0.00543257730699,0.0301342941952,0.000197831654543,0.00654951467995,0.404369065607,-0.00543257730699,0.210023426065,0.000571141470519,-0.0238641947465,-0.404357191265,0.00675697801214,0.0301342941952,0.000571141470519,0.520490879058,-0.000551091297304,0.00220883435391,-0.029686184047,0.000197831654543,-0.0238641947465,-0.000551091297304,0.53049084491,42.7985666024,-6.4611901042,-54.9858223491,-0.317634164682,-12.8869958729,0.996563304123,-0.819902782224,0.0520209292434,-151.06111472,0.069875543892,-0.346040764127,0.0381669864333,0.819902782224,-0.0520209292434,151.06111472,-0.069875543892,0.346040764127,-0.0381669864333,0,0,0,0,0,0,0,0,0,0,0,0,0,0,0,0,0,0,1.3848080016e-08,-8.21766121817e-09,-7.46018713471e-09,-3.6720250729e-09,-6.28035223826e-09,-6.17663697966e-10,42.7985666024,-6.4611901042,-54.9858223491,-0.317634164682,-12.8869958729,0.996563304123,-0.213514281957,-2.33817842483,-17.1369578087,-0.0959142144843,1.96753998161,-0.119154927822,-0.711613470301,1.78699922283,-0.555254291028,0.732798474006,-1.94970108219,-17.2467112574,-0.819902782224,0.0520209292434,-151.06111472,0.069875543892,-0.346040764127,0.0381669864333,-0.413514281957,-2.13817842483,-17.3369578087,4.59344003221,10.8194002197,9.87355474125,-4.36303645325,8.76191549042,10.0115338292,0.932798474006,-1.74970108219,-17.4467112574,43.6184693708,-6.51321102523,96.0752923781,-0.387509704902,-12.5409551025,0.958396318307,0.2,-0.2,0.2,-4.68935424615,-8.85186023764,-9.99270966899,3.65142298584,-6.97491626275,-10.5667881184,-0.2,-0.2,0.2,0,0,0,0,0,0,0.679723581054,-1.38991147264,-18.0834745563,3.49860336332,11.3596330056,9.71933695274,-3.28015636131,9.32257573903,9.8537490212,-0.192719194838,-0.997591059201,-18.2162317339
21.004,10501,15.206408,2.47430746022,-0.00880917333212,0.369369865161,0.999960873027,-0.0034030630865,0.000636836960702,-0.00814039408394,0.82657808716,-0.00231235917953,0.0562650685806,-0.024464390285,-0.0191350864339,-0.00778592432923,0.610564785953,-0.36793283257,-4.19643743802,6.06924470103,16.0931722291,-0.350536000252,48.5078226855,-4.98710579392,149.586698934,-0.337225914414,-14.3906328595,0.213449162963,0,0,-9.81,2.47060725607,-0.00912493739927,0.342759889853,0.795486971929,0.000762958364981,0.112569267046,48.5078226855,-4.98710579392,149.586698934,-0.570752469584,-14.3814700073,0.3117017935,0,0,0,-1,0,0,0,2.09005300435,-59.2575659893,3.54247182145,-40.24936355,-27.5668229018,3.54502451428,-66.1174906969,26.1802507809,-3.73821282522,68.5402820457,26.1802507809,-3.73821282522,68.5402820457,2.65047147571,-0.15605523582,0.0226180209777,68.5402820457,0,0,38.3377440017,-5.1819567773,12.6133457352,26.4146193854,-4.59885926485,30.6080080699,0,0,0,0,0,0,2.61780659331,0.120047045927,0.041357080135,0,0,0,37.614484515,4.93394736984,13.061739459,25.8816059694,4.59404747327,30.3123657924,0,0,0,0,0,0,2.228161366,-0.147713773816,0.0422624561007,0,0,0,-62.7946705975,1.97986807597,-53.6095437575,-23.8884879178,1.22412567817,-79.0500814437,22.3275719047,-1.24889296869,81.0464168883,22.3275719047,-1.24889296869,81.0464168883,2.26469404831,0.131568421082,0.0212549435827,81.0464168883,0,0,15.206408,0,0,0.00654547787327,-0.40290156298,0.00214093686359,0,15.206408,0,0.402916116742,0.00675961824793,-0.0305816693077,0,0,15.206408,-0.00537745098118,0.0310442428541,0.000204375304161,0.00654547787327,0.402916116742,-0.00537745098118,0.209462520705,0.000552862455378,-0.0239036073426,-0.40290156298,0.00675961824793,0.0310442428541,0.000552862455378,0.520096786047,-0.000539829029144,0.00214093686359,-0.0305816693077,0.000204375304161,-0.0239036073426,-0.000539829029144,0.530692275243,47.8485977068,-4.91558302191,-2.54555628495,-0.252481017127,-14.9097361694,0.223022792875,-0.659224978767,0.0715227720089,-152.132255219,0.0847448972867,-0.519103309884,0.00957362991044,0.659224978767,-0.0715227720089,152.132255219,-0.0847448972867,0.519103309884,-0.00957362991044,0,0,0,0,0,0,0,0,0,0,0,0,0,0,0,0,0,0,1.62714286489e-11,-4.48530101949e-13,-4.91695573146e-12,4.28213020598e-13,-5.41611200333e-12,1.45158884912e-12,47.8485977068,-4.91558302191,-2.54555628495,-0.252481017127,-14.9097361694,0.223022792875,0.0744970342351,-3.20851059045,-20.5774549664,-0.101864128031,0.864579028905,0.375652622598,-0.552504182123,0.984862001776,-0.0497177635357,0.415866993772,-2.71027196547,-20.9834732977,-0.659224978767,0.0715227720089,-152.132255219,0.0847448972867,-0.519103309884,0.00957362991044,-0.125502965765,-3.00851059045,-20.7774549664,7.62454546415,10.3584488843,14.3178307123,-7.35962463532,8.68645932703,14.5948918966,0.615866993772,-2.51027196547,-21.1834732977,48.5078226855,-4.98710579392,149.586698934,-0.337225914414,-14.3906328595,0.213449162963,0.2,-0.2,0.2,-7.72640959219,-9.49386985542,-13.9421780897,6.8071204532,-7.70159732525,-14.6446096601,-0.2,-0.2,0.2,0,0,0,0,0,0,1.0053928676,-2.13448886975,-21.7646753794,6.52425255256,10.9171367408,14.1540056718,-6.27360439272,9.26441985708,14.4185636034,-0.558145478982,-1.6333753646,-22.2044737259
21.006,10502,15.206408,2.47596043669,-0.00881503183867,0.369478179556,0.999960786335,-0.00341351850411,0.000612989672075,-0.00814849230994,0.826488236384,-0.00292925327578,0.0541571977189,-0.0125911812827,0.0130136563478,-0.00848342373481,-0.0609512813405,-0.30967928019,-1.0804204862,2.20547998185,5.34464536528,-0.80743830105,50.9443509561,-4.09476294832,155.403608256,-0.116346727301,-15.158637427,0.347914406585,0,0,-9.81,2.47221082366,-0.00912471491756,0.342984988287,0.801786872553,0.000105973946943,0.112863176384,50.9443509561,-4.09476294832,155.403608256,-0.362588030103,-15.1520184265,0.451372532006,0,0,0,-1,0,0,0,2.09118116061,-61.3609185994,2.68434371763,-43.0624225646,-28.1324058963,2.67491871264,-69.484910722,27.1061456848,-2.85418080035,71.8084157047,27.1061456848,-2.85418080035,71.8084157047,2.65067328681,-0.15603635822,0.0226547740166,71.8084157047,0,0,29.3852775455,-1.09620674969,0.400539378357,24.8154346465,-0.981634492464,15.7507852023,0,0,0,0,0,0,2.62107107471,0.120177350347,0.0440444713298,0,0,0,30.1984615656,1.64268651409,1.23720703145,25.2032969561,1.27309166188,16.7137440842,0,0,0,0,0,0,2.23125720785,-0.147657919138,0.0449791893252,0,0,0,-64.5988960179,2.04573257265,-55.4821951407,-24.7697246085,1.26249954459,-81.4883010243,23.8382052713,-1.24058214797,83.5951925516,23.8382052713,-1.24058214797,83.5951925516,2.26487813631,0.131562177083,0.0213398755664,83.5951925516,0,0,15.206408,0,0,0.00652780298022,-0.401189441469,0.00207165731443,0,15.206408,0,0.4012045426,0.00674748732676,-0.0313483147979,0,0,15.206408,-0.00531680130607,0.0317992515362,0.000210278960915,0.00652780298022,0.4012045426,-0.00531680130607,0.208742056032,0.000545323250911,-0.0238692588426,-0.401189441469,0.00674748732676,0.0317992515362,0.000545323250911,0.519555676215,-0.000526490983219,0.00207165731443,-0.0313483147979,0.000210278960915,-0.0238692588426,-0.000526490983219,0.53087968822,50.9056567284,-4.01369955518,1.46662880999,-0.0121359501909,-16.0365138742,0.305867879661,-0.0386942289204,0.0810633927815,-153.936979446,0.104210776902,-0.877876446843,-0.0420465271661,0.0386942289204,-0.0810633927815,153.936979446,-0.104210776902,0.877876446843,0.0420465271661,0,0,0,0,0,0,0,0,0,0,0,0,0,0,0,0,0,0,1.2691927509e-09,3.54554607895e-10,-4.98317831443e-10,2.08181027972e-10,-3.81566778174e-10,2.42404762929e-10,50.9056567284,-4.01369955518,1.46662880999,-0.0121359501909,-16.0365138742,0.305867879661,0.301293625052,-8.19376685702,-12.2182572206,-0.0986602832617,0.474236267496,0.424564170454,-0.166542726549,0.421164327272,0.290498476248,0.20978089855,-7.92642098863,-13.0295715818,-0.0386942289204,0.0810633927815,-153.936979446,0.104210776902,-0.877876446843,-0.0420465271661,0.146894823206,-7.99376685702,-12.4182572206,7.6517867031,10.1869636912,14.9121922637,-7.39602536654,8.53075349161,15.4927866055,0.40978089855,-7.72642098863,-13.2295715818,50.9443509561,-4.09476294832,155.403608256,-0.116346727301,-15.158637427,0.347914406585,0.154398801846,-0.2,0.2,-7.75044698655,-9.71272742323,-14.4876280931,7.22948264,-8.10958916433,-15.2022881292,-0.2,-0.2,0.2,0,0,0,0,0,0,1.3597806592,-6.90455342592,-13.6934551365,6.54793093656,10.7575871237,14.7516959022,-6.30840178559,9.120988162,15.3102009139,-0.860333506548,-6.63397684378,-14.5549771422
21.008,10503,15.206408,2.4776129161,-0.00882178726841,0.369591001697,0.999960659076,-0.00342366720031,0.000593915284375,-0.00816125407952,0.826239703972,-0.0033777148729,0.0564110703322,-0.00829198575136,0.0239475966672,-0.0100674375297,-0.143783324205,-0.224049482023,1.15624055374,-2.39407588934,-2.65740842046,0.144750186464,52.0900447154,-3.29113673033,128.568301802,0.291774007543,-15.5571500606,0.730210841031,0,0,-9.81,2.47382764907,-0.00912556943663,0.343211897405,0.808341995218,-0.000432686708476,0.113851786284,52.0900447154,-3.29113673033,128.568301802,0.0392112637905,-15.5544999732,0.836212300267,0,0,0,-1,0,0,0,2.09233036498,-54.2974669525,1.4162472212,-31.4145939005,-28.8087372028,1.51092475932,-55.7213706825,27.7904831486,-1.67042936269,58.3652728045,27.7904831486,-1.67042936269,58.3652728045,2.65084999723,-0.156020607965,0.022688569073,58.3652728045,0,0,10.3369909693,4.24437549285,-16.5570891497,17.6816861999,3.6803374872,-8.53336954797,0,0,0,0,0,0,2.62493527094,0.120289160679,0.0470727054141,0,0,0,11.4209475784,-3.15200451107,-16.1824125498,18.2341411234,-3.46553970991,-7.59932786293,0,0,0,0,0,0,2.23496883967,-0.147577472457,0.0480555271464,0,0,0,-57.0961526977,2.30817280551,-44.0109592688,-24.8945608857,1.72350471449,-67.6723962938,24.2995615668,-1.62070736764,70.2030289973,24.2995615668,-1.62070736764,70.2030289973,2.26504143713,0.131557364727,0.0214194335443,70.2030289973,0,0,15.206408,0,0,0.00650516311195,-0.39938573849,0.00199931839592,0,15.206408,0,0.39940041737,0.00672907646878,-0.0319193827181,0,0,15.206408,-0.00525019021703,0.0323500418853,0.000215030314524,0.00650516311195,0.39940041737,-0.00525019021703,0.20795762401,0.000541580114544,-0.0237759581448,-0.39938573849,0.00672907646878,0.0323500418853,0.000541580114544,0.518931920208,-0.000510998583946,0.00199931839592,-0.0319193827181,0.000215030314524,-0.0237759581448,-0.000510998583946,0.531042118544,53.1842425978,-3.20725039484,-26.627715053,0.412126643471,-16.8248741093,0.670340167559,1.09419788237,0.0838863355448,-155.196016855,0.120352635943,-1.26772404869,-0.0598706734687,-1.09419788237,-0.0838863355448,155.196016855,-0.120352635943,1.26772404869,0.0598706734687,0,0,0,0,0,0,0,0,0,0,0,0,0,0,0,0,0,0,4.55102622254e-11,-5.34416955134e-11,-2.84785528493e-11,-1.53790868929e-11,-1.18873799693e-11,-2.69417821386e-12,53.1842425978,-3.20725039484,-26.627715053,0.412126643471,-16.8248741093,0.670340167559,0.125823080753,-13.4277002793,1.91781561208,-0.148907195564,0.444392639163,0.28891872471,0.162683283668,0.191558997381,0.393311718694,0.483042320871,-13.4828507022,1.44659538401,1.09419788237,0.0838863355448,-155.196016855,0.120352635943,-1.26772404869,-0.0598706734687,0.325823080753,-13.6277002793,1.71781561208,6.18136706827,10.3756282968,13.1817606863,-5.94207227907,8.4887024974,13.9888252814,0.283042320871,-13.6828507022,1.24659538401,52.0900447154,-3.29113673033,128.568301802,0.291774007543,-15.5571500606,0.730210841031,-0.2,0.2,0.2,-6.33027426382,-9.93123565767,-12.8928419615,6.10475556273,-8.29714350002,-13.5955135627,0.2,0.2,0.2,0,0,0,0,0,0,1.59664007167,-12.3715936589,0.304814917197,5.07576766047,10.9539399933,13.026977028,-4.85343147574,9.08627088233,13.8092008143,-1.054665844,-12.4129338261,-0.231930785537
21.01,10504,15.206408,2.47926513229,-0.0088292517685,0.369711139352,0.999960406457,-0.00344193043247,0.000590125177198,-0.00818476546561,0.826108096618,-0.0037322500443,0.0600688272569,-0.0129490854301,0.0191709275827,-0.00972131578622,-0.0870295265337,-0.176413215879,1.89989622451,-5.60724534649,-7.97998082051,-4.1244150996,52.4949410069,-2.76362511748,92.370798637,0.445833814603,-16.047640727,0.872082215653,0,0,-9.81,2.47545805835,-0.00912728853415,0.34343335098,0.815070818892,-0.00086467087575,0.111102699728,52.4949410069,-2.76362511748,92.370798637,0.184996508894,-16.0464426851,0.981591324774,0,0,0,-1,0,0,0,2.09360470198,-44.9789916823,0.53930677654,-15.99064409,-29.4616909081,0.7675053336,-37.5569027925,27.8624822951,-0.89273763331,40.8878166567,27.8624822951,-0.89273763331,40.8878166567,2.65100381225,-0.156007744311,0.0227258097654,40.8878166567,0,0,-5.26516011803,8.07807938502,-30.1064728436,12.3594745817,6.9708800899,-28.249375277,0,0,0,0,0,0,2.62911253099,0.120478744954,0.0499583303447,0,0,0,-4.42069979858,-6.35912740722,-30.3498113393,12.8170375586,-6.62350865215,-27.8018851479,0,0,0,0,0,0,2.23900776224,-0.147566880021,0.0510076209204,0,0,0,-47.0400005612,2.33923397791,-27.8146227033,-25.225879817,2.03778553712,-48.49112622,24.6324587118,-1.87088748417,51.4829819803,24.6324587118,-1.87088748417,51.4829819803,2.26518771552,0.131554292306,0.0214997772912,51.4829819803,0,0,15.206408,0,0,0.0064886084988,-0.397733450969,0.00192580535702,0,15.206408,0,0.397747731265,0.00671531148881,-0.0322721690688,0,0,15.206408,-0.00517991715303,0.0326867072641,0.000218266998381,0.0064886084988,0.397747731265,-0.00517991715303,0.207250312166,0.000531410344654,-0.0236613295239,-0.397733450969,0.00671531148881,0.0326867072641,0.000531410344654,0.51833415615,-0.000494963577971,0.00192580535702,-0.0322721690688,0.000218266998381,-0.0236613295239,-0.000494963577971,0.531174646402,54.5524876559,-2.68438811725,-62.5010650471,0.563029839073,-17.4605322354,0.857984235291,2.05754664689,0.0792370009338,-154.871863682,0.117196024412,-1.41289150802,-0.0140979804877,-2.05754664689,-0.0792370009338,154.871863682,-0.117196024412,1.41289150802,0.0140979804877,0,0,0,0,0,0,0,0,0,0,0,0,0,0,0,0,0,0,2.10130934875e-09,-7.05138614165e-10,-2.43207409767e-09,5.8198668107e-11,-3.67993635564e-10,1.2547096695e-10,54.5524876559,-2.68438811725,-62.5010650471,0.563029839073,-17.4605322354,0.857984235291,-0.199087360503,-17.3711191342,12.7930030148,-0.172895683075,0.88657603509,0.0248315096778,0.38856189009,0.24009152099,0.316687287399,1.14046318965,-17.7035017591,12.7890635225,2.05754664689,0.0792370009338,-154.871863682,0.117196024412,-1.41289150802,-0.0140979804877,0.000912639496644,-17.5711191342,12.5930030148,4.19363243336,10.8377382897,10.6796670321,-3.92255937684,8.76580738352,11.6385778615,0.940463189649,-17.9035017591,12.5890635225,52.4949410069,-2.76362511748,92.370798637,0.445833814603,-16.047640727,0.872082215653,-0.2,0.2,0.2,-4.36652811637,-9.95116225387,-10.6548355224,4.31112126691,-8.52571586251,-11.3218905741,0.2,0.2,0.2,0,0,0,0,0,0,1.25032719664,-16.3397139628,11.2714389628,3.08752123681,11.4218425387,10.5286443682,-2.83294950769,9.36824193012,11.4657095487,-0.370281821713,-16.6454398275,11.2017427642
21.012,10505,15.206408,2.48091744602,-0.00883700695684,0.369837789929,0.999960030382,-0.00346836876481,0.000602422276226,-0.00821858530481,0.826156861412,-0.00387759416678,0.0633252885549,-0.0238474742486,0.00396520298346,-0.017785803069,0.00397330054956,-0.0716268116488,1.71308194213,-5.41416083785,-8.40825598246,-4.14285706544,50.117971547,-1.92737897974,71.5687382682,0.131952016225,-16.1345962367,0.832932272517,0,0,-9.81,2.47710225442,-0.00912973200217,0.343639706955,0.821949164188,-0.00122581031428,0.103472702573,50.117971547,-1.92737897974,71.5687382682,-0.131075565971,-16.1284871481,0.943983440758,0,0,0,-1,0,0,0,2.0950814818,-39.281898755,-0.891925915891,-8.73663996742,-28.6864206219,-0.612358986937,-28.2295282981,25.5268449833,0.450429893535,32.9162130005,25.5268449833,0.450429893535,32.9162130005,2.65112724555,-0.155997292556,0.0227788604508,32.9162130005,0,0,-11.9482028697,8.30561437713,-35.5351212439,10.3657836566,7.00764769186,-36.303319777,0,0,0,0,0,0,2.63339129812,0.120814196229,0.0523051442896,0,0,0,-11.3636002317,-6.83298496731,-36.1337931432,10.7504298582,-7.09098113617,-36.2714535839,0,0,0,0,0,0,2.2431549393,-0.147689133105,0.053429634987,0,0,0,-40.2141393621,2.68340788731,-16.6355866181,-25.496302762,2.57924204084,-35.2761460567,24.5911265637,-2.37780887327,38.6525252678,24.5911265637,-2.37780887327,38.6525252678,2.26531709087,0.131553335621,0.0215885891044,38.6525252678,0,0,15.206408,0,0,0.00648596539816,-0.396421824456,0.00184392522583,0,15.206408,0,0.396436408325,0.00671459572413,-0.0323985688307,0,0,15.206408,-0.00510710932977,0.0328096429506,0.000220430714341,0.00648596539816,0.396436408325,-0.00510710932977,0.206725566488,0.000507948224743,-0.0235556064342,-0.396421824456,0.00671459572413,0.0328096429506,0.000507948224743,0.517844788345,-0.000478897021194,0.00184392522583,-0.0323985688307,0.000220430714341,-0.0235556064342,-0.000478897021194,0.531273315293,52.3992223864,-1.8642823169,-82.073449852,0.228200629706,-17.4198306615,0.880320499277,2.28125083948,0.0630966628339,-153.64218812,0.0962486134807,-1.2852344248,0.04738822676,-2.28125083948,-0.0630966628339,153.64218812,-0.0962486134807,1.2852344248,-0.04738822676,0,0,0,0,0,0,0,0,0,0,0,0,0,0,0,0,0,0,1.88293824976e-12,-1.91979765418e-12,-7.20490334061e-12,3.08447711816e-13,8.10018718767e-13,7.63833440942e-14,52.3992223864,-1.8642823169,-82.073449852,0.228200629706,-17.4198306615,0.880320499277,-1.03452250976,-18.6116557468,16.8267124983,-0.434288323654,2.09049548713,-0.342351257955,0.450728203712,0.512110975627,0.183016678176,1.85464513952,-19.0627417589,17.0605436836,2.28125083948,0.0630966628339,-153.64218812,0.0962486134807,-1.2852344248,0.04738822676,-0.834522509762,-18.8116557468,17.0267124983,2.66780243322,11.141016279,8.79328150778,-2.31348316086,9.0835921803,9.87682189947,1.65464513952,-19.2627417589,17.2605436836,50.117971547,-1.92737897974,71.5687382682,0.131952016225,-16.1345962367,0.832932272517,-0.2,0.2,-0.2,-3.10209075688,-9.05052079192,-9.13563276574,2.76421136457,-8.57148120467,-9.69380522129,0.2,0.2,-0.2,0,0,0,0,0,0,0.365954839817,-17.7874114869,15.9472113672,1.56230139892,11.7320265583,8.63990734814,-1.22158556679,9.69034092568,9.70978772352,0.415994978204,-18.2034369772,16.1289778603
21.014,10506,15.206408,2.48256951816,-0.00884320337616,0.369975276538,0.999959631556,-0.00348773569641,0.00065609755674,-0.0082547255112,0.826036073317,-0.00309820966407,0.0687433045357,-0.03430555269,-0.0120427058775,-0.025927385281,-0.0571535836793,0.392880828071,2.81961468051,-1.30273994358,-20.8953741115,3.35559760166,-27.0609821358,4.17793336761,70.7860042861,0.525990568809,10.3206459693,2.56163118001,0,0,-9.81,2.47875972065,-0.00913267607063,0.34382553235,0.828624646183,-0.00147312617454,0.0931466745773,-27.0609821358,4.17793336761,70.7860042861,0.698743723534,10.3280990823,2.4892730183,0,0,0,-1,0,0,0,2.09678682084,-9.22207425686,-6.20414608832,-36.1562107264,11.0669430988,-6.62604549939,-35.558795647,-10.253642081,6.42351048929,37.5041951654,-10.253642081,6.42351048929,37.5041951654,2.65119515967,-0.15599033027,0.0228703314486,37.5041951654,0,0,-48.7015465443,6.28267966599,-23.0514157278,-26.3945185515,5.32354045177,-47.0921413204,0,0,0,0,0,0,2.63769695813,0.121296752471,0.0539500583474,0,0,0,-48.1127502043,-6.21122823625,-24.3782321666,-25.6013239081,-5.93265600839,-47.5088423226,0,0,0,0,0,0,2.24733165263,-0.147953248123,0.0551502601346,0,0,0,-0.541083001674,3.09081115458,-35.1477166738,17.8467155398,2.34675827096,-30.3512000067,-16.8073400548,-2.24557712168,33.2818091207,-16.8073400548,-2.24557712168,33.2818091207,2.26542518881,0.131555202107,0.0216926195716,33.2818091207,0,0,15.206408,0,0,0.00649800473445,-0.395521280992,0.00175613287329,0,15.206408,0,0.39553693957,0.00672777819506,-0.0323113276366,0,0,15.206408,-0.00503489424681,0.0327321494963,0.000221595882144,0.00649800473445,0.39553693957,-0.00503489424681,0.206415722926,0.000469304721508,-0.0234721352815,-0.395521280992,0.00672777819506,0.0327321494963,0.000469304721508,0.517490430414,-0.00046265348863,0.00175613287329,-0.0323113276366,0.000221595882144,-0.0234721352815,-0.00046265348863,0.531334715223,-25.4011102084,4.19552238492,-81.9375466571,0.593879091269,9.29912876512,2.62475130267,1.65987192758,0.0175890173509,-152.723550943,0.0678885224772,-1.0215172042,0.0631201226663,-1.65987192758,-0.0175890173509,152.723550943,-0.0678885224772,1.0215172042,-0.0631201226663,0,0,0,0,0,0,0,0,0,0,0,0,0,0,0,0,0,0,-1.67446501109e-10,-4.79518647012e-11,-1.27641897052e-10,-1.74927849983e-11,6.07958128285e-11,-6.56941168131e-12,-25.4011102084,4.19552238492,-81.9375466571,0.593879091269,9.29912876512,2.62475130267,-2.56095461777,-3.6407166069,30.4409158347,0.0758981257374,-0.822894380186,0.101930226566,0.526673353365,-0.88539646322,0.386482863497,2.13425879149,-4.47227712125,31.3084124809,1.65987192758,0.0175890173509,-152.723550943,0.0678885224772,-1.0215172042,0.0631201226663,-2.36095461777,-3.8407166069,30.6409158347,1.22536935914,-4.96143819201,2.67321409031,-1.748301248,-7.48365355631,1.03982760831,1.93425879149,-4.67227712125,31.5084124809,-27.0609821358,4.17793336761,70.7860042861,0.525990568809,10.3206459693,2.56163118001,-0.2,0.2,-0.2,-1.1494712334,4.13854381179,-2.57128386377,2.27497460137,6.59825709306,-0.653344744833,0.2,0.2,-0.2,0,0,0,0,0,0,-1.16496202296,-3.10369941827,29.826708819,0.118245162672,-4.3576288288,2.50660611083,-0.653651735589,-6.87133325066,0.875417207482,0.731730933651,-3.89615917035,30.6601862339
21.016,10507,15.206408,2.48422501347,-0.00884979980212,0.370108444981,0.999959282768,-0.00351013415621,0.000696242795015,-0.00828414215308,0.827747651661,-0.00329821297543,0.0665842215805,-0.0364911509892,-0.0534897263451,-0.0192258272668,0.843747045343,-0.0992420029602,-1.03639800383,3.26721620762,6.57151520888,-1.5160752792,48.4889241985,-3.2628558001,70.9909115554,-0.415601323297,-15.4220003535,1.30937461093,0,0,-9.81,2.48041029647,-0.00913451435462,0.343990540067,0.82529195509,-0.000917005955287,0.0826376850878,48.4889241985,-3.2628558001,70.9909115554,-0.668278747926,-15.4035415041,1.41760145364,0,0,0,-1,0,0,0,2.09864755694,-38.2145769911,-1.02570654398,-10.4411749791,-27.1701122428,-0.771591665189,-28.8377140301,25.1334113255,0.68999974942,32.7745761437,25.1334113255,0.68999974942,32.7745761437,2.65127667955,-0.155987838079,0.0229568894312,32.7745761437,0,0,-1.93168938035,-0.100991517779,-20.6000832195,10.4305242994,-0.766280243039,-17.8527877159,0,0,0,0,0,0,2.64118534733,0.121890341629,0.0545627203775,0,0,0,-1.78769175267,-0.138899903902,-21.3210286657,10.8684007112,-0.394473085481,-18.4261676784,0,0,0,0,0,0,2.25069394534,-0.148332816152,0.0558296698615,0,0,0,-39.1289743521,4.12290501992,-17.8012866472,-24.2916102199,3.99352852698,-35.4814062402,23.355512873,-3.95285554952,38.2163354116,23.355512873,-3.95285554952,38.2163354116,2.26554576827,0.131558872541,0.0218057394054,38.2163354116,0,0,15.206408,0,0,0.00651944132825,-0.395101988791,0.00167782386358,0,15.206408,0,0.395121507326,0.00675076111509,-0.032291954152,0,0,15.206408,-0.00497138588101,0.032755622252,0.000222600182709,0.00651944132825,0.395121507326,-0.00497138588101,0.206372989798,0.000418600231606,-0.0234782515946,-0.395101988791,0.00675076111509,0.032755622252,0.000418600231606,0.517367043636,-0.000450833535357,0.00167782386358,-0.032291954152,0.000222600182709,-0.0234782515946,-0.000450833535357,0.531395128811,48.4284195653,-3.2947540362,-80.217905117,-0.382645357466,-15.9167825362,1.32584682143,-0.0605046275877,-0.031898244711,-151.208816657,0.0329559609005,-0.494782186869,0.0164722093054,0.0605046275877,0.031898244711,151.208816657,-0.0329559609005,0.494782186869,-0.0164722093054,0,0,0,0,0,0,0,0,0,0,0,0,0,0,0,0,0,0,-5.63751001437e-09,8.60567395122e-09,-1.54698085453e-08,4.93045759775e-09,4.21062296141e-09,1.19655596542e-09,48.4284195653,-3.2947540362,-80.217905117,-0.382645357466,-15.9167825362,1.32584682143,-3.27265362925,-11.4580763945,6.99298899658,-0.348427201911,1.49200432073,-0.0890471140935,-0.0845483319293,0.631902527844,-0.0181127913467,3.50367764541,-11.7494581282,6.99997766135,-0.0605046275877,-0.031898244711,-151.208816657,0.0329559609005,-0.494782186869,0.0164722093054,-3.07265362925,-11.6580763945,7.19298899658,2.30923714889,10.3111831479,8.93300840562,-2.01720802075,8.66318963744,9.34690443882,3.30367764541,-11.9494581282,7.19997766135,48.4889241985,-3.2628558001,70.9909115554,-0.415601323297,-15.4220003535,1.30937461093,-0.2,0.2,-0.2,-2.65766435622,-8.81917882954,-9.02205552274,1.93265968988,-8.03128710908,-9.36501723009,0.2,0.2,-0.2,0,0,0,0,0,0,-1.87477806425,-11.2869803642,6.76547357716,1.20200535752,10.9119439967,8.77158346514,-0.924714663393,9.27106559003,9.19567187746,2.13094774879,-11.5508047792,6.76118958418
21.018,10508,15.206408,2.48587957955,-0.00885646558692,0.370241534455,0.999959007938,-0.00353053653946,0.000737955603258,-0.00830500912634,0.827283044302,-0.00333289240293,0.0665447372089,-0.029826301097,-0.0399282202843,-0.0222468114484,-0.251754190434,-0.0166886572671,0.0147653704209,4.26508353416,-1.04896528839,0.930989357448,51.7834602379,-2.03017444928,90.1401954565,-0.230778484854,-16.5907511068,1.12410786888,0,0,-9.81,2.48207371251,-0.00913720443434,0.344135025975,0.831754515751,-0.00133978526458,0.0723987994143,51.7834602379,-2.03017444928,90.1401954565,-0.503903967299,-16.5763623026,1.24104516525,0,0,0,-1,0,0,0,2.10063998009,-44.7427166546,-0.489834770098,-20.997825179,-27.4329080684,-0.313462288903,-41.1144328708,27.5898623131,0.296339248294,43.1393900698,27.5898623131,0.296339248294,43.1393900698,2.65131897295,-0.155987084629,0.0230685289851,43.1393900698,0,0,7.51258127934,-2.05909746131,-19.8526314513,17.717325275,-2.64971924153,-11.570700429,0,0,0,0,0,0,2.64480642887,0.122469983417,0.0548249121954,0,0,0,8.76689773239,1.90748024492,-19.2046935306,18.3585733056,1.54830951201,-10.4824975161,0,0,0,0,0,0,2.25419568019,-0.148716370215,0.0561485741892,0,0,0,-43.8980852126,2.50893968716,-25.8930212638,-24.4616822698,2.2416899749,-44.725676523,24.1935979248,-2.32651369758,47.0008053867,24.1935979248,-2.32651369758,47.0008053867,2.26564832713,0.131564791271,0.0219253835168,47.0008053867,0,0,15.206408,0,0,0.00653968220451,-0.394929194169,0.00160220710501,0,15.206408,0,0.394951462243,0.00677167847967,-0.032139795338,0,0,15.206408,-0.00491193339967,0.032635878253,0.000222931620351,0.00653968220451,0.394951462243,-0.00491193339967,0.206424962235,0.000368318106437,-0.0234865305058,-0.394929194169,0.00677167847967,0.032635878253,0.000368318106437,0.517307965181,-0.000438995910655,0.00160220710501,-0.032139795338,0.000222931620351,-0.0234865305058,-0.000438995910655,0.531424806867,51.0777797775,-2.10933078811,-61.4050611294,-0.209584868249,-16.9856889296,1.10755221447,-0.705680460386,-0.0791563388219,-151.545256586,0.0211936166052,-0.394937822863,-0.0165556544142,0.705680460386,0.0791563388219,151.545256586,-0.0211936166052,0.394937822863,0.0165556544142,0,0,0,0,0,0,0,0,0,0,0,0,0,0,0,0,0,0,1.20792265079e-13,1.70086167373e-13,-1.84741111298e-13,9.24538223757e-14,-2.13162820728e-14,3.2640556924e-14,51.0777797775,-2.10933078811,-61.4050611294,-0.209584868249,-16.9856889296,1.10755221447,-3.90762779786,-13.0736115457,2.11576363196,0.0614268711712,-0.286924688006,0.337790272622,-0.0572614686993,-0.0460136881097,0.312071862936,3.67396138349,-12.9795836235,1.50788905204,-0.705680460386,-0.0791563388219,-151.545256586,0.0211936166052,-0.394937822863,-0.0165556544142,-3.70762779786,-13.2736115457,2.31576363196,3.80412392165,9.29505483301,11.1408502051,-3.61405698349,8.08671412343,10.8835116731,3.47396138349,-13.1795836235,1.70788905204,51.7834602379,-2.03017444928,90.1401954565,-0.230778484854,-16.5907511068,1.12410786888,-0.2,0.2,-0.2,-3.74269705047,-9.58197952102,-10.8030599325,3.55679551479,-8.13272781154,-10.5714398101,0.2,0.2,-0.2,0,0,0,0,0,0,-2.46727506994,-13.0398771267,1.97737420431,2.69328184121,9.9090525601,10.9732590493,-2.52012059318,8.70339966066,10.7299017407,2.27357715605,-12.9149287166,1.36250280574
21.02,10509,15.206408,2.48753212662,-0.00886267390699,0.370388175606,0.999958759597,-0.00355083885005,0.000789560587376,-0.00832149279734,0.826273530755,-0.00310416003616,0.0733205751156,-0.0212403890306,-0.0415130602254,-0.0204262924406,-0.526718737005,0.115495008078,3.44545221035,2.12457798416,-5.25793534915,-0.0290030188544,50.7859135707,-0.470996387495,116.320727857,-0.206328397336,-16.2936595283,1.03037930003,0,0,-9.81,2.48375082829,-0.00914042200682,0.344264068101,0.838643107996,-0.00160042677987,0.0647196971025,50.7859135707,-0.470996387495,116.320727857,-0.475260586393,-16.2803149781,1.14589062471,0,0,0,-1,0,0,0,2.1027529955,-51.1159604122,-1.181866708,-35.1466593139,-25.8692683277,-1.13567146382,-56.3827729472,26.7956941296,1.10374174985,57.8334180898,26.7956941296,1.10374174985,57.8334180898,2.65135921867,-0.155986481209,0.0231744367744,57.8334180898,0,0,-0.0474046222351,-0.397737546521,-25.1652688992,14.9072475258,-1.126601118,-20.2473687735,0,0,0,0,0,0,2.64875170729,0.122996487559,0.0548834862972,0,0,0,1.44950639306,0.363995514604,-24.3799530543,15.5523140094,-0.012400960755,-18.8345705451,0,0,0,0,0,0,2.25803794723,-0.149064500751,0.0562840277144,0,0,0,-48.9790457533,1.95908086797,-36.678836485,-23.6157430325,1.49847443535,-56.463910793,23.9902194411,-1.57473813734,58.4873097676,23.9902194411,-1.57473813734,58.4873097676,2.26574208182,0.131570756539,0.0220433288248,58.4873097676,0,0,15.206408,0,0,0.00655702502177,-0.394990153466,0.00153350816159,0,15.206408,0,0.395014905808,0.00678798672806,-0.0317636565034,0,0,15.206408,-0.00485518071822,0.0322936919204,0.000221539570898,0.00655702502177,0.395014905808,-0.00485518071822,0.206544794126,0.000323406977064,-0.0234683580454,-0.394990153466,0.00678798672806,0.0322936919204,0.000323406977064,0.517287944467,-0.000427010581312,0.00153350816159,-0.0317636565034,0.000221539570898,-0.0234683580454,-0.000427010581312,0.53141306046,49.4935372996,-0.597106339162,-35.877106588,-0.196426292775,-16.6392118681,0.998947098146,-1.29237627105,-0.126109951667,-152.197834445,0.00990210456125,-0.345552339792,-0.0314322018806,1.29237627105,0.126109951667,152.197834445,-0.00990210456125,0.345552339792,0.0314322018806,0,0,0,0,0,0,0,0,0,0,0,0,0,0,0,0,0,0,1.4921397451e-13,2.22044604925e-16,-4.26325641456e-14,1.11022302463e-15,-4.97379915032e-14,7.1054273576e-15,49.4935372996,-0.597106339162,-35.877106588,-0.196426292775,-16.6392118681,0.998947098146,-3.88545121911,-14.4018511779,7.49262933162,-0.00890850420668,-1.00354774738,0.721067373654,0.202477313136,-0.630148816397,0.721082080314,3.53858906793,-14.3349987946,6.89778460942,-1.29237627105,-0.126109951667,-152.197834445,0.00990210456125,-0.345552339792,-0.0314322018806,-3.68545121911,-14.6018511779,7.69262933162,4.87594882839,8.02321818932,13.1271487584,-4.79456675187,7.14053014815,12.5828971291,3.33858906793,-14.5349987946,7.09778460942,50.7859135707,-0.470996387495,116.320727857,-0.206328397336,-16.2936595283,1.03037930003,-0.2,0.2,-0.2,-4.8848573326,-9.0267659367,-12.4060813847,4.99704406501,-7.77067896455,-11.8618150488,0.2,0.2,-0.2,0,0,0,0,0,0,-2.40292946884,-14.4849225316,7.37276170507,3.76383854509,8.64044962588,12.9671698203,-3.70136057054,7.76073759074,12.4356026328,2.10760713133,-14.3768689764,6.76801113171
21.022,10510,15.206408,2.48919065169,-0.008866617331,0.370533675299,0.999958785853,-0.00355215898995,0.000816465665087,-0.00831517563648,0.829262535582,-0.00197171200071,0.072749846789,-0.0168545324209,-0.0514043127414,-0.0205073804695,1.51522678637,0.568118413821,-0.296868825489,11.6539949219,12.5249486558,9.55621583319,-28.1913852851,5.58935500786,162.479389928,-0.578703682991,11.2626497683,2.31292242753,0,0,-9.81,2.48544146079,-0.00914375514978,0.344384578005,0.845479365514,-0.00165426983916,0.0605093908923,-28.1913852851,5.58935500786,162.479389928,-0.387460658677,11.2868347079,2.23361241651,0,0,0,-1,0,0,0,2.10502173714,-32.1581861777,-7.37906566277,-82.3284660516,14.0397436612,-8.21011624391,-87.1897669449,-12.119349119,8.15897149151,87.8860724877,-12.119349119,8.15897149151,87.8860724877,2.65140732576,-0.15598627562,0.0232640532572,87.8860724877,0,0,-9.35201900274,-8.51359628912,20.3517939165,-19.8279850801,-7.94896246457,10.8536675931,0,0,0,0,0,0,2.65291236098,0.123501236361,0.0545576945274,0,0,0,-9.85324803432,5.42808993873,18.9382510185,-19.0980997206,5.81409951583,9.3095028185,0,0,0,0,0,0,2.2621115702,-0.149408837229,0.0560613848825,0,0,0,-22.2823343245,3.73537595619,-71.6786560704,16.7739566693,2.34685582805,-73.2216623542,-16.0720361661,-2.56961648365,74.5933174405,-16.0720361661,-2.56961648365,74.5933174405,2.26583344279,0.131576282489,0.0221537160992,74.5933174405,0,0,15.206408,0,0,0.00657644038223,-0.395386988762,0.00147128011563,0,15.206408,0,0.395414379708,0.00680468419236,-0.031142915732,0,0,15.206408,-0.0048029009807,0.0317152037302,0.000218344187979,0.00657644038223,0.395414379708,-0.0048029009807,0.20679042912,0.000280535911864,-0.0234320336737,-0.395386988762,0.00680468419236,0.0317152037302,0.000280535911864,0.517352864329,-0.000415251668477,0.00147128011563,-0.031142915732,0.000218344187979,-0.0234320336737,-0.000415251668477,0.53135722784,-30.6647348024,5.40362158613,9.42783544479,-0.587564632512,11.0692295466,2.255924131,-2.47334951394,-0.185733422956,-153.051554483,-0.00886094998731,-0.193420222993,-0.0569982967804,2.47334951394,0.185733422956,153.051554483,0.00886094998731,0.193420222993,0.0569982967804,0,0,0,0,0,0,0,0,0,0,0,0,0,0,0,0,0,0,-3.38004468858e-09,1.22245946699e-09,-5.2790483096e-10,4.66857663639e-10,1.29018395967e-09,2.55029775076e-10,-30.6647348024,5.40362158613,9.42783544479,-0.587564632512,11.0692295466,2.255924131,-3.2997145155,12.5705949475,0.371407968562,-0.0307989854505,-1.47463951517,0.948237935763,-0.493493289366,-0.594566688489,0.324534991873,1.92595765791,12.0621288275,0.72902251348,-2.47334951394,-0.185733422956,-153.051554483,-0.00886094998731,-0.193420222993,-0.0569982967804,-3.4997145155,12.3705949475,0.171407968562,5.39614517788,-7.49706040488,8.84832752029,-6.36366779323,-8.00841081778,5.77242863352,2.12595765791,11.8621288275,0.52902251348,-28.1913852851,5.58935500786,162.479389928,-0.578703682991,11.2626497683,2.31292242753,0.2,0.2,0.2,-5.42694416395,6.02242088897,-7.90008958499,5.87017450403,7.41384412879,-5.44789364195,-0.2,0.2,0.2,0,0,0,0,0,0,-2.14755420267,12.2932618781,-0.0805707016412,4.28463746048,-6.88114917214,8.7058101559,-5.27176663656,-7.38854011968,5.64164074923,0.842960370489,11.8365109807,0.266843284506
21.024,10511,15.206408,2.4908534687,-0.00887098743409,0.370697577075,0.999958850616,-0.00355386741462,0.000835460231081,-0.00830476415703,0.831408506504,-0.00218505154829,0.0819508880749,0.00629560378083,-0.0268882777693,-0.0017085310676,1.0635615453,-0.105385953571,4.65539638159,1.97836906319,3.8019840937,-0.186850196886,39.9865980023,-3.41720129989,147.078242074,-0.271908287893,-9.68186631314,0.819852929942,0,0,-9.81,2.4871245728,-0.00914562422216,0.344508459042,0.841665543667,-0.000925545849567,0.0621319345634,39.9865980023,-3.41720129989,147.078242074,-0.431433227419,-9.66994668979,0.889170757545,0,0,0,-1,0,0,0,2.10719692844,-49.9944741153,0.0540400113939,-48.8876877939,-18.5560710569,-0.103307110436,-67.4174898287,19.7707690152,0.0903229455424,68.8860050379,19.7707690152,0.0903229455424,68.8860050379,2.65147634453,-0.155987325826,0.0233235483209,68.8860050379,0,0,-10.0653196116,-0.766153106007,-16.0991461495,1.69953370148,-1.18638858138,-18.888732714,0,0,0,0,0,0,2.65668259671,0.123840106604,0.0543340354539,0,0,0,-9.88406987451,0.197462412205,-15.9732203567,1.67993393485,0.0236601009371,-18.7097530562,0,0,0,0,0,0,2.26580441806,-0.149630167929,0.0559131524817,0,0,0,-55.0450012119,4.276895025,-56.5319967972,-19.5516068115,3.43967722228,-76.4853838524,20.2158289871,-3.50752424543,78.1922370366,20.2158289871,-3.50752424543,78.1922370366,2.26593396419,0.131580584845,0.0222488734867,78.1922370366,0,0,15.206408,0,0,0.00657680962226,-0.395715541473,0.00143653506798,0,15.206408,0,0.395744247837,0.0068025139758,-0.0307472193115,0,0,15.206408,-0.00476474733377,0.031341971115,0.000215586731188,0.00657680962226,0.395744247837,-0.00476474733377,0.206978440023,0.000251988826218,-0.0234255189924,-0.395715541473,0.0068025139758,0.031341971115,0.000251988826218,0.517424606497,-0.000407821904839,0.00143653506798,-0.0307472193115,0.000215586731188,-0.0234255189924,-0.000407821904839,0.53132420175,38.3244935968,-3.55330055912,-5.0114932674,-0.264748876573,-9.93540531121,0.798670558454,-1.66210441449,-0.136099259357,-152.089735338,0.00715941078097,-0.253538995194,-0.021182372186,1.66210441449,0.136099259357,152.089735338,-0.00715941078097,0.253538995194,0.021182372186,0,0,0,0,0,0,0,0,0,0,0,0,0,0,0,0,0,0,9.00388386071e-09,1.30575106283e-10,-3.6611993437e-09,5.393515079e-10,-2.87632673235e-09,6.97598645516e-10,38.3244935968,-3.55330055912,-5.0114932674,-0.264748876573,-9.93540531121,0.798670558454,-3.16156437296,-7.13582515176,10.4012522999,-0.204465620606,-1.12706884864,0.972156200607,0.14470248664,-0.737330208115,0.801221295468,2.93180555357,-7.04676427253,10.2644414083,-1.66210441449,-0.136099259357,-152.089735338,0.00715941078097,-0.253538995194,-0.021182372186,-2.96156437296,-7.33582515176,10.6012522999,6.17974016805,4.95518118933,13.1838806907,-5.77877963295,5.04270094783,14.0913499803,2.73180555357,-7.24676427253,10.4644414083,39.9865980023,-3.41720129989,147.078242074,-0.271908287893,-9.68186631314,0.819852929942,-0.2,0.2,-0.2,-6.38420578918,-6.08225003547,-12.2117244891,5.92348211972,-5.78003115499,-13.2901286844,0.2,0.2,-0.2,0,0,0,0,0,0,-1.71172559261,-7.31193780899,10.3696527481,5.06411600113,5.57176733017,13.0647926331,-4.69116449356,5.66581773758,13.9691343307,1.52737438679,-7.17974090576,10.220574379
21.026,10512,15.206408,2.49252210733,-0.00887637883508,0.370872451157,0.999958944833,-0.0035549004267,0.000848638448166,-0.00829163098761,0.834319313537,-0.00269570049383,0.0874370410184,0.0103808182457,-0.0189728363708,-0.00209414501253,1.45188497699,-0.254513820621,2.78451918025,1.31541108393,2.82128535748,0.302738808761,30.1994803542,-3.37158356551,140.450869206,0.531778756059,-4.87090925624,0.576499787298,0,0,-9.81,2.48881832259,-0.00914838802377,0.344631842792,0.84704329065,-0.00137095409293,0.0619114630703,30.1994803542,-3.37158356551,140.450869206,0.451830684908,-4.87486028233,0.610314584979,0,0,0,-1,0,0,0,2.10948376603,-42.3713988651,0.634424647412,-46.0087068434,-13.7512100014,0.436751483758,-61.0184604318,14.7457753933,-0.449919809771,62.6329951359,14.7457753933,-0.449919809771,62.6329951359,2.65155372027,-0.155988206033,0.0233654772475,62.6329951359,0,0,-10.3598891918,0.0458136560184,-8.89508066827,-2.81958809856,-0.168902550213,-13.3593883818,0,0,0,0,0,0,2.66037995488,0.124155567498,0.0537004490282,0,0,0,-10.5383930345,0.539722066756,-9.92289833383,-2.40782409775,0.460821012595,-14.275957625,0,0,0,0,0,0,2.26942415281,-0.149846889625,0.0553583765624,0,0,0,-50.4354613976,3.76535964609,-58.7968225621,-14.8447057069,2.8533290415,-76.0688718787,15.4537049609,-2.92166375574,77.8178740698,15.4537049609,-2.92166375574,77.8178740698,2.26603532091,0.131584671829,0.0223308514565,77.8178740698,0,0,15.206408,0,0,0.00657873916778,-0.396331543726,0.00140650447209,0,15.206408,0,0.3963608445,0.00680121616689,-0.0302607713645,0,0,15.206408,-0.00473186084457,0.0308721761235,0.000212229344862,0.00657873916778,0.3963608445,-0.00473186084457,0.207286638417,0.000225007956573,-0.0234279493216,-0.396331543726,0.00680121616689,0.0308721761235,0.000225007956573,0.51759872384,-0.000401314574234,0.00140650447209,-0.0302607713645,0.000212229344862,-0.0234279493216,-0.000401314574234,0.53126960327,27.6445023436,-3.53741908813,-12.0710028031,0.52560063414,-4.9800529144,0.544886002627,-2.55497801074,-0.16583552261,-152.521872009,-0.00617812191354,-0.109143658097,-0.0316137846852,2.55497801074,0.16583552261,152.521872009,0.00617812191354,0.109143658097,0.0316137846852,0,0,0,0,0,0,0,0,0,0,0,0,0,0,0,0,0,0,1.53601575903e-10,-1.32684974119e-11,-7.66817720432e-11,-5.98443516964e-12,-6.32809360468e-11,1.3926304554e-11,27.6445023436,-3.53741908813,-12.0710028031,0.52560063414,-4.9800529144,0.544886002627,-1.92926909791,-3.05231872846,8.94970057083,-0.0717112238229,-0.909621937162,0.718313254951,0.0234413655776,-0.645034061296,0.623806220132,2.49750110664,-3.48130703453,9.05990002948,-2.55497801074,-0.16583552261,-152.521872009,-0.00617812191354,-0.109143658097,-0.0316137846852,-1.72926909791,-3.25231872846,9.14970057083,5.93418328697,3.35973874255,11.1305522842,-6.13385735206,3.27918822757,12.8321307856,2.29750110664,-3.68130703453,9.25990002948,30.1994803542,-3.37158356551,140.450869206,0.531778756059,-4.87090925624,0.576499787298,-0.2,0.2,-0.2,-6.0058945108,-4.26936067968,-10.4122390293,6.15729871766,-3.92422228884,-12.2083245655,0.2,0.2,-0.2,0,0,0,0,0,0,-0.443342447281,-3.3794324398,9.02957248688,4.81908178329,3.97601556778,11.0346021652,-5.0470085144,3.90360784531,12.7281923294,1.06802034378,-3.75951528549,9.12967300415
21.028,10513,15.206408,2.49419743545,-0.00888311360495,0.371053687304,0.999959076773,-0.00355315332446,0.000856503207637,-0.00827564390476,0.837664060669,-0.00336738493386,0.0906180732396,0.0131139201609,-0.0131625913091,-0.00141167397713,1.67163593771,-0.335276420168,1.62361291592,1.41133313733,2.59506316435,1.33153582922,26.6230258781,-3.21843781215,135.357016781,1.04441018384,-2.82217894573,0.543590743325,0,0,-9.81,2.49052009752,-0.0091520340186,0.344752971289,0.851095239221,-0.00180983303356,0.0608053529438,26.6230258781,-3.21843781215,135.357016781,0.998437719178,-2.83518786515,0.561969234272,0,0,0,-1,0,0,0,2.11184792366,-38.5184668068,0.590159089442,-43.3075310004,-12.0828275763,0.390661784113,-56.6869956461,12.8991084728,-0.408906957077,58.4386746712,12.8991084728,-0.408906957077,58.4386746712,2.65163845281,-0.155988888019,0.0233935466817,58.4386746712,0,0,-9.52722039648,0.341720917448,-5.1215168085,-4.42214791875,0.233243045926,-9.87445398766,0,0,0,0,0,0,2.66392989966,0.124467943478,0.0527459897947,0,0,0,-9.93327930657,0.947487338327,-6.79745679647,-3.77560283956,0.909436971189,-11.4320136692,0,0,0,0,0,0,2.27290312673,-0.15005077602,0.0544680640299,0,0,0,-48.197739334,3.66520140088,-59.031162979,-13.1965409844,2.73826439143,-75.0965191939,13.7239174053,-2.80953085507,76.9183421103,13.7239174053,-2.80953085507,76.9183421103,2.26613845344,0.131588338341,0.0224013467055,76.9183421103,0,0,15.206408,0,0,0.00658185643186,-0.39714867542,0.00137342342427,0,15.206408,0,0.397178155923,0.00680079651909,-0.0297450472317,0,0,15.206408,-0.00469615624711,0.0303689380607,0.000208647696014,0.00658185643186,0.397178155923,-0.00469615624711,0.207685426113,0.000199562752321,-0.0234454709613,-0.39714867542,0.00680079651909,0.0303689380607,0.000199562752321,0.517854622752,-0.000395557305191,0.00137342342427,-0.0297450472317,0.000208647696014,-0.0234454709613,-0.000395557305191,0.531204246991,23.4713277262,-3.41791612451,-17.4947634779,1.02789702616,-2.83491099285,0.504080754778,-3.15169815199,-0.19947831237,-152.851780259,-0.0165131576908,-0.0127320470742,-0.0395099885662,3.15169815199,0.19947831237,152.851780259,0.0165131576908,0.0127320470742,0.0395099885662,0,0,0,0,0,0,0,0,0,0,0,0,0,0,0,0,0,0,1.44275702496e-10,6.55431264818e-12,-4.31441549154e-11,8.7327922671e-12,-4.78044270835e-11,1.97661886858e-11,23.4713277262,-3.41791612451,-17.4947634779,1.02789702616,-2.83491099285,0.504080754778,-1.33411086409,-1.09526806819,7.71608811774,-0.0150671010515,-0.738042565593,0.556238509736,-0.0524278573184,-0.549125009271,0.497809560721,2.37812654725,-1.79735478863,7.96577599063,-3.15169815199,-0.19947831237,-152.851780259,-0.0165131576908,-0.0127320470742,-0.0395099885662,-1.13411086409,-1.29526806819,7.91608811774,5.57836291261,2.85196167975,10.0554788728,-6.23171117666,2.6444564291,12.1788327047,2.17812654725,-1.99735478863,8.16577599063,26.6230258781,-3.21843781215,135.357016781,1.04441018384,-2.82217894573,0.543590743325,-0.2,0.2,-0.2,-5.59343001367,-3.59000424529,-9.49924036304,6.17928331935,-3.19358143837,-11.681023144,0.2,0.2,-0.2,0,0,0,0,0,0,0.181017741561,-1.51925218105,7.89289999008,4.46352672577,3.46896529198,9.97698879242,-5.14533376694,3.27076053619,12.0894107819,0.932019710541,-2.17403483391,8.13511562347
21.03,10514,15.206408,2.49588010445,-0.00889147401684,0.371236798186,0.999959235443,-0.00354937746116,0.000860076745505,-0.0082577018995,0.841334503229,-0.00418020594803,0.091555440903,0.0160189395863,-0.00787621924829,0.00136739867934,1.83752104661,-0.406130388842,0.493587061752,0.963623322864,2.12703042285,0.937808619406,21.1590833315,-3.3023033531,130.806104001,1.3207174159,-0.267295544816,0.356715857121,0,0,-9.81,2.49222892882,-0.00915652044164,0.344870498516,0.854648408055,-0.00222710989294,0.0590236707948,21.1590833315,-3.3023033531,130.806104001,1.31674430831,-0.286589130004,0.35642488796,0,0,0,-1,0,0,0,2.11427164906,-34.2161878112,1.11778109091,-41.7365521144,-9.41708555899,0.895181200819,-53.1455913081,10.0933693234,-0.909281739048,54.9995419685,10.0933693234,-0.909281739048,54.9995419685,2.65172913235,-0.155989462871,0.0234107988749,54.9995419685,0,0,-9.16443837256,0.646050642384,-1.26618940055,-6.47407330165,0.639317201597,-6.60947774909,0,0,0,0,0,0,2.66731282319,0.124785253421,0.0515314007481,0,0,0,-9.67695925096,1.10636075194,-3.34888137319,-5.64850477222,1.12125268961,-8.53930718233,0,0,0,0,0,0,2.27622534287,-0.150232966625,0.0532921954811,0,0,0,-45.030492554,3.27966044135,-59.5361547593,-10.6053230941,2.32576649879,-73.9268089942,11.0657140081,-2.39302161405,75.8065620325,11.0657140081,-2.39302161405,75.8065620325,2.26624332171,0.131591568869,0.0224622612127,75.8065620325,0,0,15.206408,0,0,0.00658520911509,-0.398117264702,0.00133379292626,0,15.206408,0,0.398146645842,0.00680037466459,-0.0292276906822,0,0,15.206408,-0.00465256710125,0.0298602745142,0.000204920427478,0.00658520911509,0.398146645842,-0.00465256710125,0.208155790289,0.000176024255946,-0.0234796308019,-0.398117264702,0.00680037466459,0.0298602745142,0.000176024255946,0.518178033243,-0.000390414874538,0.00133379292626,-0.0292276906822,0.000204920427478,-0.0234796308019,-0.000390414874538,0.531132732266,17.6290778093,-3.54629115843,-22.335796938,1.29420729499,-0.223064308967,0.312567820551,-3.5300055222,-0.243987805328,-153.141900939,-0.0265101209032,0.0442312358509,-0.0441480365698,3.5300055222,0.243987805328,153.141900939,0.0265101209032,-0.0442312358509,0.0441480365698,0,0,0,0,0,0,0,0,0,0,0,0,0,0,0,0,0,0,4.77484718431e-12,-1.28785870857e-14,-1.22213350551e-12,6.72795152923e-14,-1.77058367967e-12,1.48880907602e-13,17.6290778093,-3.54629115843,-22.335796938,1.29420729499,-0.223064308967,0.312567820551,-0.739845445368,0.966494905125,6.63925001358,0.067981810363,-0.600849406306,0.403661773698,-0.117319952297,-0.464748222977,0.375317767005,2.08818374993,0.0786287922479,6.98033540717,-3.5300055222,-0.243987805328,-153.141900939,-0.0265101209032,0.0442312358509,-0.0441480365698,-0.539845445368,0.766494905125,6.83925001358,5.52963189446,1.95368873888,8.88416473827,-6.33259605466,1.66287592321,11.3107072651,1.88818374993,-0.121371207752,7.18033540717,21.1590833315,-3.3023033531,130.806104001,1.3207174159,-0.267295544816,0.356715857121,-0.2,0.2,-0.2,-5.4616500841,-2.55453814518,-8.48050296457,6.21527610236,-2.12762414619,-10.9353894981,0.2,0.2,-0.2,0,0,0,0,0,0,0.800674855709,0.481304764748,6.90157938004,4.41457176208,2.57233572006,8.81947803497,-5.24667167664,2.29161930084,11.2331085205,0.63162201643,-0.364827036858,7.23779153824
21.032,10515,15.206408,2.49757004363,-0.00890138817023,0.371421509825,0.999959427602,-0.00354147533525,0.000859209114576,-0.00823789179522,0.844969587257,-0.00495707669498,0.0923558194939,0.0180111303342,-0.00360479890053,0.00340186039592,1.81973948578,-0.388023242035,0.424554925981,0.939981269305,2.19510428298,2.00731882825,20.8890505823,-3.29070048806,130.785584719,1.24247960457,-0.0719532994248,0.372945154438,0,0,-9.81,2.4939433478,-0.00916186844689,0.344983214383,0.857451254422,-0.00265454509143,0.0566307613017,20.8890505823,-3.29070048806,130.785584719,1.24178382643,-0.0898264345323,0.371382650878,0,0,0,-1,0,0,0,2.11673500994,-33.9688552778,1.04420901169,-42.1955451769,-9.29054785872,0.814083345684,-53.3709707885,9.90823908197,-0.831531979752,55.2646966936,9.90823908197,-0.831531979752,55.2646966936,2.65182506214,-0.155989845716,0.0234196981203,55.2646966936,0,0,-9.00304577848,0.574605102774,-1.19574947655,-6.39424933843,0.576846174537,-6.44946858378,0,0,0,0,0,0,2.67049902016,0.125115601001,0.0501126841404,0,0,0,-9.44752073343,0.960913159075,-3.15808738936,-5.58897308463,0.974697383907,-8.24414112784,0,0,0,0,0,0,2.2793640039,-0.150389710973,0.0518806374266,0,0,0,-44.4795703052,3.34915945061,-59.5062626836,-10.5525993751,2.39839987642,-73.5767263922,10.9808115003,-2.4591685083,75.5208880254,10.9808115003,-2.4591685083,75.5208880254,2.26635010295,0.131594292418,0.022515211304,75.5208880254,0,0,15.206408,0,0,0.00658866138993,-0.399187447545,0.00128342047753,0,15.206408,0,0.399216602385,0.00680009403145,-0.0287402276642,0,0,15.206408,-0.00459771817597,0.0293784742733,0.000201325821765,0.00658866138993,0.399216602385,-0.00459771817597,0.208679466083,0.000154450131115,-0.0235328175301,-0.399187447545,0.00680009403145,0.0293784742733,0.000154450131115,0.518555518295,-0.000385592991748,0.00128342047753,-0.0287402276642,0.000201325821765,-0.0235328175301,-0.000385592991748,0.531060475045,17.2231071256,-3.58550326151,-22.5514065603,1.20657324308,-0.0109895327445,0.325924742436,-3.66594351307,-0.294802732939,-153.33699105,-0.035906353133,0.0609637913378,-0.0470204116868,3.66594351307,0.294802732939,153.33699105,0.035906353133,-0.0609637913378,0.0470204116868,0,0,0,0,0,0,0,0,0,0,0,0,0,0,0,0,0,0,5.63957627264e-08,-4.05125599734e-08,-2.29288673381e-07,-8.35933144927e-09,-2.4657515682e-08,-3.1537067402e-10,17.2231071256,-3.58550326151,-22.5514065603,1.20657324308,-0.0109895327445,0.325924742436,-0.797634165904,1.00219698811,6.57342438546,0.0560364349771,-0.561110531557,0.38462585649,-0.119291093036,-0.43127396596,0.345267275837,1.9646458787,0.161574413087,6.89509446441,-3.66594351307,-0.294802732939,-153.33699105,-0.035906353133,0.0609637913378,-0.0470204116868,-0.597634168066,0.802196988488,6.77342438339,5.5177163682,1.83158407722,8.80219487277,-6.2820103144,1.55633161687,11.1577918939,1.85470853908,-0.0384255849088,7.09509446176,20.8890505823,-3.29070048806,130.785584719,1.24247960457,-0.0719532994248,0.372945154438,-0.2,0.2,-0.2,-5.46167994287,-2.39269460134,-8.41756902928,6.1627192375,-1.98760556396,-10.8125246228,0.109937326012,0.2,-0.2,0,0,0,0,0,0,0.762740433216,0.491796642542,6.91345977783,4.40251588821,2.4525475502,8.7479724884,-5.19624900818,2.18801641464,11.0894212723,0.594654619694,-0.315816164017,7.23252534866
21.034,10516,15.206408,2.49926714793,-0.00891261081887,0.371605133964,0.999959643842,-0.00352888636471,0.000855061801857,-0.00821745201333,0.848552151002,-0.0056113243206,0.0918120695946,0.0199560287269,0.000795637837854,0.00753640578626,1.79630975617,-0.326774808498,-0.255178394642,0.33517278018,1.65096177795,2.30048829327,12.8437812308,-2.23793592045,132.159694421,1.24326011189,2.68820032351,0.168038025478,0,0,-9.81,2.49566327691,-0.00916807482217,0.345091121534,0.860211860832,-0.0030803384636,0.0542433738225,12.8437812308,-2.23793592045,132.159694421,1.28766013668,2.66846539286,0.146892078277,0,0,0,-1,0,0,0,2.11923777948,-31.0997422676,1.01526918247,-46.0113951397,-5.26189146737,0.701198712207,-55.2909942204,5.8590650218,-0.720436292422,57.1409989596,5.8590650218,-0.720436292422,57.1409989596,2.65192539714,-0.155990126857,0.0234210521051,57.1409989596,0,0,-8.73306094311,0.668997876161,2.52942668976,-8.45775192061,0.759282187118,-3.31690126216,0,0,0,0,0,0,2.67349024485,0.125457744938,0.0484933626492,0,0,0,-9.16386536672,0.829644089925,0.578077441675,-7.63835729035,0.905865793989,-5.0826977455,0,0,0,0,0,0,2.2823205304,-0.150524131245,0.0502391478774,0,0,0,-40.3744956535,2.47349255547,-61.1959596124,-6.57255222215,1.46417426124,-73.0467062132,6.98471620904,-1.51749962803,75.0186954612,6.98471620904,-1.51749962803,75.0186954612,2.26645855318,0.131596606836,0.0225614701388,75.0186954612,0,0,15.206408,0,0,0.00659218647589,-0.400355020454,0.00122507431256,0,15.206408,0,0.400383824482,0.00679981780262,-0.0282829297234,0,0,15.206408,-0.00453266325254,0.0289236224059,0.000197746757409,0.00659218647589,0.400383824482,-0.00453266325254,0.209255679542,0.000134523222463,-0.0236041070139,-0.400355020454,0.00679981780262,0.0289236224059,0.000134523222463,0.518985934204,-0.000381159519083,0.00122507431256,-0.0282829297234,0.000197746757409,-0.0236041070139,-0.000381159519083,0.530987373522,9.09449061213,-2.58407113121,-21.4362709138,1.19793322543,2.74918340744,0.118406437623,-3.74929061871,-0.346135210759,-153.595965335,-0.0453268864559,0.060983083931,-0.0496315878552,3.74929061871,0.346135210759,153.595965335,0.0453268864559,-0.060983083931,0.0496315878552,0,0,0,0,0,0,0,0,0,0,0,0,0,0,0,0,0,0,4.38760139332e-13,-1.02140518266e-14,-5.11590769747e-13,9.99200722163e-15,-1.70530256582e-13,7.78821451775e-14,9.09449061213,-2.58407113121,-21.4362709138,1.19793322543,2.74918340744,0.118406437623,-0.330721130819,2.9426574093,5.51253956188,0.120233191857,-0.550423046538,0.321923044024,-0.165844677192,-0.400600572159,0.269762217349,1.42379359422,2.09366215179,5.85630736211,-3.74929061871,-0.346135210759,-153.595965335,-0.0453268864559,0.060983083931,-0.0496315878552,-0.130721130819,2.7426574093,5.71253956188,5.75041560716,0.205364488539,8.04893997592,-6.60816538317,0.00780421287499,10.1181298846,1.35078854204,1.89366215179,6.05630736211,12.8437812308,-2.23793592045,132.159694421,1.24326011189,2.68820032351,0.168038025478,-0.2,0.2,-0.2,-5.6301824153,-0.755787535076,-7.7270169319,6.44232070598,-0.408404785034,-9.84836766724,0.0730050521843,0.2,-0.2,0,0,0,0,0,0,1.25167608261,2.41567754745,5.92990732193,4.63478708267,0.828809022903,8.00471401215,-5.52271747589,0.642550051212,10.0584201813,0.0838917344809,1.59124422073,6.2730307579
21.036,10517,15.206408,2.50097325805,-0.00892574958802,0.371778821059,0.999959871674,-0.00350867585815,0.000848206550838,-0.00819907196417,0.853055057765,-0.00656938457436,0.0868435476728,0.0206734409007,0.00402871166276,0.0122430449294,2.26262629774,-0.479000317032,-2.48353113132,-0.967315890073,1.41856401816,3.76590699463,4.17915458422,-2.62517476956,122.178053368,1.94357805742,6.98532190566,-0.246910792993,0,0,-9.81,2.49738656835,-0.00917486379448,0.345194563662,0.861882705602,-0.00336886881049,0.0520190652841,4.17915458422,-2.62517476956,122.178053368,2.05763248515,6.9505124807,-0.299512174026,0,0,0,-1,0,0,0,2.12175805677,-23.207515633,2.33325941103,-40.8726442462,-1.05263790704,2.00737882014,-47.0049817862,1.40718757908,-2.00856258132,49.0916842207,1.40718757908,-2.00856258132,49.0916842207,2.65203073237,-0.15599041909,0.0234146127436,49.0916842207,0,0,-8.06303961659,1.49138563202,9.91762710075,-12.3962670647,1.73568719679,2.98598712102,0,0,0,0,0,0,2.67625687546,0.125815164639,0.0467284596569,0,0,0,-8.7834236383,0.881533662016,6.86482674697,-11.1299610501,1.06646165877,0.195205599681,0,0,0,0,0,0,2.28506547067,-0.150638432012,0.0484232332177,0,0,0,-35.4685071885,1.62664653672,-61.6429509151,-2.46434706777,0.579039002294,-71.0922364679,2.77196700515,-0.616612188241,73.0863691475,2.77196700515,-0.616612188241,73.0863691475,2.26656931439,0.131598341114,0.0226019752358,73.0863691475,0,0,15.206408,0,0,0.00659598928351,-0.401573867133,0.00115910729381,0,15.206408,0,0.401602325285,0.00679995413395,-0.0278860392916,0,0,15.206408,-0.004457521599,0.0285267715482,0.000194369270253,0.00659598928351,0.401602325285,-0.004457521599,0.209867327345,0.000115847325418,-0.0236955205722,-0.401573867133,0.00679995413395,0.0285267715482,0.000115847325418,0.519457004056,-0.000377119306998,0.00115910729381,-0.0278860392916,0.000194369270253,-0.0236955205722,-0.000377119306998,0.530919072606,0.586753618414,-3.01317791362,-31.5425634311,1.89137708007,7.0090642194,-0.298599721309,-3.59240096702,-0.388003143862,-153.720616799,-0.052200977291,0.0237423141869,-0.0516889284593,3.59240096702,0.388003143862,153.720616799,0.052200977291,-0.0237423141869,0.0516889284593,0,0,0,0,0,0,0,0,0,0,0,0,0,0,0,0,0,0,1.21368515238e-09,-1.98960403708e-10,-7.75486341809e-11,-5.58020296637e-11,-4.4202685956e-10,1.43271894348e-10,0.586753618414,-3.01317791362,-31.5425634311,1.89137708007,7.0090642194,-0.298599721309,0.963232609754,6.7284759496,3.2581710918,0.261319482497,-0.263381009859,0.0033261007912,-0.329920602447,-0.253748694647,0.0736686807137,0.766261811308,5.38744287227,3.87092906501,-3.59240096702,-0.388003143862,-153.720616799,-0.052200977291,0.0237423141869,-0.0516889284593,1.16323260975,6.5284759496,3.4581710918,5.61119408398,-1.00072918129,5.86042370939,-6.90708173701,-1.46021886215,8.74973595122,0.966261811308,5.18744287227,4.07092906501,4.17915458422,-2.62517476956,122.178053368,1.94357805742,6.98532190566,-0.246910792993,-0.2,0.2,-0.2,-5.34987460142,0.737348171883,-5.85709760835,6.57716113456,1.2064701675,-8.67606727051,-0.2,0.2,-0.2,0,0,0,0,0,0,2.55896186829,6.21813440323,3.74563717842,4.49522590637,-0.374882042408,5.82488870621,-5.82197618484,-0.822312772274,8.69719982147,-0.301912277937,4.89224815369,4.35942649841
21.038,10518,15.206408,2.50268912609,-0.00894103153218,0.371938057623,0.999960097151,-0.00348182272811,0.000839447518113,-0.00818390759256,0.857934023682,-0.00764097207786,0.0796182818141,0.0187572010765,0.00666012416338,0.0199285551537,2.45373867166,-0.536018691464,-3.6199177877,-1.54614789141,1.05627025102,3.26365831159,-1.3883206408,-2.63172585378,116.286651666,2.18073977323,9.40433355476,-0.464971018832,0,0,-9.81,2.49911089375,-0.00918233798309,0.345290873011,0.862364918595,-0.00370913095708,0.0484396820565,-1.3883206408,-2.63172585378,116.286651666,2.3337793828,9.36380969961,-0.53465439097,0,0,0,-1,0,0,0,2.12425676825,-18.725769092,2.92747395594,-38.7864737197,1.65894528665,2.58389469123,-43.0602654918,-1.42255034068,-2.57848482223,45.2497168499,-1.42255034068,-2.57848482223,45.2497168499,2.65214048026,-0.15599032506,0.0234056459436,45.2497168499,0,0,-7.97822026527,1.81943453992,13.5100931062,-14.4710625417,2.12957397542,5.96139413075,0,0,0,0,0,0,2.67874538642,0.126207536745,0.0449293116151,0,0,0,-8.76678450224,0.980994540278,10.1270315156,-13.0624924132,1.22419133515,2.87198113614,0,0,0,0,0,0,2.28755190183,-0.150730568062,0.0465269656498,0,0,0,-31.7735119206,1.08600031148,-61.2413145174,0.203177492652,0.0262500514523,-69.0013919432,0.0342296998811,-0.0532410315517,71.0369348166,0.0342296998811,-0.0532410315517,71.0369348166,2.2666825535,0.13159938497,0.0226379161959,71.0369348166,0,0,15.206408,0,0,0.00660068985883,-0.402749906765,0.00108090707301,0,15.206408,0,0.402778221925,0.00680140566642,-0.0276126937217,0,0,15.206408,-0.00436580087086,0.028251410178,0.000191485350823,0.00660068985883,0.402778221925,-0.00436580087086,0.210478670756,9.78954867037e-05,-0.0238145952156,-0.402749906765,0.00680140566642,0.028251410178,9.78954867037e-05,0.519941197691,-0.000373429739435,0.00108090707301,-0.0276126937217,0.000191485350823,-0.0238145952156,-0.000373429739435,0.530866338848,-4.45419614097,-3.05519352594,-37.2344476533,2.12517779697,9.33970678121,-0.520437661162,-3.06587550017,-0.423467672164,-153.52109932,-0.0555619762538,-0.0646267735479,-0.0554666423298,3.06587550017,0.423467672164,153.52109932,0.0555619762538,0.0646267735479,0.0554666423298,0,0,0,0,0,0,0,0,0,0,0,0,0,0,0,0,0,0,9.38582545018e-13,-2.87325718773e-13,-1.42108547152e-13,-1.04360964315e-13,-3.65929508916e-13,2.209343819e-14,-4.45419614097,-3.05519352594,-37.2344476533,2.12517779697,9.33970678121,-0.520437661162,1.53745223024,8.57635211894,2.11085025146,0.343944028215,-0.127764782735,-0.147783175344,-0.396774259026,-0.163934263558,-0.0383639886478,0.473969554089,7.09421980343,2.81855319826,-3.06587550017,-0.423467672164,-153.52109932,-0.0555619762538,-0.0646267735479,-0.0554666423298,1.73745223024,8.37635211894,2.31085025146,5.54827420718,-1.87245914212,4.64277745205,-6.98182867867,-2.43189995068,7.76054775486,0.673969554089,6.89421980343,3.01855319826,-1.3883206408,-2.63172585378,116.286651666,2.18073977323,9.40433355476,-0.464971018832,-0.2,0.2,-0.2,-5.20433017896,1.74469435939,-4.79056062739,6.58505441965,2.26796568712,-7.7989117435,-0.2,0.2,-0.2,0,0,0,0,0,0,3.13077187538,8.13800525665,2.65070390701,4.43198776245,-1.24254333973,4.60911417007,-5.89698886871,-1.78955376148,7.71083402634,-0.580724179745,6.65540552139,3.36274051666
21.04,10519,15.206408,2.50441479996,-0.00895839021935,0.372083005085,0.999960319881,-0.00344796443028,0.000828933638288,-0.00817209111877,0.862836931742,-0.00867934358446,0.0724737312476,0.0156668385348,0.00849695500458,0.0266490558813,2.46554421435,-0.519356338533,-3.57956177611,-1.60901982926,0.97983061488,3.45348398327,-1.70335754326,-2.57664410898,116.484204115,2.10346897302,9.58635951592,-0.46662418101,0,0,-9.81,2.50083476918,-0.00919050024253,0.345378483979,0.862095927372,-0.00405142325506,0.0440691450652,-1.70335754326,-2.57664410898,116.484204115,2.25921973021,9.54715998676,-0.536908756842,0,0,0,-1,0,0,0,2.12671234911,-18.5308087115,2.88322361548,-39.3721513154,1.84508905495,2.53171147029,-43.4977727307,-1.63531230004,-2.53353089439,45.6801548691,-1.63531230004,-2.53353089439,45.6801548691,2.6522543342,-0.155989712464,0.0233964615377,45.6801548691,0,0,-8.20134869942,1.80819361765,13.3968966139,-14.5482022602,2.10899075157,5.82327163522,0,0,0,0,0,0,2.68092800919,0.126642844579,0.0431499555842,0,0,0,-8.89009012025,0.884568381779,10.162676793,-13.1676433758,1.12954186559,2.90404309004,0,0,0,0,0,0,2.2897539149,-0.150797962924,0.0445991854053,0,0,0,-31.2212271728,1.08325254595,-61.2331818624,0.289296133635,0.025803146316,-68.7412297329,-0.0680452432273,-0.0431132145943,70.8040492463,-0.0680452432273,-0.0431132145943,70.8040492463,2.26679822859,0.131599745848,0.0226704448166,70.8040492463,0,0,15.206408,0,0,0.00660650767144,-0.403838288276,0.000986639838728,0,15.206408,0,0.40386677647,0.00680467957799,-0.0274963296953,0,0,15.206408,-0.00425469732959,0.0281315798756,0.000189381485153,0.00660650767144,0.40386677647,-0.00425469732959,0.211071389598,8.06823616147e-05,-0.0239660191184,-0.403838288276,0.00680467957799,0.0281315798756,8.06823616147e-05,0.520424673448,-0.000369782206883,0.000986639838728,-0.0274963296953,0.000189381485153,-0.0239660191184,-0.000369782206883,0.530834398015,-4.10286550353,-3.02647267537,-36.7099242077,2.04548196417,9.41200286949,-0.524300692416,-2.39950796026,-0.449828566387,-153.194128323,-0.0579870088462,-0.174356646439,-0.0576765114064,2.39950796026,0.449828566387,153.194128323,0.0579870088462,0.174356646439,0.0576765114064,0,0,0,0,0,0,0,0,0,0,0,0,0,0,0,0,0,0,7.45625783338e-13,2.23820961764e-13,-9.23705556488e-13,2.22932783345e-13,-1.4743761767e-13,1.43662859386e-13,-4.10286550353,-3.02647267537,-36.7099242077,2.04548196417,9.41200286949,-0.524300692416,1.5046908655,8.49314779916,2.08318097567,0.335526844051,-0.117773657267,-0.132310611569,-0.386732143238,-0.149989020589,-0.0383928068929,0.400956192268,7.07411544804,2.76421073302,-2.39950796026,-0.449828566387,-153.194128323,-0.0579870088462,-0.174356646439,-0.0576765114064,1.7046908655,8.29314779916,2.28318097567,5.56826652676,-2.02949893258,4.60699557674,-6.95377838237,-2.56115871114,7.63573752678,0.600956192268,6.87411544804,2.96421073302,-1.70335754326,-2.57664410898,116.484204115,2.10346897302,9.58635951592,-0.46662418101,-0.2,0.2,-0.2,-5.23273968271,1.91172527532,-4.73930618831,6.56704623913,2.41116969055,-7.67413033368,-0.2,0.2,-0.2,0,0,0,0,0,0,3.08892083168,8.15232944489,2.66315340996,4.45187711716,-1.39473819733,4.57193422318,-5.8689289093,-1.91370439529,7.58638286591,-0.633407890797,6.71641397476,3.35352659225
21.042,10520,15.206408,2.50615119836,-0.00897810437204,0.372209261996,0.999960525073,-0.00340816194827,0.000817346373806,-0.00816484373758,0.868199203452,-0.00985707634793,0.0631284553922,0.0124510989084,0.010181419137,0.0337329735275,2.69830526091,-0.589296335392,-4.68783912885,-2.22144821047,0.676979688525,2.90652835207,-6.54737600723,-2.65655008116,110.677139186,2.41299287539,11.8509860402,-0.700133970846,0,0,-9.81,2.50255811644,-0.00919933709264,0.345457458528,0.861790707027,-0.00438750639242,0.0397341620451,-6.54737600723,-2.65655008116,110.677139186,2.60508637285,11.8048523492,-0.785861516549,0,0,0,-1,0,0,0,2.12912366635,-14.2600692899,3.56144165812,-36.7921528479,4.21368553738,3.20153070253,-39.2643732838,-4.10558192836,-3.19295335667,41.543641362,-4.10558192836,-3.19295335667,41.543641362,2.65237159963,-0.155988732767,0.0233868228037,41.543641362,0,0,-8.16066285437,2.19100737347,16.9456852836,-16.56964756,2.54279976486,8.80534669148,0,0,0,0,0,0,2.68280407494,0.127120834255,0.0413902611881,0,0,0,-8.94646127058,1.03611360954,13.291129773,-15.0273900633,1.33734697863,5.49143717683,0,0,0,0,0,0,2.29167028064,-0.150842622038,0.0426425255635,0,0,0,-28.0290994433,0.524870179452,-60.9628810939,2.60375452688,-0.544870928621,-67.0470159933,-2.44179407887,0.536403275516,69.1334978235,-2.44179407887,0.536403275516,69.1334978235,2.26691599387,0.131599583927,0.0226999925719,69.1334978235,0,0,15.206408,0,0,0.00661359913592,-0.404840534164,0.000877424236452,0,15.206408,0,0.404869504088,0.00680990885231,-0.0275387515583,0,0,15.206408,-0.00412503838754,0.0281691840914,0.000188025321853,0.00661359913592,0.404869504088,-0.00412503838754,0.211645537621,6.40884981828e-05,-0.0241509755484,-0.404840534164,0.00680990885231,0.0281691840914,6.40884981828e-05,0.520907003445,-0.000366126496858,0.000877424236452,-0.0275387515583,0.000188025321853,-0.0241509755484,-0.000366126496858,0.530823034451,-8.32399721266,-3.12470160047,-42.2601864317,2.35217672581,11.5663310564,-0.75893443554,-1.77662120544,-0.468151519322,-152.937325617,-0.0608161495897,-0.284654983813,-0.0588004646952,1.77662120544,0.468151519322,152.937325617,0.0608161495897,0.284654983813,0.0588004646952,0,0,0,0,0,0,0,0,0,0,0,0,0,0,0,0,0,0,4.0261127765e-12,3.06688008322e-12,-8.10018718767e-13,1.12088116566e-12,-1.60227386914e-12,1.06725739357e-12,-8.32399721266,-3.12470160047,-42.2601864317,2.35217672581,11.5663310564,-0.75893443554,2.11540249498,10.3043689306,0.909149566067,0.419059953411,0.0105474878375,-0.278320758962,-0.455295228417,-0.0687571957515,-0.139652722986,0.156170033758,8.70803454143,1.70188028963,-1.77662120544,-0.468151519322,-152.937325617,-0.0608161495897,-0.284654983813,-0.0588004646952,2.31540249498,10.1043689306,1.10914956607,5.50816547163,-2.75075099887,3.44440542098,-7.07317148498,-3.41478949486,6.77423147074,0.356170033758,8.50803454143,1.90188028963,-6.54737600723,-2.65655008116,110.677139186,2.41299287539,11.8509860402,-0.700133970846,-0.2,0.2,-0.2,-5.08910551822,2.76129848671,-3.72272617994,6.61787625656,3.34603229911,-6.91388419373,-0.2,0.2,-0.2,0,0,0,0,0,0,3.69367313385,10.0609197617,1.52539539337,4.39158582687,-2.11104893684,3.4081389904,-5.9883055687,-2.762134552,6.72521400452,-0.861670672894,8.43317699432,2.33357954025
21.044,10521,15.206408,2.50789172704,-0.00899829546677,0.372276959459,0.999960801701,-0.00335005137362,0.000823628082269,-0.00815437633041,0.870264336952,-0.0100955473647,0.033848731669,0.00799439813801,0.011194843457,0.0397722766372,1.05212345448,-0.119241283079,-14.7172194586,1.74146376474,-8.8664731709,9.0734656001,-25.5450098185,1.28929191533,32.0673171108,1.33925782852,12.650276066,1.12711281346,0,0,-9.81,2.5042796521,-0.00920887146479,0.34552625894,0.860839698403,-0.00473602801598,0.034624883203,-25.5450098185,1.28929191533,32.0673171108,1.54747903739,12.634086692,1.03857665155,0,0,0,-1,0,0,0,2.13146937236,25.3984229237,-3.92441529698,-0.972879667597,23.0246708255,-4.22161594683,10.6522255637,-9.4788945646,1.25748156215,11.9662954031,-9.4788945646,1.25748156215,11.9662954031,2.6524921805,-0.155987157759,0.0233788697253,11.9662954031,0,0,-7.19809309591,2.15734851384,21.5857824463,-18.4395230983,2.55784246153,13.2610003581,0,0,0,0,0,0,2.68434764134,0.127650374858,0.0397051531662,0,0,0,-8.13830166205,1.394744965,15.2164156653,-15.438748158,1.72376379031,7.64135242403,0,0,0,0,0,0,2.2932771229,-0.150860912385,0.0407050680272,0,0,0,23.7855091958,0.503458245755,-13.2598807996,27.2092136976,0.0410478741277,-1.21875418363,-16.0661152539,0.0318103531852,20.1010217077,-16.0661152539,0.0318103531852,20.1010217077,2.2670358385,0.131598875977,0.0227273276236,20.1010217077,0,0,15.206408,0,0,0.00662227183519,-0.405713071621,0.000748835761978,0,15.206408,0,0.405742927072,0.00681765287138,-0.0277729604001,0,0,15.206408,-0.00397354089382,0.028397759162,0.000187670201274,0.00662227183519,0.405742927072,-0.00397354089382,0.212182697137,4.82454128627e-05,-0.0243746195178,-0.405713071621,0.00681765287138,0.028397759162,4.82454128627e-05,0.521374313863,-0.000362174337496,0.000748835761978,-0.0277729604001,0.000187670201274,-0.0243746195178,-0.000362174337496,0.530837485937,-26.6369645563,0.817531694672,-120.530529488,1.27629301091,12.2470675854,1.07001540174,-1.09195474406,-0.471760220819,-152.597846591,-0.0629648179514,-0.403208478256,-0.0570974117524,1.09195474406,0.471760220819,152.597846591,0.0629648179514,0.403208478256,0.0570974117524,0,0,0,0,0,0,0,0,0,0,0,0,0,0,0,0,0,0,6.23124307708e-09,1.59622315365e-10,-7.9477899817e-09,3.45141693003e-10,-2.40389397277e-09,3.82722742387e-11,-26.6369645563,0.817531694672,-120.530529488,1.27629301091,12.2470675854,1.07001540174,1.74347913841,12.5977296254,-2.23903834552,-3.02955821984,0.586250010972,-15.0989441782,1.01815171641,0.584218913381,-12.4934567852,0.663538818835,9.57585441722,-0.303126562985,-1.09195474406,-0.471760220819,-152.597846591,-0.0629648179514,-0.403208478256,-0.0570974117524,1.94347913841,12.7977296254,-2.03903834552,-2.46775101607,-3.31583955781,-16.1961353892,-0.905563290721,-6.18202773463,-14.248409415,0.863538818835,9.37585441722,-0.103126562985,-25.5450098185,1.28929191533,32.0673171108,1.33925782852,12.650276066,1.12711281346,-0.2,-0.2,-0.2,-0.561807204157,3.9020895704,1.0971912114,1.92371500725,6.7662466491,1.75495262998,-0.2,0.2,-0.2,0,0,0,0,0,0,3.31099271774,12.8707942963,-1.60332107544,-3.58428835869,-2.67041492462,-16.2367801666,0.17962436378,-5.52348995209,-14.299366951,-0.332590818405,9.40283298492,0.357008308172
21.046,10522,15.206408,2.50963687399,-0.00901897958922,0.372288490964,0.999961143118,-0.00327341717745,0.000853591476157,-0.00814053897595,0.87257347504,-0.0103420612213,0.00576575201831,0.0115583271164,-0.00685353234535,0.0578392259058,1.17592046353,-0.123328340893,-14.1164215554,1.83690925787,-11.7675953884,9.13826593231,-31.285154279,1.78493383806,39.3136926728,1.62193986434,15.4108653194,1.34702989503,0,0,-9.81,2.50599443685,-0.00921807016978,0.345564166001,0.857448511062,-0.00457031577334,0.0191350205273,-31.285154279,1.78493383806,39.3136926728,1.87525147305,15.3910170177,1.24095746395,0,0,0,-1,0,0,0,2.13372217257,23.182475394,-4.39877425825,-6.9083160829,23.7370782013,-4.75367395347,4.29591828119,-11.8598575437,1.7815760282,15.0097059579,-11.8598575437,1.7815760282,15.0097059579,2.65304804345,-0.156049809411,0.0237869382699,15.0097059579,0,0,-7.15119311419,2.34552305658,24.9162117976,-20.2205415126,2.76721123961,16.1533555214,0,0,0,0,0,0,2.68556241443,0.12823096901,0.0381884209245,0,0,0,-7.70143928548,1.58297086975,17.6807245808,-16.4283625451,1.95029260277,10.0364958224,0,0,0,0,0,0,2.2945919532,-0.150844440063,0.038837053741,0,0,0,21.6332964676,0.671203907948,-20.7700029053,28.6182220288,0.0673199199306,-8.99087800841,-19.4252967353,0.00335780985734,24.3039867149,-19.4252967353,0.00335780985734,24.3039867149,2.26751500901,0.131598969347,0.0230940800752,24.3039867149,0,0,15.206408,0,0,0.00662136687651,-0.406164933872,0.000625847733896,0,15.206408,0,0.406197011475,0.00681589038369,-0.0281589903905,0,0,15.206408,-0.0038121989055,0.0287920013201,0.000187221863999,0.00662136687651,0.406197011475,-0.0038121989055,0.212546273968,3.82906126732e-05,-0.0245991227465,-0.406164933872,0.00681589038369,0.0287920013201,3.82906126732e-05,0.52169109768,-0.000360129032333,0.000625847733896,-0.0281589903905,0.000187221863999,-0.0245991227465,-0.000360129032333,0.530887233587,-32.139893108,1.34512945624,-112.624708361,1.56864764442,15.006646434,1.29009755023,-0.854738835181,-0.439804377573,-151.938401026,-0.053292217484,-0.404218881409,-0.056932345169,0.854738835181,0.439804377573,151.938401026,0.053292217484,0.404218881409,0.056932345169,0,0,0,0,0,0,0,0,0,0,0,0,0,0,0,0,0,0,6.22087981128e-09,-4.24535717691e-09,-7.96912047463e-09,-2.43801911992e-09,-4.02329192184e-09,3.63329588637e-10,-32.139893108,1.34512945624,-112.624708361,1.56864764442,15.006646434,1.29009755023,2.33521292545,14.2612650635,-3.39939442023,-2.64708611878,0.405600244828,-12.9625165509,0.684389287083,0.367007073217,-10.0414745452,0.316148595837,10.6687223807,-1.30814109743,-0.854738835181,-0.439804377573,-151.938401026,-0.053292217484,-0.404218881409,-0.056932345169,2.53521292545,14.4612650635,-3.19939442023,-1.96668828237,-4.54655593617,-14.2956593348,-1.58692621394,-7.88409557383,-12.1457418313,0.516148595837,10.8687223807,-1.10814109743,-31.285154279,1.78493383806,39.3136926728,1.62193986434,15.4108653194,1.34702989503,-0.2,-0.2,-0.2,-0.680397836549,4.95215618125,1.33314278388,2.2713155033,8.25110264955,2.10426728668,-0.2,-0.2,-0.2,0,0,0,0,0,0,3.86971139908,14.6657619476,-2.79316830635,-3.08289051056,-3.90618276596,-14.5626411438,-0.510246694088,-7.2304725647,-12.3848133087,-0.651001811028,11.0029506683,-0.650445878506
21.048,10523,15.206408,2.51138729974,-0.00904110598786,0.372242913558,0.999961575887,-0.0031646327627,0.000911763929317,-0.00812407137421,0.875212877868,-0.0110631993229,-0.0227887027584,0.0152749966167,-0.0307164451014,0.076061609384,1.33842244448,-0.359542668468,-14.3473357436,1.59496863806,-14.12325697,15.9208051502,-22.1059944184,-0.102101960771,27.6568520371,3.60232269798,14.9964130918,3.23702399049,0,0,-9.81,2.50770095841,-0.00922680437872,0.345573129419,0.85330041619,-0.00434090119435,0.00464131682967,-22.1059944184,-0.102101960771,27.6568520371,3.85160298082,14.9565830366,3.13260867377,0,0,0,-1,0,0,0,2.13586634012,24.6498675942,-2.49338898485,2.34327417276,20.9171262529,-2.7284862594,13.2042829015,0,0,0,0,0,0,2.65398184836,-0.156176194831,0.0245444873161,0,0,0,-7.09758977301,2.65758043087,28.2153622703,-21.9276538282,3.0863007924,19.0577524222,0,0,0,0,0,0,2.68642825577,0.128866926567,0.0368934184783,0,0,0,-7.83830536054,1.82440207075,20.533513217,-18.0661591012,2.23858042089,12.4497105148,0,0,0,0,0,0,2.29560742689,-0.150788976153,0.037083812755,0,0,0,19.7290568652,0.952430521653,-27.4316059247,29.8610485106,0.224388388781,-15.8399256311,-22.1059944184,-0.102101960771,27.6568520371,-22.1059944184,-0.102101960771,27.6568520371,2.26828716009,0.131600081041,0.0237277344945,27.6568520371,0,0,15.206408,0,0,0.00661088812662,-0.406202872004,0.000506328618453,0,15.206408,0,0.406238938914,0.00680470364091,-0.0287224905311,0,0,15.206408,-0.00363927858839,0.0293823566212,0.00018674784101,0.00661088812662,0.406238938914,-0.00363927858839,0.212741400254,3.52273274866e-05,-0.0248350265163,-0.406202872004,0.00680470364091,0.0293823566212,3.52273274866e-05,0.521862862512,-0.000360104758843,0.000506328618453,-0.0287224905311,0.00018674784101,-0.0248350265163,-0.000360104758843,0.530972444582,-22.7118623601,-0.499158948681,-123.9469563,3.56262564419,14.5677494007,3.18627342347,-0.605867941672,-0.397056987777,-151.603808337,-0.0396970537378,-0.428663691086,-0.050750567048,0.605867941672,0.397056987777,151.603808337,0.0396970537378,0.428663691086,0.050750567048,0,0,0,0,0,0,0,0,0,0,0,0,0,0,0,0,0,0,8.93862761586e-12,-1.33729777252e-10,-1.01749719761e-11,-5.11684028481e-11,-6.63114008148e-12,3.10840242435e-11,-22.7118623601,-0.499158948681,-123.9469563,3.56262564419,14.5677494007,3.18627342347,2.92570606782,15.9320379869,-4.55547547426,-1.27464506724,-5.96708424805,-12.2959125846,0.255062597135,-0.136830271355,-7.76551201469,0.0105875441572,12.1630130748,-2.31378467088,-0.605867941672,-0.397056987777,-151.603808337,-0.0396970537378,-0.428663691086,-0.050750567048,3.12570606782,16.1320379869,-4.35547547426,-1.47464506724,-5.76708424805,-12.4959125846,-2.26308650866,-9.57358066942,-10.1470577655,0.210587544157,12.3630130748,-2.11378467088,-22.1059944184,-0.102101960771,27.6568520371,3.60232269798,14.9964130918,3.23702399049,-0.2,-0.2,-0.2,0.2,-0.2,0.2,2.51814910585,9.43675039807,2.38154575082,-0.2,-0.2,-0.2,0,0,0,0,0,0,4.42684078217,16.4702014923,-4.00675392151,-2.60136938095,-5.10690498352,-12.9618310928,-1.18486189842,-8.90910053253,-10.5402078629,-0.928688406944,12.6075706482,-1.67763888836
21.05,10524,15.206408,2.51314250648,-0.00906343773803,0.372136451551,0.999962008076,-0.00304681030466,0.000971120013556,-0.00810902447882,0.87760336885,-0.0111658750821,-0.0532310035047,0.0185068282793,-0.0592409118003,0.107877078619,1.20796016581,-0.0519480565288,-15.2849040069,-0.612069463863,-0.596040896185,4.58745463085,0,0,0,0,0,0,0,0,-9.81,2.50940162516,-0.00923557569326,0.345550107383,0.850353755733,-0.00436483724529,-0.011361356694,0,0,0,0,0,0,0,0,0,-1,0,0,0,2.13788175729,24.851732836,-2.38760101337,2.40322308271,21.0330977136,-2.61525772942,13.4109646303,0,0,0,0,0,0,2.65545561464,-0.156360128573,0.0255574091606,0,0,0,-7.81415773219,2.51737813329,27.5232032315,-21.972186681,2.90519224093,18.2676720014,0,0,0,0,0,0,2.68692659138,0.129565075059,0.0358736459224,0,0,0,-8.28894309883,1.14565062281,19.8331545033,-17.9462771534,1.54634182714,11.7861390575,0,0,0,0,0,0,2.29630448123,-0.150689034154,0.0354899757324,0,0,0,24.4763566619,-1.32347110452,-5.54201656167,24.366981843,-1.62855615397,5.92921238383,0,0,0,0,0,0,2.26929762359,0.131603652006,0.0245590506655,0,0,0,15.206408,0,0,0.00659199750207,-0.405858751669,0.000394173822931,0,15.206408,0,0.405900953693,0.0067841050084,-0.0294333069995,0,0,15.206408,-0.00344755812361,0.0301423574132,0.000185113006397,0.00659199750207,0.405900953693,-0.00344755812361,0.212779789129,4.6475299068e-05,-0.0250754009328,-0.405858751669,0.0067841050084,0.0301423574132,4.6475299068e-05,0.521916940855,-0.000366229426138,0.000394173822931,-0.0294333069995,0.000185113006397,-0.0250754009328,-0.000366229426138,0.531107583235,-0.314189237233,-0.315454010898,-151.45153712,-0.0341406112786,-0.476958056113,-0.0168231277319,-0.314189237233,-0.315454010898,-151.45153712,-0.0341406112786,-0.476958056113,-0.0168231277319,0.314189237233,0.315454010898,151.45153712,0.0341406112786,0.476958056113,0.0168231277319,0,0,0,0,0,0,0,0,0,0,0,0,0,0,0,0,0,0,5.55111512313e-17,-7.21644966006e-16,-5.68434188608e-14,-3.81639164715e-16,1.83186799063e-15,-2.70269917557e-15,-0.314189237233,-0.315454010898,-151.45153712,-0.0341406112786,-0.476958056113,-0.0168231277319,2.98040633342,15.8426010809,-4.08213796651,-1.28717728116,-5.94430349917,-12.1516066762,-2.0829091791,-9.78501198836,-9.82043675318,0.00243193210554,12.0569104421,-2.26837216175,-0.314189237233,-0.315454010898,-151.45153712,-0.0341406112786,-0.476958056113,-0.0168231277319,3.18040633342,16.0426010809,-4.28213796651,-1.48717728116,-5.74430349917,-12.3516066762,-2.2829091791,-9.58501198836,-10.0204367532,0.202431932106,12.2569104421,-2.06837216175,0,0,0,0,0,0,-0.2,-0.2,0.2,0.2,-0.2,0.2,0.2,-0.2,0.2,-0.2,-0.2,-0.2,0,0,0,0,0,0,4.45107650757,16.5114536285,-4.0245847702,-2.62394118309,-5.06412220001,-12.9776792526,-1.20035505295,-8.90423297882,-10.533457756,-0.913730084896,12.6158761978,-1.67681849003
21.052,10525,15.206408,2.51490321704,-0.00908611917949,0.371969529584,0.999962415908,-0.00292807542448,0.00103319808181,-0.00809479138657,0.880355281306,-0.0113407207339,-0.0834609832472,0.0172566496288,-0.0605133992669,0.116928220638,1.38950485119,-0.0885919029498,-15.1777222404,-0.364153038545,-1.33467324372,0.460711499413,0,0,0,0,0,0,0,0,-9.81,2.51110224538,-0.0092443578774,0.345487865055,0.850308045949,-0.00437592278698,-0.0309615039627,0,0,0,0,0,0,0,0,0,-1,0,0,0,2.13976781038,24.0432012061,-2.24455999038,0.136979898525,21.2751942142,-2.48734816905,11.1495088463,0,0,0,0,0,0,2.65746871479,-0.156599489307,0.0268314420226,0,0,0,-7.59267718418,2.63712124175,30.9796209266,-23.5657477855,3.00780418307,21.4464149295,0,0,0,0,0,0,2.68705238376,0.13032173756,0.0351144148042,0,0,0,-8.40180979475,1.91253250992,22.5896175316,-19.4396253725,2.35298515936,14.181094276,0,0,0,0,0,0,2.29668674477,-0.1505598603,0.0340462658585,0,0,0,23.6202709635,-1.75415116209,-9.01827681839,25.1287497413,-2.12286787101,2.52248526311,0,0,0,0,0,0,2.27088521103,0.131573498092,0.0255170143388,0,0,0,15.206408,0,0,0.00656896936107,-0.40518526974,0.000288251744578,0,15.206408,0,0.405233944558,0.00675891689195,-0.0302173619004,0,0,15.206408,-0.003254108597,0.0309757863468,0.000183079898242,0.00656896936107,0.405233944558,-0.003254108597,0.2126761691,5.7530477498e-05,-0.0253157836253,-0.40518526974,0.00675891689195,0.0309757863468,5.7530477498e-05,0.521822854259,-0.000371836539844,0.000288251744578,-0.0302173619004,0.000183079898242,-0.0253157836253,-0.000371836539844,0.531244098285,0.0273413337405,-0.229670743491,-151.603185924,-0.0116908419152,-0.514282585432,0.0092457101972,0.0273413337405,-0.229670743491,-151.603185924,-0.0116908419152,-0.514282585432,0.0092457101972,-0.0273413337405,0.229670743491,151.603185924,0.0116908419152,0.514282585432,-0.0092457101972,0,0,0,0,0,0,0,0,0,0,0,0,0,0,0,0,0,0,1.74860126378e-14,-5.55111512313e-17,0,-4.68375338514e-16,3.5527136788e-15,-7.58074159002e-16,0.0273413337405,-0.229670743491,-151.603185924,-0.0116908419152,-0.514282585432,0.0092457101972,3.59782477987,17.5960842928,-5.2584902197,-0.826900925081,-6.97805216939,-10.9269925882,-2.81047051114,-11.3762955203,-8.34770745225,0.0906692244535,13.5429582036,-3.2449854326,0.0273413337405,-0.229670743491,-151.603185924,-0.0116908419152,-0.514282585432,0.0092457101972,3.79782477987,17.7960842928,-5.4584902197,-1.02690092508,-6.77805216939,-11.1269925882,-3.01047051114,-11.1762955203,-8.54770745225,0.290669224453,13.7429582036,-3.0449854326,0,0,0,0,0,0,-0.2,-0.2,0.2,0.2,-0.2,0.2,0.2,-0.2,0.2,-0.2,-0.2,-0.2,0,0,0,0,0,0,5.05292320251,18.38164711,-5.30277347565,-2.18012619019,-6.04760313034,-11.9102334976,-1.92872333527,-10.4897766113,-9.16497039795,-0.815616667271,14.2078151703,-2.70804738998
21.054,10526,15.206408,2.51667137339,-0.00910903871928,0.371742678682,0.999962788337,-0.00281114408555,0.00109588518739,-0.00808198274559,0.884078170728,-0.0114597698941,-0.113425451009,0.0164591601112,-0.0632441104462,0.117829046251,1.87768117735,-0.0605210608861,-15.0418437307,-0.655240903523,-0.271255859329,-0.897541033385,0,0,0,0,0,0,0,0,-9.81,2.51280283384,-0.00925315687196,0.34538645048,0.850276993251,-0.00439294060643,-0.0505137264874,0,0,0,0,0,0,0,0,0,-1,0,0,0,2.14150587287,21.3683045838,-2.17591822921,-5.05226250667,21.2271374575,-2.46481587547,5.49524662057,0,0,0,0,0,0,2.66000974431,-0.156891114907,0.0283280956522,0,0,0,-6.84993242733,2.86672726127,38.378698008,-26.8486577506,3.2190408997,28.2285584634,0,0,0,0,0,0,2.68678933341,0.131139262687,0.034673822426,0,0,0,-8.9689575644,2.20802725014,28.2567877973,-22.8604965335,2.73386908444,18.8065759463,0,0,0,0,0,0,2.29673770451,-0.150385326008,0.0327967264492,0,0,0,20.6199119691,-2.36083961428,-15.9500938975,25.5611293497,-2.85009675887,-4.86471411983,0,0,0,0,0,0,2.27304656727,0.131499929901,0.0265421977439,0,0,0,15.206408,0,0,0.00654143773396,-0.404188156794,0.00017959463715,0,15.206408,0,0.404243791113,0.00672924267159,-0.0310842312921,0,0,15.206408,-0.00305696250241,0.0318934452975,0.000181131037859,0.00654143773396,0.404243791113,-0.00305696250241,0.212429169293,6.90846048998e-05,-0.0255638592958,-0.404188156794,0.00672924267159,0.0318934452975,6.90846048998e-05,0.521581283844,-0.000375847246755,0.00017959463715,-0.0310842312921,0.000181131037859,-0.0255638592958,-0.000375847246755,0.531379833741,0.259471958296,-0.0985448502329,-152.117646971,0.00750587644146,-0.546212849436,0.055121192162,0.259471958296,-0.0985448502329,-152.117646971,0.00750587644146,-0.546212849436,0.055121192162,-0.259471958296,0.0985448502329,152.117646971,-0.00750587644146,0.546212849436,-0.055121192162,0,0,0,0,0,0,0,0,0,0,0,0,0,0,0,0,0,0,9.7699626167e-15,2.77555756156e-16,-2.84217094304e-14,-6.76542155631e-16,-4.88498130835e-15,-4.82947015712e-15,0.259471958296,-0.0985448502329,-152.117646971,0.00750587644146,-0.546212849436,0.055121192162,4.85269594829,21.3256800445,-7.66746252656,0.0332794968891,-9.08740888346,-7.84708153535,-4.27023594144,-14.2070252531,-4.81140450008,-0.466661705283,16.7089351027,-4.83503950677,0.259471958296,-0.0985448502329,-152.117646971,0.00750587644146,-0.546212849436,0.055121192162,5.05269594829,21.5256800445,-7.86746252656,-0.166720503111,-8.88740888346,-8.04708153535,-4.47023594144,-14.4070252531,-5.01140450008,-0.266661705283,16.9089351027,-5.03503950677,0,0,0,0,0,0,-0.2,-0.2,0.2,0.2,-0.2,0.2,0.2,0.2,0.2,-0.2,-0.2,0.2,0,0,0,0,0,0,6.30031061172,22.2186756134,-7.85496711731,-1.34076321125,-8.08987617493,-8.96472454071,-3.38338041306,-13.7060623169,-5.70539236069,-1.36787962914,17.4788074493,-4.78066301346
21.056,10527,15.206408,2.51842987316,-0.00913327636045,0.371493276783,0.999963147034,-0.00274121283324,0.00117002880405,-0.00805117130778,0.879249886121,-0.0121188205845,-0.124700949822,0.0150002034093,-0.0638350504188,0.116046936541,-2.43050815636,-0.334535886614,-5.60091928217,8.53035066599,-5.50871711427,-23.9999708496,0,0,0,0,0,0,0,0,-9.81,2.51450343541,-0.00926198894193,0.345245908936,0.850290534551,-0.00442630692271,-0.0700209855171,0,0,0,0,0,0,0,0,0,-1,0,0,0,2.14306020109,13.8248248389,3.33550647476,-5.59306427128,14.8747103742,3.1134998113,1.6071289374,0,0,0,0,0,0,2.66304039075,-0.157233481977,0.0299441935061,0,0,0,-18.5006250734,-9.62417413941,-17.4317155484,-6.15473673155,-9.38973295731,-24.753074429,0,0,0,0,0,0,2.68610251867,0.132022074023,0.0346737045358,0,0,0,-8.07823589623,5.2536741489,-8.05663103001,-2.41269731099,5.20851512103,-11.1722223721,0,0,0,0,0,0,2.29641119586,-0.150158590998,0.0318228724564,0,0,0,14.6899204157,5.19815858566,3.15923017656,11.687552112,5.16054907085,9.46388972494,0,0,0,0,0,0,2.27574842635,0.131368453308,0.0275003450665,0,0,0,15.206408,0,0,0.00651004455099,-0.402874804116,6.76664793445e-05,0,15.206408,0,0.402937841796,0.0066959957601,-0.0320645640166,0,0,15.206408,-0.00285856752214,0.0329241429324,0.000179553414264,0.00651004455099,0.402937841796,-0.00285856752214,0.212041633569,8.0523018519e-05,-0.0258354071718,-0.402874804116,0.0066959957601,0.0329241429324,8.0523018519e-05,0.521199279217,-0.000379142349916,6.76664793445e-05,-0.0320645640166,0.000179553414264,-0.0258354071718,-0.000379142349916,0.531516026686,0.154547138691,0.158307583859,-152.969957355,0.0257531716469,-0.517979636875,0.13435575708,0.154547138691,0.158307583859,-152.969957355,0.0257531716469,-0.517979636875,0.13435575708,-0.154547138691,-0.158307583859,152.969957355,-0.0257531716469,0.517979636875,-0.13435575708,0,0,0,0,0,0,0,0,0,0,0,0,0,0,0,0,0,0,1.05471187339e-14,7.93809462607e-15,-2.84217094304e-14,4.19456136491e-15,2.22044604925e-15,2.49800180541e-16,0.154547138691,0.158307583859,-152.969957355,0.0257531716469,-0.517979636875,0.13435575708,-9.6953693594,-4.96748006837,13.1229975589,3.15732046324,-7.68324054079,-4.03168730492,3.5910141514,-3.58575328934,-6.29348904723,5.60392687847,-2.95295546372,6.46015980121,0.154547138691,0.158307583859,-152.969957355,0.0257531716469,-0.517979636875,0.13435575708,-9.88800013648,-4.76748006837,13.3229975589,3.35732046324,-7.48324054079,-4.23168730492,3.7910141514,-3.38575328934,-6.49348904723,5.80392687847,-3.15295546372,6.66015980121,0,0,0,0,0,0,0.192630777083,-0.2,-0.2,-0.2,-0.2,0.2,-0.2,-0.2,0.2,-0.2,0.2,-0.2,0,0,0,0,0,0,-8.63743877411,-3.97830152512,13.1150217056,2.16554903984,-6.62748527527,-5.22813892365,4.87968683243,-2.68870806694,-7.20394897461,4.6916885376,-2.47458910942,6.78429698944
21.058,10528,15.206408,2.52017909914,-0.00915886637351,0.371221282581,0.999963492611,-0.00271973629905,0.00125343248466,-0.00800283612374,0.874612991104,-0.0127950065317,-0.135997100867,0.0320971477661,-0.0748374247821,0.0686022031087,-2.33439669915,-0.343074200921,-5.61113582583,8.27457954919,-4.40188811698,-24.7197569285,0,0,0,0,0,0,0,0,-9.81,2.51620391159,-0.00927079271761,0.345066187888,0.850165354729,-0.00439844117699,-0.0895810225973,0,0,0,0,0,0,0,0,0,-1,0,0,0,2.1446632425,13.6765311287,3.38925461223,-5.50857633355,14.6838573888,3.17461291315,1.78469291463,0,0,0,0,0,0,2.66639849878,-0.157512341117,0.031594630468,0,0,0,-18.8155364849,-9.93486774077,-16.9304767645,-6.95011475561,-9.64153875233,-24.4561585104,0,0,0,0,0,0,2.68515572461,0.132717997938,0.0341543685129,0,0,0,-7.91761988189,5.34909284467,-8.12364690975,-2.35581602386,5.31459630953,-11.1130704532,0,0,0,0,0,0,2.2959666902,-0.149820274166,0.0305956186158,0,0,0,14.5962331182,5.30906728298,3.33860292741,11.4357484734,5.27928467131,9.68169904386,0,0,0,0,0,0,2.27874531533,0.131345560919,0.0286233500799,0,0,0,15.206408,0,0,0.00646844347429,-0.401814461687,-0.000104428566459,0,15.206408,0,0.401885608669,0.00665429365131,-0.0328901968899,0,0,15.206408,-0.00263609630934,0.033810325458,0.000179943922597,0.00646844347429,0.401885608669,-0.00263609630934,0.211718874043,0.000120711441299,-0.0260584547375,-0.401814461687,0.00665429365131,0.033810325458,0.000120711441299,0.520885467898,-0.000370775951114,-0.000104428566459,-0.0328901968899,0.000179943922597,-0.0260584547375,-0.000370775951114,0.531615381573,1.10545743539,-0.050104847692,-153.42344628,0.00162728221867,-0.816393853779,0.0813690019254,1.10545743539,-0.050104847692,-153.42344628,0.00162728221867,-0.816393853779,0.0813690019254,-1.10545743539,0.050104847692,153.42344628,-0.00162728221867,0.816393853779,-0.0813690019254,0,0,0,0,0,0,0,0,0,0,0,0,0,0,0,0,0,0,-1.59872115546e-14,7.77156117238e-16,-2.84217094304e-14,5.44703171457e-16,2.22044604925e-15,1.01307850997e-15,1.10545743539,-0.050104847692,-153.42344628,0.00162728221867,-0.816393853779,0.0813690019254,-9.89154677631,-4.78572308242,13.0952049065,3.19908343823,-7.68670569254,-3.98980059202,3.66430916793,-3.52657423193,-6.24032034765,5.68195085785,-3.11131182155,6.44851230076,1.10545743539,-0.050104847692,-153.42344628,0.00162728221867,-0.816393853779,0.0813690019254,-10.0915467763,-4.98572308242,13.2952049065,3.39908343823,-7.48670569254,-4.18980059202,3.86430916793,-3.32657423193,-6.44032034765,5.88195085785,-3.31131182155,6.64851230076,0,0,0,0,0,0,0.2,0.2,-0.2,-0.2,-0.2,0.2,-0.2,-0.2,0.2,-0.2,0.2,-0.2,0,0,0,0,0,0,-8.82127094269,-4.15132904053,13.3017015457,2.19884037971,-6.60017633438,-5.21614933014,4.97981405258,-2.58924841881,-7.22709083557,4.79116630554,-2.6150033474,6.87142801285
21.06,10529,15.206408,2.52191903137,-0.00918599221721,0.370928768731,0.999963833397,-0.00274811775592,0.00134307904026,-0.00793573468049,0.869966114919,-0.0135629218498,-0.146256924919,0.0486844450312,-0.083631715188,0.0197328643411,-2.33987801941,-0.389404015801,-5.0866712783,8.89434883789,-2.8857612491,-25.4296086186,0,0,0,0,0,0,0,0,-9.81,2.51790425736,-0.00927957737313,0.344847321994,0.850035064971,-0.00437982326845,-0.109106097843,0,0,0,0,0,0,0,0,0,-1,0,0,0,2.14631640839,11.3543901733,4.01517243265,-7.21887556281,13.5030186081,3.79197463275,-0.667358311206,0,0,0,0,0,0,2.67007922074,-0.157726219178,0.0332856395222,0,0,0,-18.2565703663,-10.5216262059,-17.4981238476,-6.49672500173,-10.2021510735,-24.5743768074,0,0,0,0,0,0,2.68393255511,0.133220562819,0.0331260254983,0,0,0,-7.56089576742,5.40264406746,-7.53895261307,-2.48112986548,5.38886714465,-10.3920940967,0,0,0,0,0,0,2.29540459046,-0.149367978565,0.0291189634092,0,0,0,12.8116862641,5.60246672628,1.92920498838,10.4372125559,5.5555815111,7.71030987528,0,0,0,0,0,0,2.282030765,0.131433588714,0.0299175801593,0,0,0,15.206408,0,0,0.00641710471729,-0.401005921953,-0.000337844550569,0,15.206408,0,0.401085782771,0.00660500771945,-0.0335687439748,0,0,15.206408,-0.00238922643023,0.0345578634736,0.000182781024671,0.00641710471729,0.401085782771,-0.00238922643023,0.211458383816,0.000190781842498,-0.0262363130782,-0.401005921953,0.00660500771945,0.0345578634736,0.000190781842498,0.52063805498,-0.000350928132698,-0.000337844550569,-0.0335687439748,0.000182781024671,-0.0262363130782,-0.000350928132698,0.531677606792,2.09508336435,-0.187114345704,-154.14479529,-0.0235847397741,-1.12671965676,0.0423177296297,2.09508336435,-0.187114345704,-154.14479529,-0.0235847397741,-1.12671965676,0.0423177296297,-2.09508336435,0.187114345704,154.14479529,0.0235847397741,1.12671965676,-0.0423177296297,0,0,0,0,0,0,0,0,0,0,0,0,0,0,0,0,0,0,-9.7699626167e-15,1.30451205393e-15,-2.84217094304e-14,4.03843625207e-15,0,6.10622663544e-16,2.09508336435,-0.187114345704,-154.14479529,-0.0235847397741,-1.12671965676,0.0423177296297,-10.2933169216,-5.43636952123,13.0803854855,3.87214637013,-8.07331273133,-2.39796729602,3.59688633189,-3.90585967993,-4.81527010316,5.61133553236,-2.99822230243,6.20981176881,2.09508336435,-0.187114345704,-154.14479529,-0.0235847397741,-1.12671965676,0.0423177296297,-10.4933169216,-5.63636952123,13.2803854855,4.07214637013,-8.27331273133,-2.59796729602,3.79688633189,-3.70585967993,-5.01527010316,5.81133553236,-3.19822230243,6.40981176881,0,0,0,0,0,0,0.2,0.2,-0.2,-0.2,0.2,0.2,-0.2,-0.2,0.2,-0.2,0.2,-0.2,0,0,0,0,0,0,-9.20941257477,-4.7399187088,13.4944372177,2.8613986969,-7.35110282898,-3.65504312515,4.94059705734,-2.91913795471,-5.87838029861,4.74445199966,-2.48125386238,6.73064136505
21.062,10530,15.206408,2.52364868689,-0.00921474867428,0.370620027555,0.999964144713,-0.00283181732749,0.00144022950302,-0.00784957566069,0.864827761208,-0.0143782285334,-0.154370588172,0.0664848490086,-0.0893986201753,-0.0305349541142,-2.58795680875,-0.413449879591,-4.00085030949,9.00110222667,-3.50962791314,-28.2040427016,0,0,0,0,0,0,0,0,-9.81,2.51960447391,-0.00928835469058,0.344589325099,0.849906085881,-0.00437315539167,-0.128617035534,0,0,0,0,0,0,0,0,0,-1,0,0,0,2.14784230548,7.62799989743,4.79378891832,-11.1392653039,12.313321583,4.52703713158,-5.75656777459,0,0,0,0,0,0,2.67404175007,-0.157861961438,0.0349706193993,0,0,0,-17.0575234667,-11.1501418992,-18.7793036062,-5.19072602335,-10.8312684039,-24.9737262586,0,0,0,0,0,0,2.6824399344,0.133516965244,0.0315947767743,0,0,0,-6.49802504258,5.26678905403,-7.42420555466,-1.75736740537,5.2614243023,-9.71140044613,0,0,0,0,0,0,2.29472427948,-0.148799781835,0.0274089554544,0,0,0,9.43437107597,5.93884170448,-0.732914515861,8.69252403331,5.85884075934,3.86372527033,0,0,0,0,0,0,2.28556871435,0.131638537343,0.0313459106941,0,0,0,15.206408,0,0,0.00635558666377,-0.40048041753,-0.000636244069035,0,15.206408,0,0.400569437859,0.00654797584712,-0.03410213325,0,0,15.206408,-0.00211521737907,0.0351664478176,0.00018843990142,0.00635558666377,0.400569437859,-0.00211521737907,0.21127077681,0.000290402082571,-0.0263721042492,-0.40048041753,0.00654797584712,0.0351664478176,0.000290402082571,0.520470637826,-0.000318664658309,-0.000636244069035,-0.03410213325,0.00018843990142,-0.0263721042492,-0.000318664658309,0.531702781084,3.07228892588,-0.231617127069,-154.976164024,-0.0461121211187,-1.42810869792,0.0149416584628,3.07228892588,-0.231617127069,-154.976164024,-0.0461121211187,-1.42810869792,0.0149416584628,-3.07228892588,0.231617127069,154.976164024,0.0461121211187,1.42810869792,-0.0149416584628,0,0,0,0,0,0,0,0,0,0,0,0,0,0,0,0,0,0,-2.6645352591e-15,-1.38777878078e-16,-2.84217094304e-14,3.97598620694e-15,-1.55431223448e-15,8.67361737988e-18,3.07228892588,-0.231617127069,-154.976164024,-0.0461121211187,-1.42810869792,0.0149416584628,-10.7424459999,-6.69009224849,13.0719839123,5.00733234353,-9.28717159187,0.455731384781,3.39716636788,-4.58770157252,-2.20680596328,5.39200076539,-3.406303277,5.94879929889,3.07228892588,-0.231617127069,-154.976164024,-0.0461121211187,-1.42810869792,0.0149416584628,-10.9424459999,-6.89009224849,13.2719839123,5.20733234353,-9.48717159187,0.255731384781,3.59716636788,-4.38770157252,-2.40680596328,5.59200076539,-3.606303277,6.14879929889,0,0,0,0,0,0,0.2,0.2,-0.2,-0.2,0.2,0.2,-0.2,-0.2,0.2,-0.2,0.2,-0.2,0,0,0,0,0,0,-9.65421485901,-5.9212269783,13.6907463074,3.99037003517,-8.54540348053,-0.809472799301,4.76578426361,-3.55920648575,-3.32475852966,4.55091905594,-2.86556386948,6.56284284592
21.064,10531,15.206408,2.5253678075,-0.00924530446114,0.370296408166,0.999964377665,-0.00298327764687,0.00154266348992,-0.00774361959834,0.859560305163,-0.0152778934303,-0.161809694467,0.0844658312264,-0.0963767309102,-0.0862806667149,-2.65333008805,-0.456259557562,-3.65856468209,9.25585020388,-2.3418449946,-34.5014741791,0,0,0,0,0,0,0,0,-9.81,2.52130457498,-0.00929713616874,0.344292193688,0.849791319617,-0.00437820221347,-0.148131094331,0,0,0,0,0,0,0,0,0,-1,0,0,0,2.14938095827,5.76222261394,5.12326890433,-12.6893914186,11.6197646774,4.84229128944,-7.8743274128,0,0,0,0,0,0,2.67823213103,-0.157903708831,0.0365515412264,0,0,0,-15.9815349442,-11.5338492363,-19.4029613779,-4.38635883999,-11.2288316494,-24.8915094666,0,0,0,0,0,0,2.68070083818,0.133592872152,0.0295641990275,0,0,0,-5.86494770957,5.13382047203,-7.43978589922,-1.33559469871,5.14202679564,-9.3744272217,0,0,0,0,0,0,2.29394143753,-0.148118109692,0.0254821614334,0,0,0,7.43256673541,6.65199257554,-1.23428479578,7.16495950779,6.5750972786,2.53908713655,0,0,0,0,0,0,2.2892961217,0.131966878589,0.0328325902371,0,0,0,15.206408,0,0,0.00628467065312,-0.400303150101,-0.00100552026477,0,15.206408,0,0.400401873738,0.00648437416671,-0.0344738485918,0,0,15.206408,-0.00181253341119,0.0356209006009,0.000197405759686,0.00628467065312,0.400401873738,-0.00181253341119,0.211181967624,0.00041959370498,-0.0264675100338,-0.400303150101,0.00648437416671,0.0356209006009,0.00041959370498,0.520409737721,-0.000273626832064,-0.00100552026477,-0.0344738485918,0.000197405759686,-0.0264675100338,-0.000273626832064,0.531688800595,3.93520558518,-0.18542682531,-155.787786266,-0.0684412926237,-1.68274802823,0.00451752187276,3.93520558518,-0.18542682531,-155.787786266,-0.0684412926237,-1.68274802823,0.00451752187276,-3.93520558518,0.18542682531,155.787786266,0.0684412926237,1.68274802823,-0.00451752187276,0,0,0,0,0,0,0,0,0,0,0,0,0,0,0,0,0,0,-5.3290705182e-15,4.46864767412e-15,0,-3.45556916415e-15,2.22044604925e-15,-1.45283091113e-15,3.93520558518,-0.18542682531,-155.787786266,-0.0684412926237,-1.68274802823,0.00451752187276,-10.9527810168,-7.56816149868,13.0080040313,5.51033137156,-9.68033111702,1.71826100339,3.73277415691,-4.41847007276,-1.01085603514,5.31413099862,-3.71944008649,5.85656040276,3.93520558518,-0.18542682531,-155.787786266,-0.0684412926237,-1.68274802823,0.00451752187276,-11.1527810168,-7.76816149868,13.2080040313,5.71033137156,-9.88033111702,1.51826100339,3.93277415691,-4.61847007276,-1.21085603514,5.51413099862,-3.91944008649,6.05656040276,0,0,0,0,0,0,0.2,0.2,-0.2,-0.2,0.2,0.2,-0.2,0.2,0.2,-0.2,0.2,-0.2,0,0,0,0,0,0,-9.87069416046,-6.72477245331,13.8296604156,4.49836349487,-8.95876693726,0.486726820469,5.12052536011,-3.77543020248,-2.14455676079,4.5013833046,-3.15784192085,6.56107854843
21.066,10532,15.206408,2.52707666841,-0.00926927651695,0.369985122316,0.999963543523,-0.00336714128073,0.00176134987913,-0.00764667451926,0.854430454651,-0.0119860279066,-0.155642925042,0.102940877748,-0.101018969341,-0.154460464596,-2.58976400938,1.62963194876,3.11768144754,-6.73799772976,-56.8525674457,-116.757941154,-6.00844477754,1.85438496797,142.763030316,-19.5675694822,33.9228567067,-1.23119492388,0,0,-9.81,2.52300457872,-0.00930593296806,0.343955946644,0.84969569121,-0.00439459986807,-0.167625690232,-6.00844477754,1.85438496797,142.763030316,-19.0439446086,34.2140852329,-1.37490688597,0,0,0,-1,0,0,0,2.15094495379,3.4414739494,4.20016391127,-12.9689949544,9.91095695842,3.9335688157,-9.16405578846,0,0,0,0,0,0,2.68262362997,-0.157844646627,0.0379871905272,0,0,0,-15.9781443505,-11.9693730731,-20.2336327358,-4.47809309297,-11.6751423353,-25.5265472799,0,0,0,0,0,0,2.67872903692,0.133438712284,0.0270463951774,0,0,0,-46.9600260131,-9.45569549088,-109.0400588,11.2427197524,-9.51691229108,-118.183832552,-6.00844477754,1.85438496797,142.763030316,-6.00844477754,1.85438496797,142.763030316,2.29306408436,-0.147325183453,0.0233483483452,142.763030316,0,0,6.37239235768,3.75896432502,-0.543381065084,5.81943660778,3.70171259331,2.73202151957,0,0,0,0,0,0,2.29317023215,0.13243330678,0.034349706775,0,0,0,15.206408,0,0,0.00620398170301,-0.40049416169,-0.00145829098043,0,15.206408,0,0.400603072933,0.00641467636324,-0.0346811396268,0,0,15.206408,-0.00147869065635,0.0359170024015,0.00021066225185,0.00620398170301,0.400603072933,-0.00147869065635,0.211201934295,0.000579876921392,-0.0265234140747,-0.40049416169,0.00641467636324,0.0359170024015,0.000579876921392,0.520467619141,-0.000215280665419,-0.00145829098043,-0.0346811396268,0.00021066225185,-0.0265234140747,-0.000215280665419,0.531638616491,-1.36548752166,1.80254072609,-13.9895532451,-19.6572311706,32.0296647666,-1.21981086894,4.64295725858,-0.0518442426037,-156.752583556,-0.0896616893442,-1.89319193966,0.0113840554941,-4.64295725858,0.0518442426037,156.752583556,0.0896616893442,1.89319193966,-0.0113840554941,0,0,0,0,0,0,0,0,0,0,0,0,0,0,0,0,0,0,-2.6958062449e-09,7.23426429872e-10,-5.32889998794e-09,1.00906305533e-09,-4.55315785075e-10,-5.58888713087e-10,-1.36548752166,1.80254072609,-13.9895532451,-19.6572311706,32.0296647666,-1.21981086894,-11.0602604134,-8.52306391544,12.8651560313,5.96367706922,-9.92315905632,2.86537440923,3.68655926771,-4.54757293307,0.0922101247565,-7.76332372247,1.83835394613,-8.86442614707,4.64295725858,-0.0518442426037,-156.752583556,-0.0896616893442,-1.89319193966,0.0113840554941,-11.2602604134,-8.72306391544,13.0651560313,6.16367706922,-10.1231590563,2.66537440923,3.88655926771,-4.74757293307,-0.107789875243,5.36627709495,-4.27085754566,5.89485673257,-6.00844477754,1.85438496797,142.763030316,-19.5675694822,33.9228567067,-1.23119492388,0.2,0.2,-0.2,-0.2,0.2,0.2,-0.2,0.2,0.2,-13.1296008182,6.10921149122,-14.7592828805,0,0,0,0,0,0,-9.99243545532,-7.60387182236,13.8839921951,4.9634513855,-9.24332714081,1.68163192272,5.09376955032,-3.90224909782,-1.04234981537,4.38404512405,-3.48972678185,6.48865699768
21.068,10533,15.206408,2.52877569125,-0.00928690627354,0.369685081971,0.999961358754,-0.00397410468645,0.00209371473467,-0.00755670885712,0.849511421157,-0.00881487829506,-0.150020172607,0.0893463467054,-0.215065628638,-0.387734547816,-2.48373527849,1.56979642042,2.84803393228,-5.63371776655,-55.6388159869,-112.156565264,-5.97439256696,3.01785842758,135.30381004,-17.982934951,32.5984096946,-1.49470884211,0,0,-9.81,2.52470296849,-0.00931430359261,0.343618064321,0.848874838859,-0.00421324660406,-0.16841605819,-5.97439256696,3.01785842758,135.30381004,-17.4879285585,32.8590557683,-1.65264253276,0,0,0,-1,0,0,0,2.15254579792,3.31831556428,4.18742330293,-12.9097580684,9.91193969058,3.92861892761,-9.02922977771,0,0,0,0,0,0,2.68717278748,-0.157705792946,0.03924956922,0,0,0,-15.2645334852,-12.2158664461,-19.42516425,-4.7776399303,-11.9622336391,-24.3649236558,0,0,0,0,0,0,2.6765209813,0.133041655912,0.0240414875324,0,0,0,-44.6193873685,-9.31889727432,-104.959071771,9.85352764673,-9.14646269587,-113.637091373,-5.97439256696,3.01785842758,135.30381004,-5.97439256696,3.01785842758,135.30381004,2.29238245504,-0.146694992285,0.0216404646857,135.30381004,0,0,6.33298582101,3.78139627666,-0.529708735874,5.74044185123,3.72202918371,2.80714884954,0,0,0,0,0,0,2.29714938286,0.132971394224,0.0358928514281,0,0,0,15.206408,0,0,0.00613399703267,-0.400896891067,-0.00200451968813,0,15.206408,0,0.401024155741,0.00637090243746,-0.0346613915606,0,0,15.206408,-0.00123704409168,0.0360799471069,0.000239648630428,0.00613399703267,0.401024155741,-0.00123704409168,0.211289426021,0.000753463366662,-0.0264763188942,-0.400896891067,0.00637090243746,0.0360799471069,0.000753463366662,0.520585506974,-0.000126968288948,-0.00200451968813,-0.0346613915606,0.000239648630428,-0.0264763188942,-0.000126968288948,0.531567812739,-1.12551379282,3.4448230088,-21.8652006682,-18.1352722125,30.8339032339,-1.54525916067,4.84887877414,0.426964581221,-157.169010708,-0.15233726153,-1.76450646071,-0.0505503185564,-4.84887877414,-0.426964581221,157.169010708,0.15233726153,1.76450646071,0.0505503185564,0,0,0,0,0,0,0,0,0,0,0,0,0,0,0,0,0,0,7.54951656745e-14,4.39648317752e-14,5.68434188608e-14,3.5527136788e-15,-7.1054273576e-15,4.21884749358e-15,-1.12551379282,3.4448230088,-21.8652006682,-18.1352722125,30.8339032339,-1.54525916067,-11.1008807447,-8.61244403045,12.754869113,5.91809202161,-9.8348994059,2.80779115953,3.65701248779,-4.50750300064,0.0802027607932,-6.46395244568,2.0149908685,-7.53101639886,4.84887877414,0.426964581221,-157.169010708,-0.15233726153,-1.76450646071,-0.0505503185564,-11.3008807447,-8.81244403045,12.954869113,6.11809202161,-10.0348994059,2.60779115953,3.85701248779,-4.70750300064,-0.119797239207,5.42758873906,-4.20860450464,6.06854674068,-5.97439256696,3.01785842758,135.30381004,-17.982934951,32.5984096946,-1.49470884211,0.2,0.2,-0.2,-0.2,0.2,0.2,-0.2,0.2,0.2,-11.8915411847,6.22359537315,-13.5995631395,0,0,0,0,0,0,-10.0352153778,-7.61832380295,13.9603500366,4.94774723053,-9.22762012482,1.68143284321,5.09845972061,-3.89167189598,-1.0398786068,4.44304561615,-3.49395656586,6.55307435989
21.07,10534,15.206408,2.5304617722,-0.00931616822105,0.369452000502,0.999958945483,-0.00448807292541,0.00239742440184,-0.00749779345483,0.843040471798,-0.0146309737529,-0.116540734437,0.0779582568425,-0.326651951011,-0.611711205973,-3.24641444088,-2.90064659106,16.7170512076,-14.5826739534,13.7412009443,46.3171803954,-7.52163984929,-17.3351108365,435.433784519,17.7022553449,-12.1177367303,-4.97989429259,0,0,-9.81,2.52639975895,-0.00932194626476,0.343276632543,0.848065305272,-0.00388236398484,-0.1701390888,-7.52163984929,-17.3351108365,435.433784519,17.4959954707,-12.4232179913,-4.95606014481,0,0,0,-1,0,0,0,2.1541831735,3.23692283459,9.90873460691,-13.61230053,10.4597381402,9.64478856109,-9.5669926475,0,0,0,0,0,0,2.69188043233,-0.157487414729,0.0403416348648,0,0,0,-101.995010328,25.7698128286,-239.969656747,14.1962558338,26.9516195585,-260.239462934,1.25204137821,-20.8753260357,300.418070845,1.25204137821,-20.8753260357,300.418070845,2.67406932333,0.132395080008,0.0205803720465,300.418070845,0,0,-43.6868676678,-8.75838095839,-109.183530505,11.3210364666,-8.42279387347,-117.077690675,-8.7736812275,3.54021519916,135.015713674,-8.7736812275,3.54021519916,135.015713674,2.29185700826,-0.146195345068,0.0202990572097,135.015713674,0,0,6.77055835279,5.33336289746,-1.05588944381,6.37412919007,5.25866719192,2.6677741949,0,0,0,0,0,0,2.30123213775,0.133581703465,0.0374640587218,0,0,0,15.206408,0,0,0.00607346000637,-0.401523360502,-0.00264618186148,0,15.206408,0,0.401677386074,0.0063505897375,-0.0344223052814,0,0,15.206408,-0.00107938567225,0.0361160848571,0.000283746543918,0.00607346000637,0.401677386074,-0.00107938567225,0.211445216161,0.000940866801274,-0.0263342653064,-0.401523360502,0.0063505897375,0.0361160848571,0.000940866801274,0.520770143718,-1.10936161797e-05,-0.00264618186148,-0.0344223052814,0.000283746543918,-0.0263342653064,-1.10936161797e-05,0.531477321298,-2.52996542728,-16.4092307376,277.475345507,17.4868754081,-13.7541131148,-5.0331384046,4.99167442238,0.925880098695,-157.958439012,-0.215379936943,-1.63637638448,-0.0532441119194,-4.99167442238,-0.925880098695,157.958439012,0.215379936943,1.63637638448,0.0532441119194,0,0,0,0,0,0,0,0,0,0,0,0,0,0,0,0,0,0,-3.71136010813e-10,1.7013235265e-10,-4.08363121096e-10,1.18305365504e-10,2.96704882885e-11,-9.21609455418e-11,-2.52996542728,-16.4092307376,277.475345507,17.4868754081,-13.7541131148,-5.0331384046,9.85400208476,2.00348744964,-18.1528670127,6.62963060326,-9.82765049493,3.82361589298,3.60626358333,-4.47347221282,1.08164786906,-6.22108168534,2.65298677304,-6.46453785054,4.99167442238,0.925880098695,-157.958439012,-0.215379936943,-1.63637638448,-0.0532441119194,-11.3923502216,-9.87277893006,12.9496508444,6.82963060326,-10.0276504949,3.62361589298,3.80626358333,-4.67347221282,0.881647869058,5.4069070914,-4.91619345801,6.20964803605,-7.52163984929,-17.3351108365,435.433784519,17.7022553449,-12.1177367303,-4.97989429259,21.2463523064,11.8762663797,-31.1025178571,-0.2,0.2,0.2,-0.2,0.2,0.2,-11.6279887768,7.56918023094,-12.6741858867,0,0,0,0,0,0,-10.1366510391,-8.59650611877,14.1340379715,5.68705129623,-9.29636192322,2.7478621006,5.08377552032,-3.88896274567,-0.0260717179626,4.42934656143,-4.24756622314,6.59820079803
21.072,10535,15.206408,2.53213551179,-0.00935707112306,0.369283336582,0.999956541703,-0.00490165893297,0.00267206945005,-0.0074664911632,0.836869793966,-0.0204514510057,-0.0843319597604,0.0487606564228,-0.298885447123,-0.517851001522,-3.09606894103,-2.90386544834,16.0964679027,-12.7764595107,13.930601591,50.0881797982,-9.21695853319,-17.6613225441,405.181600502,16.8060325606,-10.586514917,-4.34242714355,0,0,-9.81,2.52809468552,-0.00933411690148,0.343010309386,0.847194702399,-0.00613026218051,-0.132678393667,-9.21695853319,-17.6613225441,405.181600502,16.6243204572,-10.8760863313,-4.32624750382,0,0,0,-1,0,0,0,2.15587618546,0.395821789922,9.67364043779,-15.0532954096,9.09502192494,9.41856355901,-12.2028248191,0,0,0,0,0,0,2.69674766464,-0.15706853033,0.04124952464,0,0,0,-93.1064060576,25.3823475862,-232.67565106,13.8454704932,26.1087346408,-250.155275652,-1.36976695571,-21.150129085,283.310989537,-1.36976695571,-21.150129085,283.310989537,2.67211534424,0.131876448669,0.0178598229215,283.310989537,0,0,-39.1859235482,-7.83558951469,-99.4905760188,9.77709735241,-7.39535562913,-106.513026745,-7.84719157748,3.4888065409,121.870610965,-7.84719157748,3.4888065409,121.870610965,2.29145550523,-0.145799430882,0.0192544544484,121.870610965,0,0,3.7035078464,5.23729658186,-2.63047531597,4.61647033975,5.1675513797,-0.221947252806,0,0,0,0,0,0,2.30541728901,0.13429584052,0.0390557324467,0,0,0,15.206408,0,0,0.00603658760498,-0.402024197025,-0.00332163273645,0,15.206408,0,0.402203473955,0.00634494862695,-0.0340381124898,0,0,15.206408,-0.00081341800795,0.0359853018825,0.000320461038673,0.00603658760498,0.402203473955,-0.00081341800795,0.211548628941,0.00110954983138,-0.0261401506146,-0.402024197025,0.00634494862695,0.0359853018825,0.00110954983138,0.520911740851,8.55587330854e-05,-0.00332163273645,-0.0340381124898,0.000320461038673,-0.0261401506146,8.55587330854e-05,0.5314182701,-5.14320599398,-16.9750533533,248.656327822,16.7205900893,-12.0634973133,-4.42579867022,4.0737525406,0.686269190221,-156.525272678,-0.085442471755,-1.47698239637,-0.0833715263492,-4.0737525406,-0.686269190221,156.525272678,0.085442471755,1.47698239637,0.0833715263492,0,0,0,0,0,0,0,0,0,0,0,0,0,0,0,0,0,0,-1.39311673308e-09,5.72196512394e-10,-1.63390723174e-09,4.34589253473e-10,8.38475955334e-11,-3.20832249656e-10,-5.14320599398,-16.9750533533,248.656327822,16.7205900893,-12.0634973133,-4.42579867022,8.19817907885,2.08127815422,-14.6873498172,6.85124684916,-9.84560148409,5.49203058008,3.16510777181,-4.50449913099,2.88862501477,-5.2689502347,2.37911043418,-5.30265320772,4.0737525406,0.686269190221,-156.525272678,-0.085442471755,-1.47698239637,-0.0833715263492,-11.0656856196,-11.0769078737,12.9898598457,7.05124684916,-10.0456014841,5.29203058008,3.36510777181,-4.70449913099,2.68862501477,5.08669275676,-4.66972864435,5.9270992732,-9.21695853319,-17.6613225441,405.181600502,16.8060325606,-10.586514917,-4.34242714355,19.2638646985,13.158186028,-27.6772096629,-0.2,0.2,0.2,-0.2,0.2,0.2,-10.3556429918,7.04883907813,-11.2297524813,0,0,0,0,0,0,-9.84117412567,-10.0262737274,13.9503564835,5.91204881668,-9.4048614502,4.4745092392,4.64224672318,-3.95586419106,1.81118822098,4.08832120895,-4.02354955673,6.22762870789
21.074,10536,15.206408,2.53379701453,-0.00941020657429,0.369175985112,0.999954303352,-0.00521848280285,0.00291806850782,-0.00745945851027,0.830751374465,-0.0265677256121,-0.0536757350768,0.0231647831556,-0.270783372565,-0.416663728734,-3.0698619493,-3.05344297864,15.3290836969,-11.1304042362,13.7507476866,48.2906600368,-11.1596904681,-19.6511498864,380.785002812,15.7362426068,-9.55233706943,-3.92863322117,0,0,-9.81,2.5297873013,-0.00935089743764,0.342811203198,0.846097680969,-0.00841807266123,-0.0991320216849,-11.1596904681,-19.6511498864,380.785002812,15.5705930835,-9.82455923882,-3.91730783133,0,0,0,-1,0,0,0,2.1576321922,-0.610845731945,9.61053398836,-14.8253656583,8.32122205789,9.39086375996,-12.4537506101,0,0,0,0,0,0,2.70173129005,-0.156454056991,0.0419170202252,0,0,0,-86.8602449736,25.7742195433,-227.432138983,13.0672051928,26.1862724646,-243.059494106,-3.0378821632,-22.1916926061,270.556855341,-3.0378821632,-22.1916926061,270.556855341,2.67056511154,0.131462618418,0.0157356773198,270.556855341,0,0,-34.2534582575,-6.15163817676,-91.2561164135,9.59536220144,-5.66848178074,-97.0289553497,-8.12180830491,2.54054271963,110.228147471,-8.12180830491,2.54054271963,110.228147471,2.29115328939,-0.145486274111,0.0184561226108,110.228147471,0,0,2.54848949348,5.35476159853,-3.60740128419,4.20148200105,5.28833903942,-1.60082281957,0,0,0,0,0,0,2.30965245148,0.135112410654,0.0406073093184,0,0,0,15.206408,0,0,0.00602199154041,-0.402480910809,-0.00402392683999,0,15.206408,0,0.402683635592,0.00635187219527,-0.0335249875308,0,0,15.206408,-0.000440269072515,0.0357035489903,0.000349123901528,0.00602199154041,0.402683635592,-0.000440269072515,0.211631487638,0.00126242636558,-0.0259012201289,-0.402480910809,0.00635187219527,0.0357035489903,0.00126242636558,0.52104207192,0.000165725806898,-0.00402392683999,-0.0335249875308,0.000349123901528,-0.0259012201289,0.000165725806898,0.531383636799,-7.96564239933,-19.2220299069,225.20842458,15.7381617188,-10.8424222059,-4.054840807,3.19404807589,0.429119989455,-155.576578156,0.00191910578254,-1.29008511939,-0.126207584378,-3.19404807589,-0.429119989455,155.576578156,-0.00191910578254,1.29008511939,0.126207584378,0,0,0,0,0,0,0,0,0,0,0,0,0,0,0,0,0,0,-7.11302128309e-09,-9.94725368741e-09,-7.51692823542e-08,6.28685015158e-09,-1.70918514897e-08,-1.45394141171e-09,-7.96564239933,-19.2220299069,225.20842458,15.7381617188,-10.8424222059,-4.054840807,6.84111164983,2.01423129881,-11.8364514028,6.88882063261,-9.38094171358,5.8620988792,3.05538535674,-4.6632779195,3.61857922889,-4.44051351784,2.08503585745,-4.32414086678,3.19404807589,0.429119989455,-155.576578156,0.00191910578254,-1.29008511939,-0.126207584378,-10.6373157406,-12.0514839422,13.3131292856,7.08882063261,-9.58094171358,5.96643510226,3.25538535674,-4.8632779195,3.41857922889,5.03054376453,-4.87296256209,5.43688019669,-11.1596904681,-19.6511498864,380.785002812,15.7362426068,-9.55233706943,-3.92863322117,17.4784273939,14.0657152407,-25.1495806887,-0.2,0.2,-0.104336223061,-0.2,0.2,0.2,-9.47105728885,6.95799842302,-9.76102106939,0,0,0,0,0,0,-9.4382686615,-11.1441764832,14.0882568359,5.96599006653,-9.0635471344,5.21814966202,4.5346493721,-4.17658662796,2.5924987793,4.01426839828,-4.23906946182,5.6642370224
21.076,10537,15.206408,2.53544683899,-0.00947537869821,0.369125950603,0.999952289253,-0.00545085167429,0.00313766625653,-0.00747412094591,0.824912225171,-0.0325860619624,-0.025017254321,0.000854421720194,-0.243068955925,-0.319161595686,-2.93045887312,-3.00571368959,14.3355485539,-9.96538230024,12.6964724353,42.0981543664,-10.0425969368,-19.2674952401,357.866697002,14.6662152328,-8.5586181069,-3.41572874975,0,0,-9.81,2.53147709331,-0.00937280450285,0.342672953597,0.844741852784,-0.0109614588974,-0.0687379302848,-10.0425969368,-19.2674952401,357.866697002,14.516714806,-8.8119397305,-3.41023833062,0,0,0,-1,0,0,0,2.15945492863,-0.340158422242,9.4949171924,-14.6621311825,8.61404402441,9.30738533055,-12.0174071625,0,0,0,0,0,0,2.7068130982,-0.155645292837,0.0423353070185,0,0,0,-81.4321507124,23.9585626706,-217.7220528,10.5823408338,24.168522793,-232.189570694,-2.5918791223,-20.9792240086,255.203842934,-2.5918791223,-20.9792240086,255.203842934,2.66934084461,0.13113382697,0.0140936148868,255.203842934,0,0,-31.907287968,-4.73497618484,-85.9743079246,8.61652721813,-4.20388255167,-91.3244735996,-7.45071781449,1.71172876847,102.662854068,-7.45071781449,1.71172876847,102.662854068,2.29093071682,-0.14523894332,0.0178621686566,102.662854068,0,0,2.47204985482,5.3424441118,-3.6935541094,4.20725168914,5.28085245134,-1.64520884479,0,0,0,0,0,0,2.31392267678,0.136034300651,0.0420905077475,0,0,0,15.206408,0,0,0.00602783521481,-0.402943149175,-0.0047572364145,0,15.206408,0,0.40316732594,0.00636972279067,-0.0328918214662,0,0,15.206408,4.13232072479e-05,0.0352802887857,0.000370002634386,0.00602783521481,0.40316732594,4.13232072479e-05,0.211712529637,0.00140190510611,-0.0256214348231,-0.402943149175,0.00636972279067,0.0352802887857,0.00140190510611,0.521178343901,0.000233617031266,-0.0047572364145,-0.0328918214662,0.000370002634386,-0.0256214348231,0.000233617031266,0.53136649909,-7.69627328184,-19.1376390203,202.811300832,14.7218989058,-9.65246048809,-3.59260291536,2.34632365721,0.1298562183,-155.055396166,0.0556836720263,-1.09384238115,-0.176874164971,-2.34632365721,-0.1298562183,155.055396166,-0.0556836720263,1.09384238115,0.176874164971,0,0,0,0,0,0,0,0,0,0,0,0,0,0,0,0,0,0,-2.26972574069e-09,1.45265133256e-09,-3.40838823831e-09,9.98259253038e-10,-4.61515270445e-11,-6.36556141131e-10,-7.69627328184,-19.1376390203,202.811300832,14.7218989058,-9.65246048809,-3.59260291536,5.72673684872,1.93412888267,-9.57018962764,6.86325002444,-9.24678737092,5.70331795428,3.04502269708,-4.58909434698,3.56102053264,-3.7155119139,1.75071257766,-3.46440183027,2.34632365721,0.1298562183,-155.055396166,0.0556836720263,-1.09384238115,-0.176874164971,-10.6173093697,-11.9607498841,13.4651589635,7.06325002444,-9.44678737092,5.90331795428,3.24502269708,-4.78909434698,3.36102053264,5.04533813794,-4.86711034243,5.49696011267,-10.0425969368,-19.2674952401,357.866697002,14.6662152328,-8.5586181069,-3.41572874975,16.3440462184,13.8948787668,-23.0353485911,-0.2,0.2,-0.2,-0.2,0.2,0.2,-8.76085005268,6.6178229195,-8.96136194364,0,0,0,0,0,0,-9.4382686615,-11.1441764832,14.0882568359,5.96599006653,-9.0635471344,5.21814966202,4.5346493721,-4.17658662796,2.5924987793,4.01426839828,-4.23906946182,5.6642370224
21.078,10538,15.206408,2.53708642337,-0.00955152421431,0.36912540065,0.99995052866,-0.00561143553347,0.00333423528694,-0.00750565775738,0.819792194021,-0.0380727580513,-0.000274976731008,-0.0191194683998,-0.217487791347,-0.234032080459,-2.57020758363,-2.74083722542,12.3824717457,-7.67628098187,11.086157659,35.7054444061,-8.6583008363,-16.3143833353,322.348987949,13.4195958313,-6.91867781019,-2.40654118695,0,0,-9.81,2.53316435311,-0.00939972951844,0.342589580161,0.843529829775,-0.0134473323582,-0.0413100542221,-8.6583008363,-16.3143833353,322.348987949,13.2993546092,-7.14466378526,-2.41371948956,0,0,0,-1,0,0,0,2.16121236459,-1.69312873026,9.03881517732,-14.338004704,7.49887613365,8.90806348185,-12.4321561016,0,0,0,0,0,0,2.71200045222,-0.154645120505,0.0425118495155,0,0,0,-71.5798291114,19.5365628532,-197.486842185,8.92578123095,19.5985665472,-209.863357161,-2.72492984488,-17.0643103224,229.439308564,-2.72492984488,-17.0643103224,229.439308564,2.6683785681,0.130873447238,0.0128441651352,229.439308564,0,0,-29.3721034973,-3.29544368566,-77.9956670221,6.80904323088,-2.74489523916,-83.0843364755,-5.93337099141,0.749926987124,92.9096793851,-5.93337099141,0.749926987124,92.9096793851,2.29077204088,-0.145043829992,0.0174367297905,92.9096793851,0,0,0.878054076853,5.23480919698,-4.08202266061,3.14695986578,5.19912872566,-2.81119536666,0,0,0,0,0,0,2.31822929573,0.137061313493,0.0435040913456,0,0,0,15.206408,0,0,0.00605259740011,-0.403441219284,-0.00553021181686,0,15.206408,0,0.403684815252,0.0063978575687,-0.032140666884,0,0,15.206408,0.000630208909287,0.0347196267811,0.000384047068679,0.00605259740011,0.403684815252,0.000630208909287,0.211802413989,0.00153079308243,-0.0253015817319,-0.403441219284,0.0063978575687,0.0347196267811,0.00153079308243,0.5213314203,0.000292483787389,-0.00553021181686,-0.032140666884,0.000384047068679,-0.0253015817319,0.000292483787389,0.531362628785,-7.13118521106,-16.5326233727,167.447974692,13.5047607446,-7.81464063075,-2.64154151653,1.52711564807,-0.218240049873,-154.901013256,0.0851649085406,-0.895962828896,-0.235000323545,-1.52711564807,0.218240049873,154.901013256,-0.0851649085406,0.895962828896,0.235000323545,0,0,0,0,0,0,0,0,0,0,0,0,0,0,0,0,0,0,-2.28323777662e-08,1.24907408861e-08,-1.27477051137e-09,4.72292782661e-09,8.33064461858e-09,-6.03545391442e-09,-7.13118521106,-16.5326233727,167.447974692,13.5047607446,-7.81464063075,-2.64154151653,4.74757529405,1.98476086037,-7.90393192378,6.74844755389,-8.62516992538,6.28637558321,2.78934409468,-4.29408651589,4.21828298271,-3.05536378986,1.52382582608,-2.83653723699,1.52711564807,-0.218240049873,-154.901013256,0.0851649085406,-0.895962828896,-0.235000323545,-10.5189959855,-11.2445947817,12.1431369961,6.94844755389,-8.82516992538,6.48637558321,2.98934409468,-4.49408651589,4.01828298271,5.1316942189,-4.30933639314,5.32694799889,-8.6583008363,-16.3143833353,322.348987949,13.4195958313,-6.91867781019,-2.40654118695,15.2665712796,13.2293556421,-20.0470689199,-0.2,0.2,-0.2,-0.2,0.2,0.2,-8.18705801343,5.8331622107,-8.16348524089,0,0,0,0,0,0,-9.35521888733,-10.4848070145,12.6414041519,5.88261175156,-8.58019924164,5.85262203217,4.2984495163,-3.95688176155,3.30246543884,4.08898019791,-3.68340039253,5.44629526138
21.08,10539,15.206408,2.53871782524,-0.00963699411536,0.369165400322,0.999948980675,-0.00571768259965,0.00351466054939,-0.00754925922633,0.815700931515,-0.0427349505251,0.019999835918,-0.0345213536995,-0.195157879261,-0.161696964616,-2.05391523692,-2.32917961483,10.1521429829,-5.44201175612,7.7514103593,26.9027850151,-8.92247134524,-12.280483878,285.936076557,11.7757465997,-3.83253762985,-1.3715865966,0,0,-9.81,2.53484945153,-0.00943088669836,0.342551767334,0.842505997073,-0.0155364683976,-0.0185260434318,-8.92247134524,-12.280483878,285.936076557,11.7075113628,-4.02438953493,-1.40579835618,0,0,0,-1,0,0,0,2.16266193554,-4.29850477598,8.16817543464,-12.8528886642,4.68106409201,8.13040774089,-12.7427269133,0,0,0,0,0,0,2.71726584704,-0.153462887574,0.0424323746396,0,0,0,-60.0050359436,14.3587632711,-173.58984083,8.39586980262,14.3220477201,-183.479152985,-3.70346140873,-12.3147494395,200.297440685,-3.70346140873,-12.3147494395,200.297440685,2.66762584632,0.130667735889,0.0119194086807,200.297440685,0,0,-27.1234021736,-2.18860643618,-72.4149097715,5.9174638908,-1.63169058852,-77.1149097629,-5.21900993652,0.0342655615483,85.6386358711,-5.21900993652,0.0342655615483,85.6386358711,2.29066429133,-0.144890074076,0.017150949792,85.6386358711,0,0,-1.60532405088,4.83140317943,-3.59198629684,0.875092936574,4.84819285852,-3.81459380619,0,0,0,0,0,0,2.32254595601,0.138192086486,0.0448221872812,0,0,0,15.206408,0,0,0.00609281388403,-0.403997854707,-0.0063489019018,0,15.206408,0,0.404258957087,0.0064339384361,-0.0312848438571,0,0,15.206408,0.00132233868192,0.0340377994653,0.000392426163348,0.00609281388403,0.404258957087,0.00132233868192,0.211911823415,0.00165140176741,-0.0249462409325,-0.403997854707,0.0064339384361,0.0340377994653,0.00165140176741,0.521512092889,0.000345156557316,-0.0063489019018,-0.0312848438571,0.000392426163348,-0.0249462409325,0.000345156557316,0.531369606783,-8.2576568191,-12.9050540553,130.97612753,11.8655119567,-4.51213414008,-1.66917366349,0.664814533164,-0.624570181009,-154.959949025,0.0897653556217,-0.679596512784,-0.297587065031,-0.664814533164,0.624570181009,154.959949025,-0.0897653556217,0.679596512784,0.297587065031,0,0,0,0,0,0,0,0,0,0,0,0,0,0,0,0,0,0,-7.02072178171e-09,3.73729669434e-09,-1.30768285089e-09,1.33626265608e-09,2.55840104657e-09,-1.85738202596e-09,-8.2576568191,-12.9050540553,130.97612753,11.8655119567,-4.51213414008,-1.66917366349,3.898809542,2.0542287757,-6.65355887758,6.3454355097,-7.08864199305,7.21049631023,2.42738055369,-3.31185050728,5.01908899874,-2.47534183038,1.26462241561,-2.29420687307,0.664814533164,-0.624570181009,-154.959949025,0.0897653556217,-0.679596512784,-0.297587065031,-10.3135936282,-10.4575947432,10.1243522541,6.5454355097,-7.28864199305,7.41049631023,2.62738055369,-3.51185050728,5.02949700898,5.28655527025,-4.14986193854,5.18109641168,-8.92247134524,-12.280483878,285.936076557,11.7757465997,-3.83253762985,-1.3715865966,14.2124031703,12.5118235191,-16.7779111317,-0.2,0.2,-0.2,-0.2,0.2,-0.0104080102427,-7.76189710199,5.41448435143,-7.47530328638,0,0,0,0,0,0,-9.16215133667,-9.73208236694,10.5171003342,5.52062273026,-7.1929602623,6.82694005966,3.96471714973,-3.05831122398,4.37035608292,4.23451280594,-3.52311611176,5.26098537445
21.082,10540,15.206408,2.54034217055,-0.00973098978085,0.369240621609,0.99994762491,-0.00577853432068,0.00368215512898,-0.00760248061497,0.812172655185,-0.0469978327443,0.0376106433291,-0.0454606244793,-0.179545014511,-0.10696783777,-1.77146129472,-2.13000091572,8.8223333463,-4.309651732,6.20694845136,22.4082834462,-8.7163634089,-10.3434518168,264.001638404,10.7438835477,-2.17556033802,-0.851955423798,0,0,-9.81,2.53653232404,-0.00946520866208,0.342549946105,0.841451980586,-0.0170894462556,-0.000521294384569,-8.7163634089,-10.3434518168,264.001638404,10.7035729627,-2.34750708972,-0.901477015709,0,0,0,-1,0,0,0,2.16408481474,-5.31384070088,7.71365976946,-11.7019419899,3.3151487558,7.75249980894,-12.392797578,0,0,0,0,0,0,2.72254562758,-0.152115625844,0.0420779905528,0,0,0,-53.6174674349,11.6866122414,-160.338775927,7.69989585652,11.60548979,-168.896290653,-4.03916294665,-10.0310546097,183.230338114,-4.03916294665,-10.0310546097,183.230338114,2.66704019645,0.130505435121,0.0112655947004,183.230338114,0,0,-25.6923078217,-1.5334641681,-68.9246123034,5.26209427023,-0.966020771155,-73.3786450031,-4.67720046225,-0.312397207078,80.7713002894,-4.67720046225,-0.312397207078,80.7713002894,2.29059734405,-0.144769037939,0.0169801332677,80.7713002894,0,0,-2.5516116387,4.60101246657,-2.94773442303,-0.229104440128,4.65062969626,-3.83253577737,0,0,0,0,0,0,2.32682168993,0.139419745675,0.0460180634487,0,0,0,15.206408,0,0,0.00614484531552,-0.404622852761,-0.00721847439427,0,15.206408,0,0.404900054118,0.00647595930977,-0.0303508894104,0,0,15.206408,0.00210878883045,0.0332669957567,0.000396842488951,0.00614484531552,0.404900054118,0.00210878883045,0.212048439504,0.00176562684736,-0.0245633473711,-0.404622852761,0.00647595930977,0.0332669957567,0.00176562684736,0.521728330623,0.000393938669425,-0.00721847439427,-0.0303508894104,0.000396842488951,-0.0245633473711,0.000393938669425,0.5313864384,-8.9460391042,-11.411949092,108.901678675,10.8131460044,-2.62244624597,-1.21158356555,-0.229675711409,-1.06849726695,-155.099959713,0.0692624580355,-0.446885898302,-0.359628145819,0.229675711409,1.06849726695,155.099959713,-0.0692624580355,0.446885898302,0.359628145819,0,0,0,0,0,0,0,0,0,0,0,0,0,0,0,0,0,0,1.61075632832e-08,-8.30813817743e-09,-1.53416408466e-08,-1.37140077072e-09,-9.65220303684e-09,4.06792877161e-09,-8.9460391042,-11.411949092,108.901678675,10.8131460044,-2.62244624597,-1.21158356555,3.21295577233,1.86940988489,-5.44116432365,6.01893060595,-6.07654242163,7.51209022267,2.26514502003,-2.60698181741,5.15576188447,-2.03191627214,1.00681522753,-1.81066617245,-0.229675711409,-1.06849726695,-155.099959713,0.0692624580355,-0.446885898302,-0.359628145819,-10.1985888225,-10.2187507094,9.4083824333,6.21893060595,-6.27654242163,7.71209022267,2.46514502003,-2.80698181741,5.35576188447,5.39472832302,-4.13278954235,5.19745236558,-8.7163634089,-10.3434518168,264.001638404,10.7438835477,-2.17556033802,-0.851955423798,13.4115445942,12.0881605958,-14.8495467563,-0.2,0.2,-0.2,-0.2,0.2,-0.2,-7.42664459256,5.13960477572,-7.00811853618,0,0,0,0,0,0,-9.05672550201,-9.51246929169,9.70946598053,5.24695253372,-6.33715391159,7.18516540527,3.83669638634,-2.4424829483,4.75902366638,4.33573913574,-3.50382137299,5.2455072403
21.084,10541,15.206408,2.54195966003,-0.00983318326068,0.369347616453,0.999946451602,-0.00579759982953,0.00383877453164,-0.00766456624336,0.808744743018,-0.0510967399124,0.05349742206,-0.0541322409112,-0.167059702086,-0.0612574647231,-1.7216695488,-2.04859271248,7.96276950552,-3.96758177684,5.20153491631,20.5977800602,-7.6369966927,-8.85168982079,248.101058594,10.3445251425,-1.66773450116,-0.663124647392,0,0,-9.81,2.53821302245,-0.00950218141824,0.342578359685,0.840422309078,-0.0183838753433,0.0146123799108,-7.6369966927,-8.85168982079,248.101058594,10.3128218515,-1.83277666799,-0.7189633042,0,0,0,-1,0,0,0,2.16548654861,-5.05685420622,7.80448926722,-11.6204949754,3.59901384927,7.89863492925,-12.090343098,0,0,0,0,0,0,2.72781051029,-0.150612069153,0.0414471274634,0,0,0,-50.0399896107,9.99359138483,-151.856055398,6.52199134276,9.90434508179,-159.760763542,-3.59951224918,-8.68342756349,171.946938884,-3.59951224918,-8.68342756349,171.946938884,2.66658810703,0.130377487602,0.0108349172466,171.946938884,0,0,-24.4153339417,-1.42673087326,-65.440339914,4.5353910276,-0.854588995504,-69.7085510279,-4.03748444352,-0.168262257302,76.1541197093,-4.03748444352,-0.168262257302,76.1541197093,2.29056319458,-0.144673886553,0.0169030044467,76.1541197093,0,0,-2.52189005709,4.67390274328,-2.93601127813,-0.171294012072,4.73925823397,-3.78623141027,0,0,0,0,0,0,2.33103461282,0.140740291114,0.0470869143649,0,0,0,15.206408,0,0,0.00620690387439,-0.405322886218,-0.00814174790081,0,15.206408,0,0.405614947109,0.00652305394572,-0.0293524226535,0,0,15.206408,0.00298521837876,0.032423542476,0.00039827480993,0.00620690387439,0.405614947109,0.00298521837876,0.212217118587,0.00187445411676,-0.0241561458341,-0.405322886218,0.00652305394572,0.032423542476,0.00187445411676,0.521985684391,0.000440958627516,-0.00814174790081,-0.0293524226535,0.00039827480993,-0.0241561458341,0.000440958627516,0.531412418893,-8.73762052129,-10.3874732367,92.7490773593,10.3763434452,-1.88057789711,-1.08680833987,-1.10062382892,-1.53578341588,-155.351981232,0.0318183025773,-0.212843395384,-0.423683692511,1.10062382892,1.53578341588,155.351981232,-0.0318183025773,0.212843395384,0.423683692511,0,0,0,0,0,0,0,0,0,0,0,0,0,0,0,0,0,0,3.33294281063e-10,-4.26751967098e-11,-1.86830106941e-09,2.02327044008e-10,-5.74251757257e-10,3.69491104379e-11,-8.73762052129,-10.3874732367,92.7490773593,10.3763434452,-1.88057789711,-1.08680833987,2.64751742892,1.58144842863,-4.3563407091,6.0154754397,-5.92080123317,7.46639258594,2.2466934955,-2.49005162054,5.09142035178,-1.69604211077,0.771690958925,-1.39883455089,-1.10062382892,-1.53578341588,-155.351981232,0.0318183025773,-0.212843395384,-0.423683692511,-10.1800803393,-10.0443033695,9.31657407398,6.2154754397,-6.12080123317,7.66639258594,2.4466934955,-2.69005162054,5.29142035178,5.23657643167,-4.05071024766,5.20304245022,-7.6369966927,-8.85168982079,248.101058594,10.3445251425,-1.66773450116,-0.663124647392,12.8275977682,11.6257517983,-13.672914783,-0.2,0.2,-0.2,-0.2,0.2,-0.2,-6.93261854253,4.82240120674,-6.6018770012,0,0,0,0,0,0,-9.04544258118,-9.34805774689,9.541472435,5.30239152908,-6.33577489853,7.19629812241,3.85746192932,-2.41122508049,4.75587892532,4.17211437225,-3.41893839836,5.22641515732
21.086,10542,15.206408,2.54357154115,-0.00994296003874,0.369482103634,0.999945420198,-0.0057836000112,0.00398698203056,-0.00773372936213,0.805940559577,-0.0548883890338,0.0672435905397,-0.0621147375331,-0.15659720827,-0.0191887110821,-1.40864967095,-1.89541410611,6.89351750489,-3.16429826476,4.02757069146,16.2270313627,-7.02357269786,-7.66229297096,232.132971117,9.29336121159,-0.355204961429,-0.274442443361,0,0,-9.81,2.53989182873,-0.0095414062236,0.342632845016,0.839532301988,-0.0194765276223,0.0276752485773,-7.02357269786,-7.66229297096,232.132971117,9.28443522193,-0.501170441428,-0.340797046457,0,0,0,-1,0,0,0,2.16687118338,-5.82340353083,7.28034470384,-10.1327386177,2.16680255946,7.45170495611,-11.3738691526,0,0,0,0,0,0,2.73306653658,-0.148950222305,0.0405432624716,0,0,0,-45.6629904719,7.89818849772,-141.130912072,5.61637551306,7.81569167418,-148.232235739,-3.3070562409,-6.87332363203,158.682414341,-3.3070562409,-6.87332363203,158.682414341,2.66624293346,0.130276620896,0.0105864792172,158.682414341,0,0,-23.5982048587,-0.612387046547,-63.7238284749,4.17920134891,-0.0297886884933,-67.8270594576,-3.71651645696,-0.788969338937,73.4505567762,-3.71651645696,-0.788969338937,73.4505567762,2.29055541121,-0.144599267992,0.0169018741091,73.4505567762,0,0,-3.62171477483,4.43718339215,-2.20839158662,-1.45380744565,4.54249815291,-3.86452612974,0,0,0,0,0,0,2.33518700952,0.142155341604,0.04802835192,0,0,0,15.206408,0,0,0.00627865795605,-0.406108971218,-0.00912267864464,0,15.206408,0,0.406414619861,0.00657525911764,-0.0282864152178,0,0,15.206408,0.00395284116154,0.0315062905946,0.000397189774076,0.00627865795605,0.406414619861,0.00395284116154,0.212422994743,0.00197842877639,-0.0237234701116,-0.406108971218,0.00657525911764,0.0315062905946,0.00197842877639,0.522289647633,0.000488599420326,-0.00912267864464,-0.0282864152178,0.000397189774076,-0.0237234701116,0.000488599420326,0.53144631933,-8.97429813026,-9.70111980075,76.3652694183,9.27648874067,-0.332371985699,-0.766078181467,-1.95072543239,-2.03882682979,-155.767701699,-0.016872470935,0.0228329757374,-0.491635738104,1.95072543239,2.03882682979,155.767701699,0.016872470935,-0.0228329757374,0.491635738104,0,0,0,0,0,0,0,0,0,0,0,0,0,0,0,0,0,0,-6.50501874588e-12,3.96838117922e-12,-3.82556208933e-11,6.65956179091e-12,-7.65321139795e-12,-1.85806925401e-12,-8.97429813026,-9.70111980075,76.3652694183,9.27648874067,-0.332371985699,-0.766078181467,2.17429366783,1.3650692773,-3.52444111162,5.55222262624,-4.79665316981,7.65639896166,2.07232704421,-1.71393625459,5.31763031654,-1.37551517771,0.551614438137,-1.05332847491,-1.95072543239,-2.03882682979,-155.767701699,-0.016872470935,0.0228329757374,-0.491635738104,-10.0656887593,-9.66427514777,8.84692520457,5.75222262624,-4.99665316981,7.85639896166,2.27232704421,-1.91393625459,5.51763031654,5.53088832403,-4.14200126746,5.27308870114,-7.02357269786,-7.66229297096,232.132971117,9.29336121159,-0.355204961429,-0.274442443361,12.2399824271,11.0293444251,-12.3713663162,-0.2,0.2,-0.2,-0.2,0.2,-0.2,-6.90640350174,4.6936157056,-6.32641717605,0,0,0,0,0,0,-8.93661022186,-8.97272491455,9.0106048584,4.90054512024,-5.36425304413,7.43785524368,3.72932720184,-1.71790623665,5.04032850266,4.46185588837,-3.50743317604,5.27806615829
21.088,10543,15.206408,2.54517908144,-0.0100596120591,0.369639550595,0.99994450474,-0.00574180641045,0.00412874195482,-0.00780849462531,0.803770144424,-0.0583260101942,0.0787234807279,-0.0684889881654,-0.148514215567,0.0141012331553,-1.09028992866,-1.71869803962,5.76029136381,-2.48193929834,3.09094906001,13.5935341367,-6.94421635096,-5.87071448714,216.718083617,8.48933415177,1.09314231904,0.0714942182126,0,0,-9.81,2.54156889751,-0.00958256885729,0.342709205127,0.838715767685,-0.0204122776145,0.038642373021,-6.94421635096,-5.87071448714,216.718083617,8.50548200859,0.962068186904,-0.00815467115714,0,0,0,-1,0,0,0,2.16824334793,-6.54466126135,6.87576937379,-8.41924248183,0.597892231077,7.11978487203,-10.4854006948,0,0,0,0,0,0,2.73828402755,-0.147139927822,0.0393714409864,0,0,0,-40.8554680578,5.8185936777,-130.618812557,5.47218655608,5.74404415684,-136.752918168,-3.64011980961,-5.02213058452,145.758916959,-3.64011980961,-5.02213058452,145.758916959,2.66598323275,0.130196997788,0.0104875171044,145.758916959,0,0,-22.9236853953,-0.403408885199,-62.0308672551,3.72944132727,0.188407982054,-66.0268305544,-3.30409654135,-0.848583902618,70.959166659,-3.30409654135,-0.848583902618,70.959166659,2.29056900137,-0.144540800682,0.0169614537716,70.959166659,0,0,-4.63098923656,4.2728136587,-1.13356248644,-2.88018297926,4.41479543908,-3.63346790529,0,0,0,0,0,0,2.3392524803,0.143661015146,0.0488356806886,0,0,0,15.206408,0,0,0.00635874454819,-0.406979955889,-0.0101635850646,0,15.206408,0,0.407298068507,0.00663210145814,-0.0271674109269,0,0,15.206408,0.00500701605814,0.0305318444825,0.000394546138725,0.00635874454819,0.407298068507,0.00500701605814,0.212668762158,0.00207811384361,-0.0232691032137,-0.406979955889,0.00663210145814,0.0305318444825,0.00207811384361,0.522643642802,0.000539085688758,-0.0101635850646,-0.0271674109269,0.000394546138725,-0.0232691032137,0.000539085688758,0.531488788944,-9.68656184339,-8.40922227525,60.4928332073,8.41289821968,1.34653073283,-0.484931428972,-2.74234549243,-2.53850778811,-156.22525041,-0.0764359320871,0.253388413787,-0.556425647185,2.74234549243,2.53850778811,156.22525041,0.0764359320871,-0.253388413787,0.556425647185,0,0,0,0,0,0,0,0,0,0,0,0,0,0,0,0,0,0,-2.93098878501e-14,-8.881784197e-15,-1.13686837722e-13,2.48689957516e-14,-3.81916720471e-14,-1.74860126378e-15,-9.68656184339,-8.40922227525,60.4928332073,8.41289821968,1.34653073283,-0.484931428972,1.76008678838,1.16532812834,-2.85159401857,5.11553427683,-3.55731583378,7.7394553538,1.95697691423,-0.775101280079,5.41892499488,-1.10517342296,0.378003516264,-0.786939221063,-2.74234549243,-2.53850778811,-156.22525041,-0.0764359320871,0.253388413787,-0.556425647185,-9.94378488871,-9.4581668398,8.17267379377,5.31553427683,-3.75731583378,7.9394553538,2.15697691423,-0.975101280079,5.61892499488,5.58485048165,-4.15499894257,5.31079779252,-6.94421635096,-5.87071448714,216.718083617,8.48933415177,1.09314231904,0.0714942182126,11.7038716771,10.6234949681,-11.0242678123,-0.2,0.2,-0.2,-0.2,0.2,-0.2,-6.69002390461,4.53300245883,-6.09773701358,0,0,0,0,0,0,-8.81872844696,-8.76773071289,8.28648471832,4.52857255936,-4.26938486099,7.57466411591,3.66359233856,-0.856899797916,5.20105791092,4.51245975494,-3.51771879196,5.30273771286
21.09,10544,15.206408,2.54678558941,-0.0101819262885,0.369814001282,0.999943643571,-0.00568566101474,0.00426399394448,-0.00788677982386,0.803253984826,-0.0611571146667,0.0872253434267,-0.0734943829487,-0.142344041949,0.0420715258657,-0.259464650091,-1.41520058869,4.26858519005,-1.58925803694,3.22204192048,6.91348543337,-4.80411891972,-5.60402998314,200.457814479,6.2653118676,2.78888761675,0.451308921797,0,0,-9.81,2.5432442379,-0.0096251991251,0.34280338409,0.837897430871,-0.0211143805365,0.0475820378194,-4.80411891972,-5.60402998314,200.457814479,6.31152055944,2.69537997036,0.367888193854,0,0,0,-1,0,0,0,2.16960674731,-8.28161862754,5.14453957799,-4.59390658333,-3.16985056763,5.46308784938,-8.7328226128,0,0,0,0,0,0,2.74343184691,-0.145188494322,0.0379401354031,0,0,0,-35.7799207496,4.74555052969,-116.139116089,4.53260536458,4.6984691879,-121.442978968,-3.1058979241,-4.13646288546,129.322741822,-3.1058979241,-4.13646288546,129.322741822,2.66579194402,0.130133957857,0.0105110103527,129.322741822,0,0,-24.3891898608,0.295784070878,-62.2581500425,2.1084893895,0.939126923641,-66.8256659534,-1.69822099562,-1.46756709769,71.1350726573,-1.69822099562,-1.46756709769,71.1350726573,2.29059989961,-0.144495110828,0.0170690265341,71.1350726573,0,0,-6.39638757339,3.23428462111,0.833457253523,-5.47471992608,3.42458245197,-3.22004638994,0,0,0,0,0,0,2.34320310238,0.14525487623,0.0495078514244,0,0,0,15.206408,0,0,0.00644595454284,-0.407928745022,-0.0112648791731,0,15.206408,0,0.408258320819,0.00669305490636,-0.0260129436544,0,0,15.206408,0.00614397668995,0.0295193372065,0.000391092355384,0.00644595454284,0.408258320819,0.00614397668995,0.212954642083,0.00217376767152,-0.0227967720639,-0.407928745022,0.00669305490636,0.0295193372065,0.00217376767152,0.523049112944,0.000594280550041,-0.0112648791731,-0.0260129436544,0.000391092355384,-0.0227967720639,0.000594280550041,0.531541241406,-8.24120866787,-8.62014445716,43.7676115961,6.12177515594,3.25879506876,-0.16625317465,-3.43708974815,-3.01611447402,-156.690202883,-0.143536711655,0.469907452016,-0.617562096448,3.43708974815,3.01611447402,156.690202883,0.143536711655,-0.469907452016,0.617562096448,0,0,0,0,0,0,0,0,0,0,0,0,0,0,0,0,0,0,5.3290705182e-14,8.79296635503e-14,-1.13686837722e-13,4.08562073062e-14,-5.19584375525e-14,-1.45994327738e-14,-8.24120866787,-8.62014445716,43.7676115961,6.12177515594,3.25879506876,-0.16625317465,1.43555075311,1.06759280372,-2.37140722341,3.72283665263,-0.98434037695,7.93264239479,1.37472353727,0.884015631975,5.45349577705,-0.796871739322,0.247092139683,-0.576884557704,-3.43708974815,-3.01611447402,-156.690202883,-0.143536711655,0.469907452016,-0.617562096448,-9.0504206498,-8.52675627856,7.27640836324,3.92283665263,-1.18434037695,8.13264239479,1.57472353727,0.684015631975,5.65349577705,6.12728033246,-3.80193099761,5.8061171698,-4.80411891972,-5.60402998314,200.457814479,6.2653118676,2.78888761675,0.451308921797,10.4859714029,9.59434908228,-9.64781558665,-0.2,0.2,-0.2,-0.2,0.2,-0.2,-6.92415207178,4.04902313729,-6.3830017275,0,0,0,0,0,0,-7.92843484879,-7.83517169952,7.34967184067,3.2029311657,-1.82701802254,7.82464551926,3.13202214241,0.73358976841,5.29553699493,5.05224227905,-3.16198921204,5.78905582428
21.092,10545,15.206408,2.54839652707,-0.0103093041007,0.369994781751,0.999942822269,-0.00561771704609,0.00439325059816,-0.00796823680406,0.805468831308,-0.0636889061226,0.0903902343,-0.0767113574762,-0.135982099214,0.0565593182755,1.10651921653,-1.26405148088,1.60124636553,-1.4189284821,2.89162861371,6.1445552423,16.4283656551,-21.4051065532,158.933225685,-2.29973830245,-3.78778558568,0.168316977009,0,0,-9.81,2.54491838792,-0.00966924024885,0.342911080923,0.837335183201,-0.0217955980221,0.0543602433016,16.4283656551,-21.4051065532,158.933225685,-2.35747799901,-3.74878240091,0.231029224141,0,0,0,-1,0,0,0,2.17096616144,-6.20415593896,-1.30159910926,-1.14142212659,-3.93567368363,-1.05417484875,-4.98876173729,0,0,0,0,0,0,2.74843500576,-0.143129499487,0.0362661896515,0,0,0,-37.4184054589,14.3822253613,-84.0086536474,-8.0331801921,14.5449836784,-91.5879404009,8.94269161504,-14.0325914169,98.8332214144,8.94269161504,-14.0325914169,98.8332214144,2.66565528303,0.130083913203,0.0106359359404,98.8332214144,0,0,-28.6860256619,6.33076638752,-48.8349637913,-7.34290818346,7.03105041371,-56.0755418103,7.48567404003,-7.37251513628,60.1000042704,7.48567404003,-7.37251513628,60.1000042704,2.29064467832,-0.144459421183,0.0172131774084,60.1000042704,0,0,-7.31759878022,-3.27575849291,-5.59686125092,-2.24870755556,-2.90737854638,-9.06052789807,0,0,0,0,0,0,2.34698935295,0.146917250598,0.0500449983292,0,0,0,15.206408,0,0,0.00653816705988,-0.408930269669,-0.0124195194726,0,15.206408,0,0.409270593317,0.00675747518315,-0.0248652946025,0,0,15.206408,0.00734564284095,0.0285106472498,0.000388123509321,0.00653816705988,0.409270593317,0.00734564284095,0.213275975865,0.00226552500597,-0.0223175837609,-0.408930269669,0.00675747518315,0.0285106472498,0.00226552500597,0.523502289079,0.000654937503926,-0.0124195194726,-0.0248652946025,0.000388123509321,-0.0223175837609,0.000654937503926,0.531606473258,12.4922560676,-24.7862264377,1.94636560285,-2.51293132403,-3.14100743836,-0.49512931288,-3.93610962804,-3.38111982957,-156.986859948,-0.213192982175,0.646778151221,-0.663446278183,3.93610962804,3.38111982957,156.986859948,0.213192982175,-0.646778151221,0.663446278183,0,0,0,0,0,0,0,0,0,0,0,0,0,0,0,0,0,0,4.0550734326e-08,-5.49341976352e-08,-1.3417721334e-07,-3.94010726268e-08,-3.89889542873e-09,-1.17050188431e-08,12.4922560676,-24.7862264377,1.94636560285,-2.51293132403,-3.14100743836,-0.49512931288,1.13205548916,1.24161579613,-2.16448125476,-0.576387320288,0.350800848531,6.88704216714,-3.54850007368,-1.88252035782,6.38072230286,-0.475225179116,0.417236598233,-0.610223718046,-3.93610962804,-3.38111982957,-156.986859948,-0.213192982175,0.646778151221,-0.663446278183,-2.84158939127,-1.94806222164,7.61064068537,-0.376387320288,0.150800848531,7.08704216714,-3.34850007368,-2.08252035782,6.58072230286,7.73557740635,0.2865683017,6.68785553605,16.4283656551,-21.4051065532,158.933225685,-2.29973830245,-3.78778558568,0.168316977009,3.97364491361,3.18967804712,-9.77512193658,-0.2,0.2,-0.2,-0.2,0.2,-0.2,-8.2108025854,0.130668296687,-7.29807925412,0,0,0,0,0,0,-1.72110283375,-1.2530630827,7.64955663681,-1.03094029427,-0.593449771404,6.84944486618,-1.74895167351,-2.08345365524,6.28432035446,6.65920162201,0.929715335369,6.6648106575
21.094,10546,15.206408,2.55001187214,-0.0104415581073,0.37018031922,0.999942031302,-0.00553971824258,0.00451781586979,-0.00805201205376,0.807672532929,-0.0661270033106,0.0927687345605,-0.0796336071505,-0.130108297953,0.0684828375428,1.10050430282,-1.21756144221,1.20922525853,-1.01050980265,2.25046382632,5.26446874229,17.0659101506,-20.7459069005,151.473389877,-2.51692479313,-3.60474333424,0.265326542172,0,0,-9.81,2.54659692411,-0.00971887921597,0.34302135085,0.839556535661,-0.024586034628,0.055655712567,17.0659101506,-20.7459069005,151.473389877,-2.57141879281,-3.56086290157,0.327938839,0,0,0,-1,0,0,0,2.17232311,-6.01895348743,-1.25539618532,-1.11573180939,-3.79373920097,-0.982137789635,-4.86740448017,0,0,0,0,0,0,2.75328653694,-0.141094102635,0.0344124400562,0,0,0,-35.8893194978,13.5831946872,-80.0012230455,-8.42272368617,13.7715658981,-87.2476006496,9.22576238358,-13.3828955103,93.429281051,9.22576238358,-13.3828955103,93.429281051,2.6655602305,0.130045578025,0.0108500948304,93.429281051,0,0,-28.0919644036,6.37981170346,-47.360758727,-7.66440766202,7.08332001248,-54.4424959146,7.84014776706,-7.36301139021,58.0441088263,7.84014776706,-7.36301139021,58.0441088263,2.29069798122,-0.14443018479,0.0173887290901,58.0441088263,0,0,-7.19626127203,-3.21001740894,-5.58441012442,-2.12059439423,-2.79818425186,-8.99718115893,0,0,0,0,0,0,2.35066529362,0.148520078695,0.0503485623505,0,0,0,15.206408,0,0,0.0066345986228,-0.409989523783,-0.0135567745205,0,15.206408,0,0.410339060115,0.00682538924241,-0.0237222480284,0,0,15.206408,0.00853931966436,0.0275029248511,0.000385216331156,0.0066345986228,0.410339060115,0.00853931966436,0.213633506192,0.00234697145825,-0.0218541458237,-0.409989523783,0.00682538924241,0.0275029248511,0.00234697145825,0.523992281485,0.00072042569188,-0.0135567745205,-0.0237222480284,0.000385216331156,-0.0218541458237,0.00072042569188,0.531672552527,12.7017499188,-24.2555864556,-5.65073861958,-2.78643621107,-2.82468286818,-0.3573075375,-4.36416024088,-3.50967952794,-157.124128479,-0.269511409141,0.78006047281,-0.622634075768,4.36416024088,3.50967952794,157.124128479,0.269511409141,-0.78006047281,0.622634075768,0,0,0,0,0,0,0,0,0,0,0,0,0,0,0,0,0,0,9.03099817151e-09,-2.71536180207e-08,-1.76451635525e-08,-8.79921335795e-09,-6.75641453896e-09,-3.90364501834e-09,12.7017499188,-24.2555864556,-5.65073861958,-2.78643621107,-2.82468286818,-0.3573075375,0.872073917942,0.922727882165,-1.66521949902,-0.590365440648,0.427951815663,6.81094680052,-3.5783571826,-1.8094776157,6.30466124062,-0.351644280311,0.260968635056,-0.432381234461,-4.36416024088,-3.50967952794,-157.124128479,-0.269511409141,0.78006047281,-0.622634075768,-2.84124775251,-1.95486536579,7.64419075525,-0.390365440648,0.227951815663,7.01094680052,-3.3783571826,-2.0094776157,6.50466124062,7.73687323196,0.280974932339,6.69619304853,17.0659101506,-20.7459069005,151.473389877,-2.51692479313,-3.60474333424,0.265326542172,3.71332168027,2.87759325193,-9.30941025238,-0.2,0.2,-0.2,-0.2,0.2,-0.2,-8.08851751284,-0.0200062963773,-7.12857428402,0,0,0,0,0,0,-1.72110283375,-1.2530630827,7.64955663681,-1.03094029427,-0.593449771404,6.84944486618,-1.74895167351,-2.08345365524,6.28432035446,6.65920162201,0.929715335369,6.6648106575
21.096,10547,15.206408,2.55163329099,-0.0105780330013,0.370367465443,0.999941267277,-0.0054533842109,0.00463813770525,-0.00813696973326,0.81070942752,-0.0682374469621,0.0935731115535,-0.0817367665929,-0.125520192504,0.0786321859488,1.51926729326,-1.05388311552,0.420171262317,-0.462526024874,2.05272963763,4.448820219,17.5331909982,-20.278009701,143.375115129,-3.51082886913,-2.49492235771,0.40256332582,0,0,-9.81,2.54828000619,-0.00977394664771,0.343132239604,0.841853385774,-0.0272939019473,0.0559783545032,17.5331909982,-20.278009701,143.375115129,-3.54660826524,-2.43330415384,0.461751944702,0,0,0,-1,0,0,0,2.17367987382,-6.29840982986,-2.04660311456,1.32049977427,-5.620891816,-1.79147281073,-3.2861026625,0,0,0,0,0,0,2.75798988465,-0.139080003431,0.0323803903369,0,0,0,-33.3337029293,12.8797707296,-73.0834463008,-8.66608493093,13.0903197634,-79.8232852537,9.36517191841,-12.786961212,85.1871374856,9.36517191841,-12.786961212,85.1871374856,2.66549880246,0.13001640437,0.011134140178,85.1871374856,0,0,-28.3105986487,6.53205401431,-47.9045433182,-7.95081336196,7.26097358544,-54.9824137838,8.16801907974,-7.49104848896,58.1879776439,8.16801907974,-7.49104848896,58.1879776439,2.29075829641,-0.144406001513,0.0175880048597,58.1879776439,0,0,-8.36758430523,-3.52969134943,-4.17646223791,-3.89408031085,-3.05782912227,-8.6835387109,0,0,0,0,0,0,2.35423428986,0.150065930347,0.050419056291,0,0,0,15.206408,0,0,0.00673467398729,-0.411112345713,-0.0146777641548,0,15.206408,0,0.411469604843,0.00689636114242,-0.0225798983945,0,0,15.206408,0.00972484089996,0.0264933989217,0.000382478948558,0.00673467398729,0.411469604843,0.00972484089996,0.214030028189,0.00241866326969,-0.0214052244739,-0.411112345713,0.00689636114242,0.0264933989217,0.00241866326969,0.524521262755,0.000791972865131,-0.0146777641548,-0.0225798983945,0.000382478948558,-0.0214052244739,0.000791972865131,0.531738537572,12.8076835841,-23.8837500797,-13.9514487892,-3.83128825611,-1.5991030523,-0.179478422609,-4.72550741527,-3.60574035845,-157.326563892,-0.320459371729,0.895819299724,-0.58204174844,4.72550741527,3.60574035845,157.326563892,0.320459371729,-0.895819299724,0.58204174844,0,0,0,0,0,0,0,0,0,0,0,0,0,0,0,0,0,0,1.25518795357e-09,-2.03196108828e-08,-2.64973323283e-08,-1.52518087049e-08,5.68935742962e-09,1.07517328374e-11,12.8076835841,-23.8837500797,-13.9514487892,-3.83128825611,-1.5991030523,-0.179478422609,0.642497577394,0.714799394101,-1.31030384335,-1.33511354228,1.86506591305,6.38823402824,-3.7724218523,-0.661018923704,6.38825219123,-0.209947797415,0.138684540534,-0.303824932887,-4.72550741527,-3.60574035845,-157.326563892,-0.320459371729,0.895819299724,-0.58204174844,-2.52219513166,-1.67888332819,7.30896217268,-1.13511354281,1.66506591408,6.58823402794,-3.57242185244,-0.861018922878,6.58825219129,7.97970411786,0.184912445076,6.85113796558,17.5331909982,-20.278009701,143.375115129,-3.51082886913,-2.49492235771,0.40256332582,3.16469271838,2.39368272769,-8.61926601761,-0.2,0.2,-0.2,-0.2,0.2,-0.2,-8.18965191255,-0.0462279053391,-7.15496289717,0,0,0,0,0,0,-1.40217256546,-0.970781624317,7.28888034821,-1.76711273193,0.776463389397,6.50280666351,-1.91384351254,-1.00218462944,6.44241046906,6.9010643959,0.838679671288,6.81445121765
21.098,10548,15.206408,2.55326425898,-0.0107173951392,0.370551255148,0.999940526023,-0.00536123119785,0.00475351791123,-0.00822226763702,0.815483993055,-0.0696810689704,0.0918948527462,-0.0827404832118,-0.121361209506,0.0870331516673,2.39335231888,-0.719711177051,-0.829049376798,-0.0791639044212,2.45574297025,3.2936428293,18.1053165294,-20.2703311919,136.311874904,-5.39780896683,-0.4279480509,0.481235301557,0,0,-9.81,2.54996773471,-0.00983433255579,0.343241602688,0.844188950119,-0.0299533943043,0.0552217796367,18.1053165294,-20.2703311919,136.311874904,-5.39929777247,-0.334542321688,0.535475108043,0,0,0,-1,0,0,0,2.17503944887,-6.50733257011,-3.79769122817,6.72852337096,-9.39639248688,-3.67412297555,0.499490930025,0,0,0,0,0,0,2.76251409284,-0.137102631042,0.0301942134907,0,0,0,-30.3278187974,12.6246540379,-63.9318760638,-9.05645098062,12.8557145986,-70.1366848191,9.656045101,-12.5986905803,74.8718444865,9.656045101,-12.5986905803,74.8718444865,2.66546448963,0.129994497913,0.0114732109106,74.8718444865,0,0,-29.6332363814,6.69980853764,-51.3518819371,-8.17928283233,7.48802402119,-58.6264508559,8.44927142841,-7.67164061159,61.4400304175,8.44927142841,-7.67164061159,61.4400304175,2.29082453304,-0.144385783063,0.017803902876,61.4400304175,0,0,-9.15148437948,-4.63270700252,-0.490531228463,-6.8395525147,-4.18925353643,-6.41271686661,0,0,0,0,0,0,2.35766155202,0.151550172153,0.0502566219564,0,0,0,15.206408,0,0,0.00683715538846,-0.412283589284,-0.0157753536182,0,15.206408,0,0.412647247443,0.00696965927008,-0.0214618072356,0,0,15.206408,0.0108935991185,0.0255057274806,0.000380212194515,0.00683715538846,0.412647247443,0.0108935991185,0.214461935399,0.00248149681968,-0.0209768289077,-0.412283589284,0.00696965927008,0.0255057274806,0.00248149681968,0.525086477222,0.000869925836328,-0.0157753536182,-0.0214618072356,0.000380212194515,-0.0209768289077,0.000869925836328,0.531806545927,13.1934358607,-23.8725439189,-21.1098893899,-5.76038284685,0.539162195833,-0.0509606304904,-4.91188066869,-3.60221272698,-157.421764294,-0.362573880015,0.967110246733,-0.532195932047,4.91188066869,3.60221272698,157.421764294,0.362573880015,-0.967110246733,0.532195932047,0,0,0,0,0,0,0,0,0,0,0,0,0,0,0,0,0,0,-3.5527136788e-15,-3.5527136788e-15,-2.84217094304e-14,0,-5.55111512313e-16,-2.10942374679e-15,13.1934358607,-23.8725439189,-21.1098893899,-5.76038284685,0.539162195833,-0.0509606304904,0.435359900031,0.603048020898,-1.07391449921,-2.96409688451,4.81707226582,5.13412294551,-4.16452584438,1.65659550134,5.51456862299,-0.0380537413918,0.0441970266667,-0.217911851331,-4.91188066869,-3.60221272698,-157.421764294,-0.362573880015,0.967110246733,-0.532195932047,-1.83317391234,-1.06752973901,6.75851235411,-2.76409688451,4.61707226582,5.33412294551,-3.96452584438,1.45659550134,5.71456862299,8.51829910652,-0.0773971712235,7.22742344144,18.1053165294,-20.2703311919,136.311874904,-5.39780896683,-0.4279480509,0.481235301557,2.26853381237,1.67057775991,-7.83242685332,-0.2,0.2,-0.2,-0.2,0.2,-0.2,-8.55635284791,0.12159419789,-7.44533529277,0,0,0,0,0,0,-0.713118910789,-0.353069335222,6.71852254868,-3.39543700218,3.68999433517,5.32837438583,-2.28547906876,1.26392841339,5.6452999115,7.43882226944,0.581356167793,7.18749094009
21.1,10549,15.206408,2.55490648984,-0.0108588088831,0.370728636605,0.999939803339,-0.00526497871867,0.00486402022703,-0.00830728624412,0.821115429676,-0.0707068719654,0.0886907284306,-0.0829591778748,-0.116477977078,0.092906982095,2.82461653059,-0.510535210233,-1.5965023564,0.205160959867,2.4578856136,2.46992091839,17.6034314235,-19.4986015443,130.839276656,-6.19279699862,1.05247444726,0.521611472995,0,0,-9.81,2.55166021715,-0.00990006075479,0.343347538796,0.846556629525,-0.032637472792,0.0534927144932,17.6034314235,-19.4986015443,130.839276656,-6.16942234735,1.15997074659,0.568516863532,0,0,0,-1,0,0,0,2.17640560755,-6.62674351344,-4.55861634494,9.61270256989,-11.414024455,-4.52946050829,2.51053709676,0,0,0,0,0,0,2.7667996492,-0.135199068577,0.0279167757199,0,0,0,-27.9500913885,11.9814051135,-58.4216143606,-8.83651758674,12.2241078987,-64.1118853618,9.39318997403,-12.0146638585,68.248196181,9.39318997403,-12.0146638585,68.248196181,2.66545191761,0.129978584874,0.0118558744567,68.248196181,0,0,-29.6284135986,6.51684409321,-52.9334724709,-7.90592474951,7.33242987366,-60.0499499012,8.2102414495,-7.48393768586,62.5910804748,8.2102414495,-7.48393768586,62.5910804748,2.29089600752,-0.144368707484,0.0180295049224,62.5910804748,0,0,-9.41915318956,-4.99326068889,1.7758531652,-8.48754907078,-4.57991031285,-4.87777468497,0,0,0,0,0,0,2.36089979406,0.152950405093,0.0498981059442,0,0,0,15.206408,0,0,0.00694036171466,-0.41345686676,-0.0168304134793,0,15.206408,0,0.413825911089,0.00704456545975,-0.0204201902857,0,0,15.206408,0.0120241481547,0.024590753194,0.000378866014043,0.00694036171466,0.413825911089,0.0120241481547,0.214912263601,0.00253613558591,-0.02058121661,-0.41345686676,0.00704456545975,0.024590753194,0.00253613558591,0.525673626368,0.000952015603854,-0.0168304134793,-0.0204201902857,0.000378866014043,-0.02058121661,0.000952015603854,0.5318807663,12.8318853976,-22.9071172737,-26.3430806835,-6.57595367301,2.01000045661,0.0511722295765,-4.77154606839,-3.40851568603,-157.182357232,-0.383156643021,0.957526015216,-0.470439232478,4.77154606839,3.40851568603,157.182357232,0.383156643021,-0.957526015216,0.470439232478,0,0,0,0,0,0,0,0,0,0,0,0,0,0,0,0,0,0,4.24502779595e-08,-4.33151825519e-08,-1.07580319764e-07,-3.13711883138e-08,-5.86827875182e-09,-1.09398198278e-08,12.8318853976,-22.9071172737,-26.3430806835,-6.57595367301,2.01000045661,0.0511722295765,0.261449836603,0.440011823915,-0.834480831297,-3.69837404594,6.38101714492,4.28634322535,-4.19676335867,3.0142170715,4.8808585823,0.0728332099207,-0.0338786584164,-0.146683567205,-4.77154606839,-3.40851568603,-157.182357232,-0.383156643021,0.957526015216,-0.470439232478,-1.60460509047,-0.957301051561,6.38311539086,-3.49837404594,6.18101714492,4.48634322535,-3.99676335867,2.8142170715,5.0808585823,8.683936952,-0.405873410449,7.28648281163,17.6034314235,-19.4986015443,130.839276656,-6.19279699862,1.05247444726,0.521611472995,1.86605495348,1.39731290213,-7.21759621799,-0.2,0.2,-0.2,-0.2,0.2,-0.2,-8.61110374212,0.371994752066,-7.43316637881,0,0,0,0,0,0,-0.484204888344,-0.235769316554,6.32654094696,-4.14046573639,5.2680606842,4.56275653839,-2.32417416573,2.60476613045,5.08166980743,7.6036400795,0.258355796337,7.2444896698
21.102,10550,15.206408,2.55655995871,-0.0110020468654,0.370898868264,0.999939097218,-0.00516556085366,0.00497018580995,-0.00839142947244,0.826734437448,-0.0716189911217,0.0851158293789,-0.0825963489281,-0.11164051465,0.0970475454198,2.81814357396,-0.4539395327,-1.78137814962,0.492558190186,2.19527549498,1.98491961902,17.4143059824,-18.6430249481,126.726944249,-6.13435920973,1.40926286395,0.556827144417,0,0,-9.81,2.55335729619,-0.00997094051969,0.343448588199,0.848833238639,-0.0352316729521,0.0510231269701,17.4143059824,-18.6430249481,126.726944249,-6.10441634071,1.51703604877,0.600952550951,0,0,0,-1,0,0,0,2.17778061958,-6.85628210393,-4.50830138197,9.48603278843,-11.4969297658,-4.47377909109,2.26364977548,0,0,0,0,0,0,2.7708171474,-0.133385522767,0.0255835888758,0,0,0,-26.7498012333,11.3105222547,-56.2822363297,-8.67041711756,11.5693707787,-61.6615231142,9.2310759013,-11.4102955572,65.2314519695,9.2310759013,-11.4102955572,65.2314519695,2.66545706337,0.129967499146,0.012271386249,65.2314519695,0,0,-28.9671445127,6.28177905252,-52.2405807888,-7.86493551827,7.10175612164,-59.1214203121,8.18323008107,-7.23272939093,61.4954922796,8.18323008107,-7.23272939093,61.4954922796,2.29097218559,-0.144354176517,0.0182600136006,61.4954922796,0,0,-9.40056258437,-4.80502003987,1.90286860047,-8.55370479953,-4.37523013335,-4.77191773605,0,0,0,0,0,0,2.36392412264,0.154259282911,0.0493697343944,0,0,0,15.206408,0,0,0.00704323286283,-0.414608041651,-0.0178342727679,0,15.206408,0,0.414981757154,0.00712053721209,-0.0194837072194,0,0,15.206408,0.0131062026238,0.0237767262404,0.000378656761475,0.00704323286283,0.414981757154,0.0131062026238,0.215371633947,0.00258362636629,-0.0202245294406,-0.414608041651,0.00712053721209,0.0237767262404,0.00258362636629,0.526274429968,0.00103678069877,-0.0178342727679,-0.0194837072194,0.000378656761475,-0.0202245294406,0.00103678069877,0.531962979076,12.9705508735,-21.7755107181,-30.052906456,-6.52588691092,2.3069963049,0.148544055666,-4.44375510898,-3.13248576982,-156.779850705,-0.39152770114,0.897733440987,-0.408283088713,4.44375510898,3.13248576982,156.779850705,0.39152770114,-0.897733440987,0.408283088713,0,0,0,0,0,0,0,0,0,0,0,0,0,0,0,0,0,0,1.0187406474e-10,-1.06140873868e-10,-6.34230445939e-11,-4.61914950733e-11,-3.45858897077e-11,-3.7551850518e-11,12.9705508735,-21.7755107181,-30.052906456,-6.52588691092,2.3069963049,0.148544055666,0.130433872213,0.227578669068,-0.578202963221,-3.6057888538,6.35765753444,4.22131522392,-4.08584376254,3.09451368437,4.79808058738,0.123069378718,-0.0994674395599,-0.0763062078771,-4.44375510898,-3.13248576982,-156.779850705,-0.39152770114,0.897733440987,-0.408283088713,-1.68372822205,-1.11377835407,6.32032731904,-3.4057888538,6.15765753444,4.42131522392,-3.88584376254,2.89451368437,4.99808058738,8.62758275605,-0.512788882624,7.19474202534,17.4143059824,-18.6430249481,126.726944249,-6.13435920973,1.40926286395,0.556827144417,1.81416209432,1.34135702319,-6.89853028224,-0.2,0.2,-0.2,-0.2,0.2,-0.2,-8.50451337734,0.413321443059,-7.27104823322,0,0,0,0,0,0,-0.562852263451,-0.385189771652,6.25098085403,-4.06373357773,5.29051876068,4.57773113251,-2.23402953148,2.69160938263,5.06341695786,7.54652643204,0.157038390636,7.15177965164
21.104,10551,15.206408,2.55821830256,-0.0111383486956,0.37108462114,0.999937850089,-0.00522266403338,0.00502370007078,-0.00847243635596,0.829171923838,-0.06815091509,0.0928764379814,-0.0816569996291,-0.107333956702,0.10023562528,1.25552218307,1.72593073739,3.84754045433,-0.151953913238,27.1594811279,-77.4302689982,-58.1603095913,-13.2830448661,273.278023415,-24.3553933473,-5.30988260248,-8.46007447487,0,0,-9.81,2.55505891735,-0.0100467465603,0.343543676964,0.851080636028,-0.0377123479584,0.0480197956277,-58.1603095913,-13.2830448661,273.278023415,-24.5244215584,-4.98556365299,-8.16393292244,0,0,0,-1,0,0,0,2.17916545397,-55.0316854563,-26.4750963096,-114.024609574,33.4816648741,-18.1040933607,-123.621392316,-75.3433351178,0.538011900326,158.595453928,-75.3433351178,0.538011900326,158.595453928,2.77456602413,-0.131659764874,0.023191954228,158.595453928,0,0,-22.9313159444,6.65568068768,-46.6199705594,-8.23016144477,6.90723688918,-51.265188115,9.07353366067,-6.70902471991,54.6209681097,9.07353366067,-6.70902471991,54.6209681097,2.66547690368,0.129960173076,0.0127096784725,54.6209681097,0,0,-27.8602735462,6.29527161131,-51.2212731497,-7.51200428957,7.1083667924,-57.7276798676,8.10949186581,-7.1120320465,60.0616013767,8.10949186581,-7.1120320465,60.0616013767,2.29105246048,-0.144341704867,0.0184924514529,60.0616013767,0,0,-10.0431523174,-6.11184117646,3.25242084151,-9.9369078562,-5.67719221041,-4.22197859193,0,0,0,0,0,0,2.36673408627,0.155481488059,0.0486739633132,0,0,0,15.206408,0,0,0.00714530292271,-0.415742138821,-0.0187877135876,0,15.206408,0,0.416119966664,0.0071971539427,-0.0186523532897,0,0,15.206408,0.0141396977138,0.0230640533041,0.000379545378353,0.00714530292271,0.416119966664,0.0141396977138,0.215841925959,0.0026249850004,-0.0199066067321,-0.415742138821,0.0071971539427,0.0230640533041,0.0026249850004,0.52688964722,0.00112410714725,-0.0187877135876,-0.0186523532897,0.000379545378353,-0.0199066067321,0.00112410714725,0.532052001476,-62.2463505992,-16.1524203425,116.851266868,-24.7527174087,-4.48584240801,-8.81313335859,-4.08604100706,-2.86937547642,-156.426756547,-0.397324061349,0.824040194131,-0.353058883616,4.08604100706,2.86937547642,156.426756547,0.397324061349,-0.824040194131,0.353058883616,0,0,0,0,0,0,0,0,0,0,0,0,0,0,0,0,0,0,-8.36983815589e-10,-3.04538616547e-11,-1.04648734123e-10,-3.10862446895e-12,3.38198802297e-10,-1.04034114656e-10,-62.2463505992,-16.1524203425,116.851266868,-24.7527174087,-4.48584240801,-8.81313335859,1.28502875427,-0.0353215018165,0.0581410637741,-15.9324617447,29.6129250659,-6.24897845579,-4.27740059368,4.29147272221,4.10505819437,0.595915181906,-0.232670560838,0.357993691872,-4.08604100706,-2.86937547642,-156.426756547,-0.397324061349,0.824040194131,-0.353058883616,-1.29896561281,-0.727188562819,6.10562646235,-4.3126188463,7.69681733355,3.40278208453,-4.07740059368,4.09147272221,4.30505819437,8.9240783382,-0.679921672929,7.4311219467,-58.1603095913,-13.2830448661,273.278023415,-24.3553933473,-5.30988260248,-8.46007447487,2.58399436708,0.691867061002,-6.04748539858,-11.6198428984,21.916107732,-9.6517605405,-0.2,0.2,-0.2,-8.32816315629,0.44725111209,-7.07312825483,0,0,0,0,0,0,-0.177681282163,0.00776899885386,6.02807760239,-4.98806619644,6.88209915161,3.63702845573,-2.44582009315,3.90213227272,4.43369579315,7.84238529205,-0.00472402386367,7.38843250275
21.106,10552,15.206408,2.55988442618,-0.0112677860859,0.371277983201,0.999936179124,-0.00540417453491,0.00503205207294,-0.00855049878102,0.833061810245,-0.0647186951848,0.0966810305844,-0.0822071170826,-0.0530978043403,-0.0557748405972,1.97875112526,1.71061876332,1.86997925601,0.0745887301038,23.3118784037,-61.5753956654,-43.1288887855,-5.70801436784,238.238845178,-18.2650859166,-0.72263568921,-5.77457028033,0,0,-9.81,2.55674506016,-0.0101261595003,0.343671128046,0.843248411466,-0.0395772312414,0.0640633685848,-43.1288887855,-5.70801436784,238.238845178,-18.3322749045,-0.471875723179,-5.58446576941,0,0,0,-1,0,0,0,2.18056335119,-45.5706715788,-20.6045570114,-82.2020749935,19.3288956973,-13.8103761334,-93.2420630037,-53.7651396944,-0.343689379587,122.06972603,-53.7651396944,-0.343689379587,122.06972603,2.77758392614,-0.130284358669,0.021299245544,122.06972603,0,0,-17.495116987,1.2853986094,-44.6704312394,-3.93710733832,1.47317868546,-47.8069840657,4.76541452306,-1.37161757333,50.7188472348,4.76541452306,-1.37161757333,50.7188472348,2.66550970351,0.129954727518,0.0131659655464,50.7188472348,0,0,-27.4336742602,3.10119410406,-57.4640438373,-5.26996034376,3.95774401931,-63.4105985043,5.87083638586,-3.99270741492,65.4502719133,5.87083638586,-3.99270741492,65.4502719133,2.29113751624,-0.144330694735,0.0187254184445,65.4502719133,0,0,-10.0326307309,-4.01301591776,8.64221096848,-13.3052043923,-3.79539887677,0.110770062927,0,0,0,0,0,0,2.36931358389,0.15658930588,0.0478238926224,0,0,0,15.206408,0,0,0.00723836340483,-0.416616101332,-0.0197086364323,0,15.206408,0,0.417002965825,0.0072772354137,-0.0181753745574,0,0,15.206408,0.0150080119688,0.0226582743145,0.000388081926246,0.00723836340483,0.417002965825,0.0150080119688,0.216251706747,0.00265514788901,-0.0197209714333,-0.416616101332,0.0072772354137,0.0226582743145,0.00265514788901,0.527373050611,0.00123102138009,-0.0197086364323,-0.0181753745574,0.000388081926246,-0.0197209714333,0.00123102138009,0.532111032446,-45.8111679582,-7.65709041464,83.9151739474,-18.7318529305,-0.438086682542,-5.88114147653,-2.68227917215,-1.94907605005,-154.323671218,-0.466767017036,0.284549003567,-0.106571196538,2.68227917215,1.94907605005,154.323671218,0.466767017036,-0.284549003567,0.106571196538,0,0,0,0,0,0,0,0,0,0,0,0,0,0,0,0,0,0,-5.31613864041e-10,3.24324123113e-09,-1.23313270706e-08,3.04593683609e-09,3.10128189795e-09,3.33487903958e-10,-45.8111679582,-7.65709041464,83.9151739474,-18.7318529305,-0.438086682542,-5.88114147653,0.865262085625,-0.142370215946,0.082237936725,-12.6998490913,24.3161644596,-5.72601646645,-2.54741554473,7.05964676685,2.81094996919,0.600473413866,-0.2947039002,0.320386234965,-2.68227917215,-1.94907605005,-154.323671218,-0.466767017036,0.284549003567,-0.106571196538,-3.3214735777,-2.23793219619,4.84556971244,-3.63455089535,9.19239466363,2.51183399369,-2.34741554469,6.85964676691,3.01094996916,8.25265759444,-2.02135402237,7.28548962843,-43.1288887855,-5.70801436784,238.238845178,-18.2650859166,-0.72263568921,-5.77457028033,4.18673566258,2.09556198007,-4.76333177562,-9.06529819737,15.1237697957,-8.23785046178,-0.2,0.2,-0.2,-7.65218418072,1.72665012204,-6.96510339349,0,0,0,0,0,0,-2.18572449684,-1.49614405632,4.77405261993,-4.34512138367,8.72268199921,2.77747941017,-0.741125285625,6.70718002319,3.19513869286,7.18658924103,-1.33990263939,7.25311756134
21.108,10553,15.206408,2.56156480531,-0.0113909229849,0.371467257074,0.99993424727,-0.00566046839427,0.00500638986411,-0.00862532861301,0.840189562983,-0.061568449499,0.0946369365496,-0.0822078953495,-0.0066649872315,-0.179749248819,3.59662421241,1.57385112511,-1.05595237103,0.742272036381,17.540985706,-36.7940809106,-18.7276625145,-4.21802085867,190.318441498,-13.8561340441,3.70665021952,-2.36040801933,0,0,-9.81,2.55841972921,-0.0102071492029,0.34382181653,0.837445647727,-0.0404059701697,0.0755887045109,-18.7276625145,-4.21802085867,190.318441498,-13.8141964985,3.91827655589,-2.26236965338,0,0,0,-1,0,0,0,2.18197568145,-31.3418104671,-17.2257255069,-37.3987476133,0.456209331312,-13.2622865965,-50.0160439551,-28.9399453361,1.87851693349,74.2327117738,-28.9399453361,1.87851693349,74.2327117738,2.78000979131,-0.129190154603,0.0198189712378,74.2327117738,0,0,-15.4904293815,2.33658276236,-38.4845679236,-3.98568415295,2.52271385019,-41.2822628542,4.70145591351,-2.40152997878,43.9218575958,4.70145591351,-2.40152997878,43.9218575958,2.66555447538,0.129949356032,0.0136327965041,43.9218575958,0,0,-29.2541271462,2.71422721143,-64.2496007812,-4.96275239621,3.66415968142,-70.3784569841,5.51082690807,-3.69500781338,72.1638721285,5.51082690807,-3.69500781338,72.1638721285,2.29122749787,-0.144321665267,0.0189541116636,72.1638721285,0,0,-9.79204111726,-4.99548762553,13.8424729883,-16.4012474332,-5.0225761399,4.26917273526,0,0,0,0,0,0,2.37161114708,0.157621729114,0.0468945697176,0,0,0,15.206408,0,0,0.00732290158379,-0.417248537581,-0.0206030925964,0,15.206408,0,0.417649562307,0.0073593018891,-0.0180301732939,0,0,15.206408,0.0157432282277,0.0225431402901,0.000402598829445,0.00732290158379,0.417649562307,0.0157432282277,0.216601016244,0.00268221462342,-0.0196453803116,-0.417248537581,0.0073593018891,0.0225431402901,0.00268221462342,0.527752233703,0.00134916667528,-0.0206030925964,-0.0180301732939,0.000402598829445,-0.0196453803116,0.00134916667528,0.53216116074,-20.4137748887,-5.56065612639,37.42002926,-14.3410858514,3.65459658745,-2.35112902271,-1.68611237416,-1.34263526772,-152.898412238,-0.484951807354,-0.0520536320722,0.00927899662164,1.68611237416,1.34263526772,152.898412238,0.484951807354,0.0520536320722,-0.00927899662164,0,0,0,0,0,0,0,0,0,0,0,0,0,0,0,0,0,0,-3.56337181984e-12,4.60964599824e-13,-7.95807864051e-13,2.32702745961e-13,1.53166368477e-12,-3.04201108747e-13,-20.4137748887,-5.56065612639,37.42002926,-14.3410858514,3.65459658745,-2.35112902271,0.394057342052,-0.110480594586,0.010013928906,-10.0866775093,20.2390894226,-5.52562142543,-2.72742460526,9.77084938487,0.95616184628,0.605037331531,-0.27144080963,0.196318835332,-1.68611237416,-1.34263526772,-152.898412238,-0.484951807354,-0.0520536320722,0.00927899662164,-2.7613685752,-1.7503623482,4.24840657755,-5.37630384305,12.5327745508,-0.106080457723,-2.52742460526,9.57084938487,1.15616184628,8.754661444,-2.66985111611,7.56645718523,-18.7276625145,-4.21802085867,190.318441498,-13.8561340441,3.70665021952,-2.36040801933,3.15542591725,1.63988175361,-4.23839264865,-4.71037366625,7.70631487172,-5.4195409677,-0.2,0.2,-0.2,-8.14962411247,2.39841030648,-7.3701383499,0,0,0,0,0,0,-1.61439454556,-1.00177109241,4.1828327179,-6.11732006073,12.3166513443,0.138140678406,-0.95315939188,9.48899650574,1.38024008274,7.70039081573,-1.98223996162,7.54316091537
21.11,10554,15.206408,2.56326337531,-0.0115086189209,0.371644403825,0.999932175988,-0.00595096730726,0.00495994959853,-0.00869645397607,0.849284998752,-0.0588479679753,0.088573375508,-0.08076553875,0.0281218291373,-0.254232999484,4.57772617158,1.36160314707,-3.0638480835,1.42553545277,10.724799442,-16.5232864986,0.24577275673,-4.42844019143,152.76666386,-10.8526313153,6.3666439519,-0.0254874594942,0,0,-9.81,2.56008937539,-0.0102893033518,0.343983190523,0.834885384978,-0.0410171383534,0.0808638817109,0.24577275673,-4.42844019143,152.76666386,-10.7412694486,6.55282014243,0.00949210824167,0,0,0,-1,0,0,0,2.18340503561,-19.9812015335,-14.2174605617,-5.18563003431,-12.0460448422,-12.5478629627,-18.0476950641,-11.4586712991,3.39932958144,38.4319043974,-11.4586712991,3.39932958144,38.4319043974,2.78195626208,-0.128321619556,0.0186873743213,38.4319043974,0,0,-15.0681743699,3.92809649206,-33.7071975517,-5.08878198965,4.13177309081,-36.5470619431,5.68368586932,-3.98488621407,38.9359497998,5.68368586932,-3.98488621407,38.9359497998,2.66560884328,0.129944752055,0.0141055678978,38.9359497998,0,0,-30.5740924046,2.79865169815,-67.3598341636,-5.52114576832,3.8131434576,-73.7219894103,6.02075818647,-3.8428835588,75.3988096629,6.02075818647,-3.8428835588,75.3988096629,2.29132183295,-0.144314200465,0.0191744282498,75.3988096629,0,0,-9.20390962298,-5.98235632804,15.3530337028,-16.8823511275,-6.12839367645,5.80044781177,0,0,0,0,0,0,2.37358727446,0.158554956453,0.0459621262645,0,0,0,15.206408,0,0,0.00739893223977,-0.417653883097,-0.0214447626494,0,15.206408,0,0.418073234909,0.00744139102385,-0.0182082118408,0,0,15.206408,0.0163600636316,0.0227192223459,0.000421397642559,0.00739893223977,0.418073234909,0.0163600636316,0.216879944297,0.00270874072604,-0.019665548893,-0.417653883097,0.00744139102385,0.0227192223459,0.00270874072604,0.528048303587,0.00146785166279,-0.0214447626494,-0.0182082118408,0.000421397642559,-0.019665548893,0.00146785166279,0.532218670571,-0.701004687101,-5.33503253339,0.89889463765,-11.3062535369,6.11939308027,0.0144856899286,-0.94677739866,-0.906592352336,-151.867768779,-0.453622275197,-0.247250984114,0.0399731511073,0.94677739866,0.906592352336,151.867768779,0.453622275197,0.247250984114,-0.0399731511073,0,0,0,0,0,0,0,0,0,0,0,0,0,0,0,0,0,0,-4.51713617622e-08,1.0379070936e-08,-4.43679169848e-07,5.35528137391e-08,1.12483772519e-07,-1.68450645099e-09,-0.701004687101,-5.33503253339,0.89889463765,-11.3062535369,6.11939308027,0.0144856899286,0.010789538811,-0.112327668339,-0.0349512146398,-7.97913922607,16.8138611543,-5.20282150419,-3.20369534519,10.379663359,0.00175070974493,0.544485518337,-0.271311120534,0.118538940508,-0.94677739866,-0.906592352336,-151.867768779,-0.453622275197,-0.247250984114,0.0399731511073,-2.08566589053,-1.03539962231,4.04588846999,-6.4018585692,14.2063328886,-1.94483105169,-3.00369534519,10.579663359,0.201750709748,9.03746119653,-2.80595687159,7.7873342812,0.24577275673,-4.42844019143,152.76666386,-10.8526313153,6.3666439519,-0.0254874594942,2.09645542936,0.923071953907,-4.08083968468,-1.5772806898,2.60752823952,-3.25799051887,-0.2,-0.2,-0.2,-8.4929756782,2.53464575105,-7.6687953407,0,0,0,0,0,0,-0.931868076324,-0.279133558273,3.98372602463,-7.17272567749,14.1819314957,-1.7567718029,-1.48838734627,10.5988683701,0.441178798676,7.98937225342,-2.1112215519,7.7698135376
21.112,10555,15.206408,2.56498084462,-0.0116216187066,0.371807145473,0.99993001048,-0.00626092668394,0.00489702930167,-0.0087632209885,0.858734655617,-0.0564998928801,0.0813708240483,-0.0778956623604,0.0492611986326,-0.288296765494,4.75141149705,1.17603297747,-3.62905285888,1.91103451246,8.49692072347,-9.21783879015,9.63657447732,-3.95353045716,136.00132109,-8.87461919652,6.60770781635,1.43834748158,0,0,-9.81,2.56175902126,-0.0103726622752,0.344145419215,0.8348527501,-0.0416402751397,0.0812466882516,9.63657447732,-3.95353045716,136.00132109,-8.74389464467,6.77810308034,1.44607642341,0,0,0,-1,0,0,0,2.18485296064,-15.9106439534,-12.9123683437,7.4699218301,-17.1923669923,-12.1624857764,-5.67221617565,-1.97427881603,4.78842574518,22.7721868676,-1.97427881603,4.78842574518,22.7721868676,2.78351542019,-0.127634214511,0.0178497006507,22.7721868676,0,0,-14.7419990685,4.57573629661,-33.3660226665,-5.0476941869,4.78850655555,-36.0991184953,5.65267707413,-4.64798641331,38.2034185311,5.65267707413,-4.64798641331,38.2034185311,2.66567046748,0.129941750709,0.0145800905773,38.2034185311,0,0,-30.0561724575,3.04122003192,-67.1865384442,-5.49995734827,4.06340078888,-73.3477519314,5.95817621922,-4.09396978903,75.0257156914,5.95817621922,-4.09396978903,75.0257156914,2.29141982099,-0.144307897221,0.0193846336374,75.0257156914,0,0,-9.36105631824,-5.95425089673,15.1252803905,-16.8313111892,-6.09843583222,5.60112757208,0,0,0,0,0,0,2.37524307148,0.159367280538,0.0450581287278,0,0,0,15.206408,0,0,0.00746677895867,-0.417860844367,-0.0222122576739,0,15.206408,0,0.418301498248,0.00752207489346,-0.0186819626369,0,0,15.206408,0.0168711570353,0.0231701429359,0.000443405468433,0.00746677895867,0.418301498248,0.0168711570353,0.217087127645,0.00273473466049,-0.0197693501096,-0.417860844367,0.00752207489346,0.0231701429359,0.00273473466049,0.528277936672,0.0015806452114,-0.0222122576739,-0.0186819626369,0.000443405468433,-0.0197693501096,0.0015806452114,0.532289555984,9.18221851718,-4.54679499651,-15.1875642769,-9.27734695203,6.25569477434,1.47215093231,-0.454355960639,-0.593264538965,-151.188885365,-0.402727755568,-0.352013042204,0.0338034507504,0.454355960639,0.593264538965,151.188885365,0.402727755568,0.352013042204,-0.0338034507504,0,0,0,0,0,0,0,0,0,0,0,0,0,0,0,0,0,0,4.95457896932e-10,-3.87632592691e-10,-1.74273395714e-09,5.3423931945e-11,1.94188665148e-10,-2.39739339492e-11,9.18221851718,-4.54679499651,-15.1875642769,-9.27734695203,6.25569477434,1.47215093231,-0.149572357138,-0.230786036958,0.0487352972182,-6.36264813965,13.7931421493,-4.54974523619,-3.20693077891,10.2396989513,0.0254628813217,0.517734231451,-0.25014562612,0.0806050883271,-0.454355960639,-0.593264538965,-151.188885365,-0.402727755568,-0.352013042204,0.0338034507504,-1.93252187243,-1.16485948561,4.03710098882,-6.42787157067,14.0686549438,-1.87155961477,-3.00693077891,10.4396989513,0.225462881322,9.06755814486,-2.90063146922,7.62525199621,9.63657447732,-3.95353045716,136.00132109,-8.87461919652,6.60770781635,1.43834748158,1.78294951529,0.934073448654,-3.98836569161,0.0652234310444,-0.275512794345,-2.67818562156,-0.2,-0.2,-0.2,-8.5498239134,2.6504858431,-7.54464690788,0,0,0,0,0,0,-0.775503516197,-0.400867164135,3.97650051117,-7.22942876816,14.1889724731,-1.75944685936,-1.55807507038,10.5630016327,0.462440639734,8.02130126953,-2.19862723351,7.61147069931
21.114,10556,15.206408,2.56672314672,-0.0117293644756,0.371945883548,0.999927738377,-0.00657785445773,0.00482814639285,-0.00882829867637,0.871151049078,-0.0538728844978,0.0693690371588,-0.0740273665154,0.0659545621478,-0.307678806503,6.24135721327,1.31844916946,-6.04111563953,0.711554137048,3.21938902443,-2.84169787072,15.8348419352,-8.34527544758,115.116574783,-10.3394654776,11.545471288,1.13207201185,0,0,-9.81,2.56343116207,-0.010457089312,0.344304132842,0.836080494752,-0.0421888561073,0.0794645196114,15.8348419352,-8.34527544758,115.116574783,-10.1245416285,11.7387057528,1.08650113945,0,0,0,-1,0,0,0,2.18631936386,-7.59192434127,-10.1886913289,30.2974213813,-25.5179831466,-11.2716900152,17.3540205395,2.22255023969,1.56123448407,3.39978075664,2.22255023969,1.56123448407,3.39978075664,2.78476260439,-0.127092626696,0.0172555537343,3.39978075664,0,0,-13.8664656137,5.82154337367,-25.2794030051,-6.52682616746,6.04136140207,-28.0378306,6.93727810245,-5.83957206875,30.0923767938,6.93727810245,-5.83957206875,30.0923767938,2.66573844367,0.129940448014,0.0150515384032,30.0923767938,0,0,-32.5826703824,2.94489020269,-73.4722970916,-6.20471097705,4.07729591813,-80.0834467737,6.67501359309,-4.0669378629,81.6244172323,6.67501359309,-4.0669378629,81.6244172323,2.29152099141,-0.144302461131,0.0195848359695,81.6244172323,0,0,-8.68319336971,-7.90480482074,20.2780515321,-19.4698261365,-8.36564083463,10.001254118,0,0,0,0,0,0,2.37657954221,0.160059866386,0.0441804947755,0,0,0,15.206408,0,0,0.00752655738624,-0.417901764257,-0.0229067249476,0,15.206408,0,0.418365934736,0.00760086649217,-0.0194204307565,0,0,15.206408,0.0172903114448,0.0238688943635,0.000468402846539,0.00752655738624,0.418365934736,0.0172903114448,0.217229613309,0.00276164592498,-0.0199458996939,-0.417901764257,0.00760086649217,0.0238688943635,0.00276164592498,0.528459407579,0.00168587231123,-0.0229067249476,-0.0194204307565,0.000468402846539,-0.0199458996939,0.00168587231123,0.532378810345,15.679756067,-8.71870495881,-35.6970201428,-10.6918517027,11.1391464571,1.14433211964,-0.155085868219,-0.373429511227,-150.813594925,-0.352386225035,-0.406324830909,0.0122601077858,0.155085868219,0.373429511227,150.813594925,0.352386225035,0.406324830909,-0.0122601077858,0,0,0,0,0,0,0,0,0,0,0,0,0,0,0,0,0,0,-3.5527136788e-14,-1.24344978758e-14,-2.84217094304e-14,0,1.42108547152e-14,-4.66293670343e-15,15.679756067,-8.71870495881,-35.6970201428,-10.6918517027,11.1391464571,1.14433211964,-0.401700474733,-0.0574537278802,-0.123551070016,-7.94002013211,16.9400252527,-6.25251675057,-3.79467954646,12.8674370076,-2.3019059453,0.589818052692,-0.276388618034,0.0329948101025,-0.155085868219,-0.373429511227,-150.813594925,-0.352386225035,-0.406324830909,0.0122601077858,-0.971622283446,0.126583784131,3.58252017574,-8.5154109886,18.0329921883,-5.60868247427,-3.59467954646,13.0674370076,-2.1019059453,9.71775881727,-3.23799625107,8.17505253872,15.8348419352,-8.34527544758,115.116574783,-10.3394654776,11.545471288,1.13207201185,0.569921808713,-0.184037512011,-3.70607124576,0.575390856491,-1.0929669356,-0.643834276298,-0.2,-0.2,-0.2,-9.12794076458,2.96160763303,-8.14205772862,0,0,0,0,0,0,0.18714864552,0.89774107933,3.52495765686,-9.34691905975,18.2612819672,-5.57734584808,-2.20207285881,13.2892494202,-1.87401473522,8.6718006134,-2.52858757973,8.16408443451
21.116,10557,15.206408,2.5684602577,-0.0118285018048,0.372078011931,0.99992848916,-0.00643663022199,0.00479774637976,-0.0088638584961,0.868555490897,-0.0495686645932,0.066064191888,-0.0725157674518,0.0719945413196,-0.314621339594,-1.28892566448,2.17208013811,-1.66136466697,20.0273502084,-21.6362825904,231.292222829,-39.9172390852,11.0780524273,121.895636871,0.99138840268,6.78406574908,9.23111488485,0,0,-9.81,2.56510744967,-0.0105437406778,0.344453858268,0.838144978183,-0.0433158614381,0.0749559346535,-39.9172390852,11.0780524273,121.895636871,1.20073563203,6.88550108941,9.13060730509,0,0,0,-1,0,0,0,2.18780737421,-18.2030738053,-32.5246377376,-32.6548313944,6.39069620515,-29.2865825592,-39.4588019754,-17.8284997852,25.3155730863,48.8271941333,-17.8284997852,25.3155730863,48.8271941333,2.78564035444,-0.126743215662,0.0169715631984,48.8271941333,0,0,4.28254537031,-1.8623938175,-46.2515919482,16.1819929149,-1.97732309681,-43.5344893389,-15.1510752397,2.03080463464,45.0169229196,-15.1510752397,2.03080463464,45.0169229196,2.6658099834,0.129942005967,0.0155191357896,45.0169229196,0,0,-2.40471040698,16.4875751576,-26.099873766,6.57141876594,16.69967956,-25.2341699946,-6.93766406035,-16.2683252936,28.0515198184,-6.93766406035,-16.2683252936,28.0515198184,2.29162511242,-0.144297591398,0.0197727862322,28.0515198184,0,0,5.70400410981,-16.8999974234,4.82390602447,1.25813469989,-17.4591262148,5.91706464566,0,0,0,0,0,0,2.37757244158,0.160586705024,0.0434134079935,0,0,0,15.206408,0,0,0.00757943601365,-0.417714905617,-0.0234904517162,0,15.206408,0,0.418204671455,0.00767963374862,-0.0204805536806,0,0,15.206408,0.017590095074,0.0248801566828,0.000497279539108,0.00757943601365,0.418204671455,0.017590095074,0.217277894657,0.00278896407356,-0.0202077518338,-0.417714905617,0.00767963374862,0.0248801566828,0.00278896407356,0.528568859357,0.00177528266584,-0.0234904517162,-0.0204805536806,0.000497279539108,-0.0202077518338,0.00177528266584,0.53248996369,-39.9371727114,10.929713662,-28.6972487566,0.711106530172,6.37564125192,9.21746599481,-0.0199336262067,-0.148338765312,-150.592885628,-0.280281872508,-0.408424497162,-0.0136488900381,0.0199336262067,0.148338765312,150.592885628,0.280281872508,0.408424497162,0.0136488900381,0,0,0,0,0,0,0,0,0,0,0,0,0,0,0,0,0,0,-2.13162820728e-14,-2.6645352591e-14,2.84217094304e-14,0,1.06581410364e-14,3.5527136788e-15,-39.9371727114,10.929713662,-28.6972487566,0.711106530172,6.37564125192,9.21746599481,-2.33162778175,-1.39159967449,0.587167545004,-4.5957839639,7.92137315813,-3.47007447604,-11.0239466868,0.253327591789,-3.92288404926,-1.38306737392,0.424536852153,-0.986067267881,-0.0199336262067,-0.148338765312,-150.592885628,-0.280281872508,-0.408424497162,-0.0136488900381,-7.53645643178,-10.8993110724,0.200340843858,-10.9947887169,2.92026806887,-0.467355900101,-11.2239466868,0.0533275917894,-3.72288404926,7.14810646856,-3.98846493188,-0.175724161591,-39.9172390852,11.0780524273,121.895636871,0.99138840268,6.78406574908,9.23111488485,5.20482865003,9.50771139794,0.386826701146,6.39900475302,5.00110508926,-3.00271857594,0.2,0.2,-0.2,-8.53117384248,4.41300178403,-0.81034310629,0,0,0,0,0,0,-6.37611110808,-10.1194951251,0.140974235959,-11.8736879275,3.26561811803,-0.564124872444,-9.90017496667,0.388474146554,-3.54737166689,6.10103407248,-3.27139009801,-0.185210947819
21.118,10558,15.206408,2.5701741113,-0.0119159091056,0.372210161339,0.999931424026,-0.00586908891274,0.00485155955912,-0.00889738219904,0.856926801146,-0.0437036503965,0.0660747036167,-0.0324221684064,0.0287898244073,0.142314648081,-5.81371028398,2.95483444675,-0.0196238040435,5.97434096562,-44.4015723781,215.227154251,-90.7367831467,20.9813534751,160.017366084,1.47764290158,15.0573427905,3.6165860824,0,0,-9.81,2.5667732489,-0.0106274962807,0.344596393185,0.832907052002,-0.0418772933318,0.0713533538813,-90.7367831467,20.9813534751,160.017366084,1.77843904758,15.0736907809,3.40700691853,0,0,0,-1,0,0,0,2.18928346082,-31.9330703051,-28.0431105278,-78.1503063059,24.8451903586,-21.225021069,-82.7394851298,-34.3554514743,18.3756278051,89.4455198585,-34.3554514743,18.3756278051,89.4455198585,2.7863468304,-0.1264726904,0.0168141386768,89.4455198585,0,0,31.2459023769,-1.81565822388,-52.4209754812,43.5883640418,-2.41440306727,-42.6823954168,-39.5037920508,2.20502453586,49.4684370014,-39.5037920508,2.20502453586,49.4684370014,2.66589579229,0.129942868681,0.0159738962636,49.4684370014,0,0,17.2501420371,-0.406048398334,-17.3593373151,21.9144536835,-0.656296841847,-10.8813998103,-16.8775396216,0.400701134085,21.1034092238,-16.8775396216,0.400701134085,21.1034092238,2.29173465083,-0.144279748299,0.019973147148,21.1034092238,0,0,13.5458672523,-16.7693009582,6.14906302293,6.72951952016,-17.9032307105,11.6918282342,0,0,0,0,0,0,2.37863645909,0.160764104614,0.0427334193394,0,0,0,15.206408,0,0,0.00760678101351,-0.417559772853,-0.0236043910016,0,15.206408,0,0.418055013609,0.00771441483522,-0.0215927145051,0,0,15.206408,0.0178029423509,0.0259697971705,0.00050535035748,0.00760678101351,0.418055013609,0.0178029423509,0.217276187957,0.00276852985303,-0.0205066354025,-0.417559772853,0.00771441483522,0.0259697971705,0.00276852985303,0.528638430197,0.00181981039855,-0.0236043910016,-0.0215927145051,0.00050535035748,-0.0205066354025,0.00181981039855,0.532556219709,-90.8516775583,20.9742010128,9.53619787502,1.27361961352,14.6857104377,3.60036176888,-0.114894411716,-0.00715246256863,-150.481168208,-0.20402328819,-0.371632352702,-0.016224313701,0.114894411716,0.00715246256863,150.481168208,0.20402328819,0.371632352702,0.016224313701,0,0,0,0,0,0,0,0,0,0,0,0,0,0,0,0,0,0,1.88478566088e-10,2.97418978334e-10,-2.22314611165e-10,1.3204948246e-10,-4.51549908576e-11,1.80014669837e-10,-90.8516775583,20.9742010128,9.53619787502,1.27361961352,14.6857104377,3.60036176888,-1.74773469296,-0.508034396821,-3.724045808,-3.13852512751,5.95149438057,-2.69051434661,-9.94158031225,-1.41907225642,-7.67785641911,-3.17898246392,0.256601754502,-5.74786378775,-0.114894411716,-0.00715246256863,-150.481168208,-0.20402328819,-0.371632352702,-0.016224313701,-7.27071557062,-20.0240666951,-10.2133420706,-4.20247271678,-3.63554330889,3.22816490504,-10.1415803123,-1.61907225642,-7.87785641911,-1.51413180859,-7.61693041796,-8.30537447848,-90.7367831467,20.9813534751,160.017366084,1.47764290158,15.0573427905,3.6165860824,5.52298087766,19.5160322983,6.48929626263,1.06394758908,9.58703768953,-5.91867925164,0.2,0.2,0.2,-1.66485065526,7.87353217247,2.55751069073,0,0,0,0,0,0,-6.16319457857,-19.2522932281,-10.2550714554,-5.15576158024,-3.24144352037,3.05091460771,-8.95487325411,-1.29028563055,-7.75393161973,-2.60860625938,-6.89401922648,-8.33401512648
21.12,10559,15.206408,2.57186315287,-0.0119938995414,0.372345237335,0.999934858015,-0.00508095535834,0.00498215973844,-0.00892422000992,0.84452078596,-0.038995217905,0.0675379984129,-0.0204141544082,-0.0599179098735,0.567560184751,-6.20478179939,2.36787638268,0.710076081218,5.94282236597,-39.6160366749,111.224648294,-91.40517945,17.5299806205,170.80547821,-0.963957194232,12.9784267534,3.31675121938,0,0,-9.81,2.56841521485,-0.0107057477439,0.34474176058,0.821008120663,-0.0391327937237,0.072759778133,-91.40517945,17.5299806205,170.80547821,-0.701039064544,13.0313285188,3.1721655665,0,0,0,-1,0,0,0,2.19070738579,-36.9606896993,-27.7960226867,-89.3439791668,27.8322953548,-19.8987281258,-94.6068815038,-35.0756995126,17.6438242936,100.379010596,-35.0756995126,17.6438242936,100.379010596,2.78691504815,-0.126260316545,0.0167405708147,100.379010596,0,0,31.3953846628,0.307253614362,-52.0805730301,43.4926203635,-0.285635795641,-42.5024829412,-39.5647245698,0.405269523208,49.4585276221,-39.5647245698,0.405269523208,49.4585276221,2.66610989141,0.129936837114,0.0165127155812,49.4585276221,0,0,17.0557535076,1.05109297669,-17.7297824787,21.8275322254,0.809589992754,-11.3689098814,-16.7647553676,-0.519113196287,20.9679399917,-16.7647553676,-0.519113196287,20.9679399917,2.29201449024,-0.144269829643,0.0203247094213,20.9679399917,0,0,11.4307814282,-12.1163819244,4.72736621058,6.03481323735,-13.0499833291,9.64864915857,0,0,0,0,0,0,2.3799173949,0.160575358112,0.0422680384709,0,0,0,15.206408,0,0,0.00763269880883,-0.417383218267,-0.0232666629778,0,15.206408,0,0.417866626743,0.00772474258701,-0.0226470982828,0,0,15.206408,0.0179209894139,0.0270668122348,0.000492092995368,0.00763269880883,0.417866626743,0.0179209894139,0.21719115881,0.00269555413885,-0.0207967245332,-0.417383218267,0.00772474258701,0.0270668122348,0.00269555413885,0.528619357819,0.00181489201174,-0.0232666629778,-0.0226470982828,0.000492092995368,-0.0207967245332,0.00181489201174,0.532557841815,-91.7889676097,17.6377276398,20.4741556241,-1.11125415893,12.7105081832,3.27143169462,-0.383788159749,0.107747019309,-150.331322586,-0.147296964701,-0.267918570191,-0.0453195247607,0.383788159749,-0.107747019309,150.331322586,0.147296964701,0.267918570191,0.0453195247607,0,0,0,0,0,0,0,0,0,0,0,0,0,0,0,0,0,0,-1.94688709598e-12,9.69890834313e-13,-6.53699316899e-13,3.53383988738e-13,8.11795075606e-13,-7.32747196253e-14,-91.7889676097,17.6377276398,20.4741556241,-1.11125415893,12.7105081832,3.27143169462,-0.684141891221,-0.148776167668,-4.10565642468,-2.08917034506,4.38580404697,-1.81424850765,-6.67710137687,-1.60961063909,-6.09334563796,-2.03376504301,-0.0374183951233,-5.05680678778,-0.383788159749,0.107747019309,-150.331322586,-0.147296964701,-0.267918570191,-0.0453195247607,-5.53398562205,-19.757498683,-10.6788205997,-2.2189701694,-5.17086796095,5.50602512525,-6.87710137687,-1.80961063909,-6.29334563796,-0.0360484670239,-7.88205459194,-7.62100479188,-91.40517945,17.5299806205,170.80547821,-0.963957194232,12.9784267534,3.31675121938,4.84984373083,19.6087225154,6.57316417499,0.129799824344,9.55667200792,-7.3202736329,0.2,0.2,0.2,-1.99771657599,7.84463619682,2.5641980041,0,0,0,0,0,0,-4.47738750285,-18.9975509873,-10.7740335238,-3.23197926555,-4.74917300829,5.25991294517,-5.82385518784,-1.50006776201,-6.27068549593,-1.17035921805,-7.16903066188,-7.73608675038
21.122,10560,15.206408,2.57352661948,-0.0120645484035,0.372488806443,0.999937594603,-0.00424552926081,0.00518121622758,-0.00894077062106,0.831733305384,-0.0353244310368,0.0717845536903,-0.00850676028838,-0.139024215066,0.787110477292,-6.39729957336,1.84057248662,2.11519527361,5.74044607337,-34.5699933969,23.6427974489,-91.9590506014,15.119299084,181.606650196,-3.04888939394,10.9765345596,2.97694373128,0,0,-9.81,2.57003316269,-0.0107794006392,0.344892815674,0.809012215553,-0.0368399021552,0.0756024294453,-91.9590506014,15.119299084,181.606650196,-2.82297560773,11.0587729163,2.89423249911,0,0,0,-1,0,0,0,2.19208726547,-42.0422329967,-28.0727073407,-99.9628083261,30.3483544078,-19.1178444082,-106.121038023,-35.6784182446,17.3325151542,111.189413713,-35.6784182446,17.3325151542,111.189413713,2.7873757413,-0.126094139304,0.0167311994707,111.189413713,0,0,29.2328723749,2.08472775876,-53.9734271518,41.7484198971,1.53902126391,-45.0193136916,-39.4420189544,-1.17751976767,49.3284957744,-39.4420189544,-1.17751976767,49.3284957744,2.66645507856,0.12993074843,0.0171384337694,49.3284957744,0,0,14.3235445161,1.55052349273,-20.7328436482,20.1550100907,1.39082555717,-15.1413351082,-16.8386134024,-1.03569630254,21.088740709,-16.8386134024,-1.03569630254,21.088740709,2.29245626471,-0.144255783235,0.0208143296789,21.088740709,0,0,6.89704937714,-7.07000931903,2.91721745124,3.62073398388,-7.62986234381,5.89406189077,0,0,0,0,0,0,2.3813850297,0.160119894047,0.0419729510974,0,0,0,15.206408,0,0,0.00765386534492,-0.417175375184,-0.0226710149394,0,15.206408,0,0.417640248331,0.00771449710966,-0.0236275401415,0,0,15.206408,0.0179662519674,0.0281503795376,0.000465973943831,0.00765386534492,0.417640248331,0.0179662519674,0.217039220474,0.00258836296324,-0.0210719911142,-0.417175375184,0.00771449710966,0.0281503795376,0.00258836296324,0.528520733703,0.00178038942932,-0.0226710149394,-0.0236275401415,0.000465973943831,-0.0210719911142,0.00178038942932,0.532505299216,-92.5427655687,15.3242714535,31.293912855,-3.16518307055,10.7740600302,2.88284300032,-0.58371496727,0.204972369547,-150.312737341,-0.116293676617,-0.202474529401,-0.0941007309599,0.58371496727,-0.204972369547,150.312737341,0.116293676617,0.202474529401,0.0941007309599,0,0,0,0,0,0,0,0,0,0,0,0,0,0,0,0,0,0,-1.38129507832e-11,8.1019635445e-12,-2.44426701101e-12,3.15347747915e-12,5.53335155473e-12,-2.13162820728e-14,-92.5427655687,15.3242714535,31.293912855,-3.16518307055,10.7740600302,2.88284300032,-0.162474103677,-0.453394870724,-2.37462056999,-1.31253452447,3.06441014944,-1.00855400278,-3.46694029458,-1.45111315116,-3.04166360743,-0.946386985932,-0.818871875418,-2.1773378183,-0.58371496727,0.204972369547,-150.312737341,-0.116293676617,-0.202474529401,-0.0941007309599,-4.40950940419,-20.0477490388,-8.96956231443,-0.677931301591,-6.46396027039,7.69660134409,-3.66694029458,-1.65111315116,-3.24166360743,1.25609459037,-8.71788553999,-4.76435643105,-91.9590506014,15.119299084,181.606650196,-3.04888939394,10.9765345596,2.97694373128,4.24703530051,19.5943541681,6.59494174445,-0.634603222882,9.52837041982,-8.70515534688,0.2,0.2,0.2,-2.20248157631,7.89901366457,2.58701861275,0,0,0,0,0,0,-3.38056394109,-19.2944583033,-9.1269928769,-1.72574555883,-6.02443920284,7.40111934599,-2.6910766887,-1.3518564097,-3.30073806874,0.1011586772,-8.01273373432,-4.95368742886
21.124,10561,15.206408,2.57516431263,-0.0121294480948,0.372645033105,0.999939145409,-0.00347709261322,0.00544041189694,-0.00894523471225,0.818846575313,-0.0324498456659,0.0781133311462,0.00297038623659,-0.207963846395,0.833417016098,-6.4480626729,1.4366321966,3.16830491248,5.2929795678,-29.8282702027,-34.0740567061,-91.1125292463,12.4983096974,187.143111666,-4.650926778,9.21333638763,2.70506873613,0,0,-9.81,2.57162693,-0.0108490857521,0.345052404899,0.796926743916,-0.034860736585,0.0798708487447,-91.1125292463,12.4983096974,187.143111666,-4.45736575974,9.31761328171,2.67358511543,0,0,0,-1,0,0,0,2.1932358919,-44.9694298347,-28.0690451536,-106.578793623,31.952027162,-18.445355595,-113.172421476,-35.8324966588,17.0338376876,117.706427577,-35.8324966588,17.0338376876,117.706427577,2.78775369735,-0.125964696305,0.0167701037061,117.706427577,0,0,26.5164252744,4.04092883263,-56.0359253576,39.5230792595,3.55380499005,-47.7992836954,-39.0294493872,-3.13072010875,49.0264547539,-39.0294493872,-3.13072010875,49.0264547539,2.66687990878,0.129929876914,0.0178032030275,49.0264547539,0,0,11.5041189416,1.72010261303,-22.3999221882,17.9627551167,1.63662491722,-17.6556197046,-16.2505832002,-1.40480788147,20.410229335,-16.2505832002,-1.40480788147,20.410229335,2.29299111954,-0.144234970885,0.0213724337249,20.410229335,0,0,3.88413270122,-3.70655731025,1.59948737627,2.0753710519,-4.01474460109,3.31029826249,0,0,0,0,0,0,2.3829598311,0.159508878046,0.0417635414644,0,0,0,15.206408,0,0,0.00766834302833,-0.41696873342,-0.0219848346552,0,15.206408,0,0.417417147333,0.00768946786315,-0.0245301563501,0,0,15.206408,0.0179610828803,0.0292114610968,0.000435511565341,0.00766834302833,0.417417147333,0.0179610828803,0.21685986101,0.00246480093195,-0.0213382186833,-0.41696873342,0.00768946786315,0.0292114610968,0.00246480093195,0.528374651192,0.00173547538273,-0.0219848346552,-0.0245301563501,0.000435511565341,-0.0213382186833,0.00173547538273,0.532411867306,-91.7691756993,12.7751292923,36.8098999941,-4.75244962951,9.0367678893,2.56969923831,-0.656646453007,0.276819594852,-150.333211672,-0.101522851524,-0.176568498337,-0.135369497829,0.656646453007,-0.276819594852,150.333211672,0.101522851524,0.176568498337,0.135369497829,0,0,0,0,0,0,0,0,0,0,0,0,0,0,0,0,0,0,-2.10320649785e-11,3.44275719044e-11,-1.75077730091e-11,1.26032517755e-11,9.15356679343e-12,4.93960428116e-12,-91.7691756993,12.7751292923,36.8098999941,-4.75244962951,9.0367678893,2.56969923831,-0.049880103758,-0.931030102713,-0.263623879219,-0.776473780445,2.08002083784,-0.430137994028,-1.3629744859,-1.3965618069,-0.975771940895,-0.214477322166,-1.46025016701,0.26612998384,-0.656646453007,0.276819594852,-150.333211672,-0.101522851524,-0.176568498337,-0.135369497829,-3.54122650566,-20.359966837,-6.79903696517,0.347681991596,-7.42826011443,9.11599242493,-1.5629744859,-1.5965618069,-0.775771940895,2.06032735813,-9.09186789158,-2.24200210488,-91.1125292463,12.4983096974,187.143111666,-4.650926778,9.21333638763,2.70506873613,3.4913464019,19.4289367343,6.53541308595,-1.12415577206,9.50828095226,-9.54613041897,0.2,0.2,-0.2,-2.2748046803,7.63161772456,2.50813208872,0,0,0,0,0,0,-2.51966897647,-19.6119468912,-6.99216192977,-0.715178136796,-6.97795002766,8.79038547307,-0.62125495183,-1.30744433877,-0.875158479088,0.901928366422,-8.39696318354,-2.45779060009
21.126,10562,15.206408,2.57677615603,-0.012188811323,0.372815684764,0.999939610873,-0.00279376680737,0.005753214146,-0.00893700179436,0.805921700244,-0.0296816140969,0.0853258293516,0.0135437135108,-0.267377142846,0.76552313932,-6.46727121165,1.38197840068,3.61316160147,5.3541619878,-26.4586334401,-43.2112208361,-91.2929133374,13.1748512308,191.187166682,-4.62276273728,8.53020961217,3.04531166042,0,0,-9.81,2.57319672677,-0.0109154896899,0.34522198137,0.784939921657,-0.0332234493683,0.0848641996302,-91.2929133374,13.1748512308,191.187166682,-4.43614892544,8.63239144757,3.03491928541,0,0,0,-1,0,0,0,2.19417858775,-46.422716304,-29.576643652,-110.504716927,32.9397669888,-19.5466927705,-117.362845289,-35.8642296197,18.4409996226,121.396705263,-35.8642296197,18.4409996226,121.396705263,2.78806808349,-0.125864457951,0.0168455029556,121.396705263,0,0,26.261897838,4.42878120872,-57.4757794979,39.4986742474,3.95635346104,-49.3656622555,-39.4759196889,-3.61949295955,49.7222066495,-39.4759196889,-3.61949295955,49.7222066495,2.667324327,0.129935827955,0.0184515383784,49.7222066495,0,0,11.2186352265,1.99971058184,-22.2012812174,17.5901000974,1.92580279673,-17.5963964663,-15.9527640289,-1.64665543227,20.0682547696,-15.9527640289,-1.64665543227,20.0682547696,2.29355847936,-0.144208933557,0.0219387292881,20.0682547696,0,0,2.06034410136,-2.72267518841,1.87043590479,0.476047890456,-2.93079319736,2.51800280219,0,0,0,0,0,0,2.38458957673,0.158816374334,0.041581984086,0,0,0,15.206408,0,0,0.00767545684425,-0.416799131777,-0.0213175811126,0,15.206408,0,0.41723836505,0.00765517237051,-0.0253543842404,0,0,15.206408,0.0179195191147,0.0302439403207,0.000407139346831,0.00767545684425,0.41723836505,0.0179195191147,0.216685653408,0.00233673194156,-0.0216011407463,-0.416799131777,0.00765517237051,0.0302439403207,0.00233673194156,0.528209139232,0.00169318728611,-0.0213175811126,-0.0253543842404,0.000407139346831,-0.0216011407463,0.00169318728611,0.532286551368,-91.9260424054,13.501772398,40.8580295111,-4.71669566902,8.35584930116,2.88639222888,-0.633128853992,0.326921064527,-150.329137124,-0.0939329716315,-0.174360409369,-0.158919427197,0.633128853992,-0.326921064527,150.329137124,0.0939329716315,0.174360409369,0.158919427197,0,0,0,0,0,0,0,0,0,0,0,0,0,0,0,0,0,0,-2.13976349528e-07,1.02728243689e-07,-4.69312908535e-08,3.98824901993e-08,9.83618786421e-08,-4.34149738382e-09,-91.9260424054,13.501772398,40.8580295111,-4.71669566902,8.35584930116,2.88639222888,-0.091030162915,-1.10188558102,0.384929486494,-0.544760850623,1.44392699955,-0.142478420021,-0.786522642773,-0.776859213203,-0.115578144845,-0.0662566557769,-1.50789768705,0.424108819886,-0.633128853992,0.326921064527,-150.329137124,-0.0939329716315,-0.174360409369,-0.158919427197,-3.46496455112,-20.8065282425,-6.24917009079,0.255102747363,-8.12798339492,9.82545879777,-0.986522639783,-0.976859210013,0.0844218595788,2.26466545474,-9.01689411699,-1.83050467246,-91.2929133374,13.1748512308,191.187166682,-4.62276273728,8.53020961217,3.04531166042,3.37393438827,19.7046426624,6.6340995814,-0.799863638297,9.571910319,-9.96793725817,0.2,0.2,-0.2,-2.33092210759,7.50899642078,2.25461349201,0,0,0,0,0,0,-2.43836623174,-20.0653330868,-6.4443569027,-0.80963517752,-7.67134597824,9.4843603886,-0.0544556734071,-0.702097246953,-0.0264392722024,1.11552300137,-8.33621378894,-2.03236574257
21.128,10563,15.206408,2.57836253951,-0.0122424772275,0.373000710194,0.999939175318,-0.00219478665465,0.00610951358642,-0.00891641293657,0.793191738811,-0.026832952242,0.0925127150828,0.0242402834309,-0.320073230597,0.679568218682,-6.36945081747,1.42207852881,3.60010077664,5.16188877079,-21.3897058842,-42.7900135865,-89.7826269508,14.6411255546,191.964022874,-4.15502133984,7.29519028978,3.22159628863,0,0,-9.81,2.57474250225,-0.0109784334275,0.345402607081,0.772926093344,-0.0314960997482,0.0903876711797,-89.7826269508,14.6411255546,191.964022874,-3.98670298778,7.38597543029,3.22742197053,0,0,0,-1,0,0,0,2.19514533692,-47.4522465743,-30.2375071078,-113.194149601,33.4733706065,-19.9155300827,-120.257403792,-35.6669451429,19.0571115805,123.88487512,-35.6669451429,19.0571115805,123.88487512,2.78833302096,-0.125787365365,0.0169481855179,123.88487512,0,0,26.2463913084,3.72135493536,-57.1468237206,39.2555142156,3.25973838897,-49.1615674072,-39.266232684,-3.03351712433,49.4229226999,-39.266232684,-3.03351712433,49.4229226999,2.66777147868,0.12994688989,0.0190677132141,49.4229226999,0,0,10.7626493695,1.65478647527,-20.405209839,16.5529096435,1.58250117364,-16.0761438372,-14.8494491238,-1.38246890154,18.6562250543,-14.8494491238,-1.38246890154,18.6562250543,2.2941550819,-0.144176516609,0.0225080864286,18.6562250543,0,0,1.32815266641,-2.1009266524,2.50968223839,-0.478669840335,-2.29280693301,2.64391731975,0,0,0,0,0,0,2.38623461432,0.158064920696,0.0414074529772,0,0,0,15.206408,0,0,0.00767465787656,-0.416676620413,-0.0206901755529,0,15.206408,0,0.417114525735,0.0076129692546,-0.0261050071042,0,0,15.206408,0.0178476350054,0.0312475148954,0.000382289440503,0.00767465787656,0.417114525735,0.0178476350054,0.216524746675,0.00220832305656,-0.0218609530011,-0.416676620413,0.0076129692546,0.0312475148954,0.00220832305656,0.52803611705,0.00165637431687,-0.0206901755529,-0.0261050071042,0.000382289440503,-0.0218609530011,0.00165637431687,0.532135525355,-90.3672618953,15.0097599169,41.6522182101,-4.24361429483,7.11421665455,3.04678045601,-0.584634935693,0.368634357182,-150.311804661,-0.0885929571375,-0.180973638719,-0.174815832813,0.584634935693,-0.368634357182,150.311804661,0.0885929571375,0.180973638719,0.174815832813,0,0,0,0,0,0,0,0,0,0,0,0,0,0,0,0,0,0,-8.82690187609e-09,5.09185937858e-09,-2.66982169705e-09,2.14948325805e-09,3.48384610049e-09,1.87504234361e-10,-90.3672618953,15.0097599169,41.6522182101,-4.24361429483,7.11421665455,3.04678045601,-0.103178538016,-1.11802278765,0.526459297705,-0.414935969386,0.985363191803,0.0623542757228,-0.448578399421,-0.197633359892,0.0315524168817,-0.0600795617746,-1.39816797018,0.230018165686,-0.584634935693,0.368634357182,-150.311804661,-0.0885929571375,-0.180973638719,-0.174815832813,-3.66960829838,-20.7642158126,-6.12068545338,0.283051689378,-8.60459194143,10.3344370795,-0.648578399421,-0.397633359892,0.231552416882,2.03450695012,-8.39203894261,-2.11182863726,-89.7826269508,14.6411255546,191.964022874,-4.15502133984,7.29519028978,3.22159628863,3.56642976039,19.6461930249,6.64714475109,-0.697987660821,9.58995512972,-10.2720828058,0.2,0.2,-0.2,-2.09458651189,6.99387097272,2.34184680303,0,0,0,0,0,0,-2.63644310337,-20.0306069821,-6.30711782891,-0.780014647718,-8.14407815103,9.98560940502,0.279007002306,-0.135468427575,0.119568042958,0.897099307718,-7.72574254622,-2.29725942199
21.13,10564,15.206408,2.5799238804,-0.0122902769441,0.3731991818,0.999938009868,-0.00167229842983,0.00650043924278,-0.00888392530538,0.780670444429,-0.0238998583048,0.0992358032077,0.0345585284627,-0.362677177758,0.594492723181,-6.26476825238,1.46459690677,3.36642571837,5.00313105248,-16.9768311229,-38.7959913426,-87.9620781446,15.9578729622,190.882973896,-3.55557424855,6.18891021247,3.35900188549,0,0,-9.81,2.57626465309,-0.0110375298152,0.345594485006,0.761110257332,-0.0295744278772,0.0960119683951,-87.9620781446,15.9578729622,190.882973896,-3.40337768552,6.2657416798,3.37418331653,0,0,0,-1,0,0,0,2.19613425945,-47.7104032044,-30.4612271925,-114.590982293,33.7900891604,-19.9891891712,-121.630277274,-35.4400202443,19.3279719719,124.931092063,-35.4400202443,19.3279719719,124.931092063,2.78855949246,-0.125728526558,0.0170708410422,124.931092063,0,0,26.4961021062,2.93855606713,-56.4153435277,39.1749867583,2.48276710613,-48.502843256,-39.0339063554,-2.32881880808,49.0360824644,-39.0339063554,-2.32881880808,49.0360824644,2.66821884196,0.129960768673,0.0196498635293,49.0360824644,0,0,10.5579730274,1.25779094192,-18.0144885421,15.5809852146,1.17650616103,-13.9076728079,-13.4881515448,-1.04128020163,16.9157993689,-13.4881515448,-1.04128020163,16.9157993689,2.29478471008,-0.144139440838,0.0230828123493,16.9157993689,0,0,1.11770848471,-1.702454342,3.17442712205,-1.03476601811,-1.90794444552,3.08441532177,0,0,0,0,0,0,2.38787537994,0.157267687027,0.0412398384817,0,0,0,15.206408,0,0,0.00766571645009,-0.416597540398,-0.0201052171696,0,15.206408,0,0.417041396025,0.0075637062808,-0.0267903438622,0,0,15.206408,0.0177489291282,0.0322221752064,0.000361140815143,0.00766571645009,0.417041396025,0.0177489291282,0.216377455204,0.00208146881067,-0.0221161892715,-0.416597540398,0.0075637062808,0.0322221752064,0.00208146881067,0.527860634598,0.00162492856244,-0.0201052171696,-0.0267903438622,0.000361140815143,-0.0221161892715,0.00162492856244,0.531964636231,-88.4932531052,16.3568539409,40.5985708717,-3.64103475537,5.99712851279,3.1760482674,-0.53117495948,0.398980978034,-150.284403024,-0.0854605070577,-0.191781700172,-0.182953618088,0.53117495948,-0.398980978034,150.284403024,0.0854605070577,0.191781700172,0.182953618088,0,0,0,0,0,0,0,0,0,0,0,0,0,0,0,0,0,0,-1.1457217397e-09,6.35294483686e-10,-4.69185579277e-10,2.36102248863e-10,4.91593432628e-10,-2.85105272724e-12,-88.4932531052,16.3568539409,40.5985708717,-3.64103475537,5.99712851279,3.1760482674,-0.0851024597058,-1.05209629708,0.405337240622,-0.32309014859,0.653352256573,0.192771857378,-0.243896122836,0.261485066313,-0.100243421697,-0.100048208814,-1.29274022038,-0.258439161073,-0.53117495948,0.398980978034,-150.284403024,-0.0854605070577,-0.191781700172,-0.182953618088,-3.87958956781,-20.6279867857,-6.26028848256,0.315018474035,-8.9892548906,10.5730622061,-0.443896122836,0.0614850663126,0.0997565783026,1.69810185907,-7.64378417547,-2.4235576212,-87.9620781446,15.9578729622,190.882973896,-3.55557424855,6.18891021247,3.35900188549,3.79448710817,19.5758904887,6.6656257232,-0.638108622925,9.6426071467,-10.380290349,0.2,0.2,-0.2,-1.79815006788,6.3510439551,2.16511846013,0,0,0,0,0,0,-2.8402992789,-19.9017002195,-6.43528612216,-0.74498374779,-8.52615522757,10.2221921117,0.481848929509,0.314747552987,-0.0126321619328,0.572424654561,-6.99044779337,-2.59625607808
21.132,10565,15.206408,2.58146032659,-0.012332544297,0.373407560968,0.999936386018,-0.00119509755062,0.0069036090209,-0.00883944804899,0.768223097412,-0.0211336764301,0.104189583837,0.0445647782373,-0.396502246848,0.51737180277,-6.23043656163,1.38258265102,2.48241990916,5.4074233119,-5.99175842167,-23.0337417032,-73.4155782045,17.5485371979,172.900202649,-0.62829885484,-3.64436646423,4.76695864665,0,0,-9.81,2.57776365879,-0.011092431209,0.345797329708,0.749534475507,-0.0274782736414,0.101493034668,-73.4155782045,17.5485371979,172.900202649,-0.630703442332,-3.61720234715,4.78728748489,0,0,0,-1,0,0,0,2.19714384517,-47.4227958214,-30.1054909461,-114.672384987,33.7141441993,-19.6117270613,-121.588464378,-34.929185513,19.0960379055,124.651156604,-34.929185513,19.0960379055,124.651156604,2.78875598303,-0.125684039379,0.0172078463484,124.651156604,0,0,26.7842566461,2.0854633412,-55.0274254489,38.9821152086,1.63406762035,-47.1962671177,-38.4863926915,-1.54750070759,48.2490460444,-38.4863926915,-1.54750070759,48.2490460444,2.66867063254,0.129975950497,0.0202026951872,48.2490460444,0,0,11.6830370978,1.14513578026,-4.13650845571,12.4060427693,0.927906582503,-0.38011336293,0,0,0,0,0,0,2.29546086706,-0.144099219229,0.0236713744838,0,0,0,0.95928662941,-1.0084950583,3.43080877866,-1.29917236544,-1.21102068768,3.24858770154,0,0,0,0,0,0,2.38950292955,0.156432598,0.0410865938324,0,0,0,15.206408,0,0,0.0076484290145,-0.416552617857,-0.0195587159807,0,15.206408,0,0.417008821604,0.00750771088328,-0.0274169513641,0,0,15.206408,0.0176261785243,0.0331670662772,0.000343403159279,0.0076484290145,0.417008821604,0.0176261785243,0.216240454719,0.00195713568364,-0.0223643202408,-0.416552617857,0.00750771088328,0.0331670662772,0.00195713568364,0.527683066025,0.00159786002723,-0.0195587159807,-0.0274169513641,0.000343403159279,-0.0223643202408,0.00159786002723,0.531778021569,-73.8978551978,17.9678363205,22.6510006623,-0.712543457086,-3.84790545366,4.58132328815,-0.482276985755,0.419299112763,-150.249201983,-0.0842446062006,-0.203538992857,-0.185635359687,0.482276985755,-0.419299112763,150.249201983,0.0842446062006,0.203538992857,0.185635359687,0,0,0,0,0,0,0,0,0,0,0,0,0,0,0,0,0,0,-7.57792406603e-09,9.80929826255e-09,-2.95796098726e-09,3.95433330524e-09,3.42896688821e-09,1.1883605211e-09,-73.8978551978,17.9678363205,22.6510006623,-0.712543457086,-3.84790545366,4.58132328815,-0.0561978335232,-0.952754669258,0.220176072047,-0.396596116877,0.464334194279,0.297831117268,-0.122267917867,0.578121784686,-0.225791683135,1.27201232657,-6.88257694954,-2.45739347646,-0.482276985755,0.419299112763,-150.249201983,-0.0842446062006,-0.203538992857,-0.185635359687,-4.07033757211,-20.2989586664,-6.41317729485,0.288209696059,-9.16023866016,10.6599194341,-0.322267917867,0.378121784686,-0.0257916831351,1.40548563962,-7.08257694954,-2.65739347646,-73.4155782045,17.5485371979,172.900202649,-0.62829885484,-3.64436646423,4.76695864665,4.01413973858,19.3462039972,6.63335336689,-0.684805816748,9.62457285164,-10.3620883186,0.2,0.2,-0.2,-0.13347331305,0.2,0.2,0,0,0,0,0,0,-3.02593857884,-19.5793202162,-6.57845278446,-0.768352182145,-8.69534943811,10.3107982953,0.60306016463,0.62624531461,-0.141372771784,0.290712396958,-6.44046209296,-2.82542763149
21.134,10566,15.206408,2.58297223389,-0.0123691251017,0.373625336714,0.999934385637,-0.000756726527354,0.00731494301714,-0.00878313122435,0.755953648045,-0.0182904023463,0.108887872853,0.0554178278643,-0.408285617744,0.471676948617,-6.14091477536,1.42152445025,2.35340960121,5.40441103916,-3.97256444666,-19.7608693558,-73.5126957268,18.2111562363,173.333087486,-0.38727265633,-3.44674334486,4.81254720069,0,0,-9.81,2.57924334201,-0.0111427168071,0.346006402264,0.739868124597,-0.0251705085684,0.104600358093,-73.5126957268,18.2111562363,173.333087486,-0.381503747406,-3.42842753057,4.82607189264,0,0,0,-1,0,0,0,2.19828462356,-47.1794479484,-30.1647413331,-115.44246045,34.0183652909,-19.6088783309,-122.15161201,-34.9087958842,19.2169938298,124.991289545,-34.9087958842,19.2169938298,124.991289545,2.78892926594,-0.125650706068,0.017355064858,124.991289545,0,0,27.2445106775,1.49820635536,-54.8099934491,39.2439575639,1.04868320078,-46.9835654724,-38.6038998427,-1.00583759351,48.3417979415,-38.6038998427,-1.00583759351,48.3417979415,2.66913571127,0.129991181937,0.0207351751776,48.3417979415,0,0,10.8724243184,0.788844989579,-3.46955939165,11.4248761721,0.584656114861,-0.0105370829375,0,0,0,0,0,0,2.296406588,-0.144039757736,0.0242290107476,0,0,0,0.781536323493,-0.738043096718,3.84843026074,-1.68332424737,-0.941459730533,3.49942783371,0,0,0,0,0,0,2.39111414484,0.155574204019,0.0409512293075,0,0,0,15.206408,0,0,0.00762214496904,-0.416561443197,-0.019036238635,0,15.206408,0,0.417033099753,0.00744366663125,-0.0279475271986,0,0,15.206408,0.0174919343208,0.0340265529735,0.000326639891561,0.00762214496904,0.417033099753,0.0174919343208,0.216117689334,0.00184408781416,-0.0226003808364,-0.416561443197,0.00744366663125,0.0340265529735,0.00184408781416,0.527482032747,0.00156965073996,-0.019036238635,-0.0279475271986,0.000326639891561,-0.0226003808364,0.00156965073996,0.531548637368,-73.9171782056,18.6323864949,23.1841630303,-0.480134368075,-3.6510107429,4.63604308612,-0.404482478758,0.421230258635,-150.148924456,-0.0928617117457,-0.204267398039,-0.176504114568,0.404482478758,-0.421230258635,150.148924456,0.0928617117457,0.204267398039,0.176504114568,0,0,0,0,0,0,0,0,0,0,0,0,0,0,0,0,0,0,-7.1054273576e-14,3.5527136788e-14,-5.68434188608e-14,1.3211653993e-14,2.62012633812e-14,5.3290705182e-15,-73.9171782056,18.6323864949,23.1841630303,-0.480134368075,-3.6510107429,4.63604308612,-0.036575473302,-0.871770884087,0.0443510372826,-0.333638922914,0.257440504271,0.367673636819,0.0207142333839,0.866809665885,-0.267583478589,0.992488251003,-6.25027149576,-2.39446831521,-0.404482478758,0.421230258635,-150.148924456,-0.0928617117457,-0.204267398039,-0.176504114568,-4.26107996726,-20.3253915711,-6.66088331453,0.309778184199,-9.51858935132,10.6979756303,-0.179285766616,0.666809665885,-0.0675834785889,1.08140486881,-6.45027149576,-2.59446831521,-73.5126957268,18.2111562363,173.333087486,-0.38727265633,-3.44674334486,4.81254720069,4.22450449396,19.453620687,6.70523435181,-0.643417107113,9.77602985559,-10.3303019934,0.2,0.2,-0.2,-0.0889166178099,0.2,0.2,0,0,0,0,0,0,-3.21512418706,-19.6111372066,-6.81853033609,-0.74559526067,-9.0513591398,10.3536438378,0.745995716074,0.913268982135,-0.1887623432,-0.0166970286624,-5.84119003076,-2.76828084582
21.136,10567,15.206408,2.58446046749,-0.0124001137131,0.373851540207,0.999932102731,-0.00035330760167,0.00772844311914,-0.00871414182956,0.744116799771,-0.0154943057293,0.113101746349,0.0662668858411,-0.416064686482,0.432480386074,-5.92351588978,1.39801529227,2.11032435951,5.87175980357,-0.977587231229,-17.7911915133,-73.1312791149,18.1425683952,172.333036493,-0.335600120206,-3.1649716511,4.7148595382,0,0,-9.81,2.5807036792,-0.0111882111607,0.34622181985,0.730190985664,-0.0227744289448,0.107767947789,-73.1312791149,18.1425683952,172.333036493,-0.322034456852,-3.15205173591,4.72445098616,0,0,0,-1,0,0,0,2.19954391463,-46.4307701986,-29.6607359442,-115.120317434,34.0476795096,-19.1537556972,-121.499598052,-34.6667888039,18.8572914238,124.190784744,-34.6667888039,18.8572914238,124.190784744,2.78908452571,-0.125626107315,0.0175087765844,124.190784744,0,0,27.4144620035,1.18479505941,-54.359087156,39.1811351966,0.741985649641,-46.6063828752,-38.464490311,-0.714723028571,48.1422517486,-38.464490311,-0.714723028571,48.1422517486,2.66961888539,0.130005528581,0.0212526079338,48.1422517486,0,0,8.6952910781,0.424930390704,-2.33686359501,9.00116296749,0.258610493861,0.402206509948,0,0,0,0,0,0,2.29760262088,-0.143968138129,0.0247610229842,0,0,0,0.61347828039,-0.373867939523,3.86592441307,-1.81937766309,-0.561502395448,3.44036108326,0,0,0,0,0,0,2.39270223541,0.154698020009,0.040837631405,0,0,0,15.206408,0,0,0.0075866133301,-0.416614804665,-0.0185325995657,0,15.206408,0,0.41710435969,0.00737156525726,-0.0283912917705,0,0,15.206408,0.0173464489351,0.0348064323282,0.00031070988229,0.0075866133301,0.41710435969,0.0173464489351,0.216006962724,0.00174156809851,-0.0228236369703,-0.416614804665,0.00737156525726,0.0348064323282,0.00174156809851,0.527260205799,0.00153948559543,-0.0185325995657,-0.0283912917705,0.00031070988229,-0.0228236369703,0.00153948559543,0.531282748098,-73.4729377674,18.5567811646,22.2589140517,-0.434594222142,-3.37660618465,4.54874210819,-0.341658652447,0.414212769377,-150.074122441,-0.0989941019366,-0.211634533542,-0.166117430004,0.341658652447,-0.414212769377,150.074122441,0.0989941019366,0.211634533542,0.166117430004,0,0,0,0,0,0,0,0,0,0,0,0,0,0,0,0,0,0,-2.84217094304e-14,2.13162820728e-14,-8.52651282912e-14,7.88258347484e-15,1.55431223448e-14,-8.881784197e-16,-73.4729377674,18.5567811646,22.2589140517,-0.434594222142,-3.37660618465,4.54874210819,-0.00505223492128,-0.809614437193,-0.032224600488,-0.297253168575,0.107951331135,0.422921682619,0.164683777393,0.958468402491,-0.207768474746,0.716237713893,-4.95220848314,-1.8861412299,-0.341658652447,0.414212769377,-150.074122441,-0.0989941019366,-0.211634533542,-0.166117430004,-4.3197934698,-20.2375532406,-6.75991038409,0.413367818874,-9.76109668045,10.6106973878,-0.0353162226065,0.758468402491,-0.00776847474624,0.78042529991,-5.15220848314,-2.0861412299,-73.1312791149,18.1425683952,172.333036493,-0.335600120206,-3.1649716511,4.7148595382,4.31474123488,19.4279388034,6.7276857836,-0.71062098745,9.86904801158,-10.1877757052,0.2,0.2,-0.2,-0.0641875860174,0.2,0.2,0,0,0,0,0,0,-3.27294613216,-19.5281513439,-6.91278804145,-0.640786162253,-9.29216676495,10.2732320784,0.890565664169,1.00541860374,-0.13565435665,-0.30488460411,-4.57203118667,-2.26905192758
21.138,10568,15.206408,2.58592603013,-0.0124256745586,0.374085055479,0.999929622089,1.82811730472e-05,0.00813913375743,-0.00863163002164,0.732781319734,-0.0127804227294,0.116757636222,0.0780436389419,-0.417895756503,0.397197997061,-5.67197158885,1.35682369024,1.83117208497,6.34079165028,1.50366913236,-16.206033091,-71.5985803182,17.87476855,169.708559304,-0.330615948741,-3.05939708361,4.58787588374,0,0,-9.81,2.58214477281,-0.0112289316693,0.346443322267,0.720566118907,-0.0203867171575,0.110806885214,-71.5985803182,17.87476855,169.708559304,-0.31288824431,-3.05054451294,4.59500834238,0,0,0,-1,0,0,0,2.20089559065,-45.6083592075,-28.9426854172,-113.530957611,33.3580524348,-18.5738187104,-119.788703145,-33.774276982,18.3517726297,122.37555037,-33.774276982,18.3517726297,122.37555037,2.78922592882,-0.125608310873,0.0176663958453,122.37555037,0,0,27.0465552335,0.917515785055,-53.3806774131,38.4834292771,0.490315835219,-45.8327390383,-37.8243033363,-0.477004079757,47.3330089336,-37.8243033363,-0.477004079757,47.3330089336,2.67012239401,0.130018687314,0.0217579824349,47.3330089336,0,0,6.78981853714,0.132846757644,-1.51060780554,6.93008540324,0.000697645169659,0.612483295734,0,0,0,0,0,0,2.29899675499,-0.14389077778,0.0252715743767,0,0,0,0.505001823081,-0.026269054077,3.61299351822,-1.747198954,-0.191054012928,3.19690995283,0,0,0,0,0,0,2.39426394634,0.153811948354,0.0407442831998,0,0,0,15.206408,0,0,0.00754070304645,-0.416702160566,-0.0180456859194,0,15.206408,0,0.417211495099,0.0072906239593,-0.0287649243998,0,0,15.206408,0.0171907800292,0.0355183115646,0.000295507571827,0.00754070304645,0.417211495099,0.0171907800292,0.21590661427,0.00164793091961,-0.023035221188,-0.416702160566,0.0072906239593,0.0355183115646,0.00164793091961,0.527023709942,0.0015075907478,-0.0180456859194,-0.0287649243998,0.000295507571827,-0.023035221188,0.0015075907478,0.530990208758,-71.8933380781,18.2769388606,19.6872588358,-0.432855270989,-3.28332652219,4.43325589578,-0.294757514981,0.402170172795,-150.021300242,-0.102239388169,-0.223929557844,-0.154619977636,0.294757514981,-0.402170172795,150.021300242,0.102239388169,0.223929557844,0.154619977636,0,0,0,0,0,0,0,0,0,0,0,0,0,0,0,0,0,0,-2.44900334678e-07,1.37826699387e-07,-2.26483535926e-07,6.59207530229e-08,1.19270195942e-07,-1.03191180045e-08,-71.8933380781,18.2769388606,19.6872588358,-0.432855270989,-3.28332652219,4.43325589578,-0.011553451385,-0.783407944315,0.0312914431505,-0.265765333587,0.0047688628882,0.452187737964,0.276406729612,0.888418852574,-0.0897830324865,0.520618408713,-3.90506467755,-1.37342132798,-0.294757514981,0.402170172795,-150.021300242,-0.102239388169,-0.223929557844,-0.154619977636,-4.34117623939,-19.9262053266,-6.62769494332,0.502000288354,-9.73534653201,10.4833768999,0.0764067310916,0.688418851656,0.110216969058,0.57651125612,-4.10506466386,-1.57342132128,-71.5985803182,17.87476855,169.708559304,-0.330615948741,-3.05939708361,4.58787588374,4.32962279286,19.1427974023,6.65898639392,-0.767765684588,9.74011530657,-10.0311892276,0.2,0.2,-0.2,-0.0558928550896,0.2,0.2,0,0,0,0,0,0,-3.293838644,-19.2211368626,-6.77704837623,-0.551026651844,-9.26495476421,10.1544449873,1.00400313005,0.936485447092,-0.0236632198891,-0.499517066487,-3.54717782034,-1.76443536822
21.14,10569,15.206408,2.58736966082,-0.0124459139865,0.374325097227,0.999927013029,0.000362108568702,0.00854368743331,-0.00853480499921,0.721815347476,-0.0101197139446,0.120020873877,0.0907505239776,-0.414793683349,0.365061530089,-5.48650499355,1.33028092109,1.63465995387,6.79171527086,3.15228443632,-14.1550112957,-70.7565113326,17.8257918917,168.014933813,-0.228369034885,-2.83415681736,4.53619710653,0,0,-9.81,2.58356702751,-0.0112649484778,0.34667022078,0.711144307517,-0.0180339212354,0.113502280601,-70.7565113326,17.8257918917,168.014933813,-0.203394133334,-2.83059566318,4.53960796643,0,0,0,-1,0,0,0,2.20231851107,-44.8353413385,-28.543582802,-112.418934372,32.9209426724,-18.2836100299,-118.511104523,-33.1802368536,18.1200643537,121.001167588,-33.1802368536,18.1200643537,121.001167588,2.78935666789,-0.125595794429,0.017826159628,121.001167588,0,0,27.0063634574,0.720523953556,-52.9053683714,38.2282772667,0.303206611324,-45.4680954896,-37.576274479,-0.294272462017,47.0137662245,-37.576274479,-0.294272462017,47.0137662245,2.67064420324,0.130030412136,0.0222505076584,47.0137662245,0,0,5.27919450594,-0.0466186616459,-0.879229946698,5.29575146948,-0.151778807835,0.75966624071,0,0,0,0,0,0,2.3005433337,-0.143812677673,0.0257617106474,0,0,0,0.350373341042,0.221387215912,3.5350029061,-1.81859989755,0.0742968941173,3.05862611441,0,0,0,0,0,0,2.39579924034,0.152923655543,0.0406665019227,0,0,0,15.206408,0,0,0.00748340184551,-0.416817207176,-0.0175743196083,0,15.206408,0,0.417347712716,0.00720007429416,-0.0290817097298,0,0,15.206408,0.0170262930796,0.0361712996104,0.000280941585324,0.00748340184551,0.417347712716,0.0170262930796,0.215816487957,0.00156174000932,-0.0232365604554,-0.416817207176,0.00720007429416,0.0361712996104,0.00156174000932,0.526778022073,0.00147450999471,-0.0175743196083,-0.0290817097298,0.000280941585324,-0.0232365604554,0.00147450999471,0.530678540616,-71.0154472647,18.2135546175,18.0339251072,-0.331986204821,-3.07255828826,4.393501501,-0.258935795917,0.387762650831,-149.981008677,-0.103617195317,-0.238401522149,-0.142695601211,0.258935795917,-0.387762650831,149.981008677,0.103617195317,0.238401522149,0.142695601211,0,0,0,0,0,0,0,0,0,0,0,0,0,0,0,0,0,0,-1.36230710268e-07,7.4959338292e-08,-2.88110300062e-08,2.53799952721e-08,5.12565128119e-08,-4.31461089079e-09,-71.0154472647,18.2135546175,18.0339251072,-0.331986204821,-3.07255828826,4.393501501,-0.00963552115644,-0.74951568434,0.0291521169694,-0.242366075941,-0.080364190033,0.473360354586,0.360901641544,0.910174300389,0.00561770407398,0.388509522054,-3.0924220597,-0.955543644887,-0.258935795917,0.387762650831,-149.981008677,-0.103617195317,-0.238401522149,-0.142695601211,-4.37817909861,-19.805358427,-6.62626468734,0.511412554817,-9.79055838358,10.3477875696,0.160901642198,0.710174300557,0.205617704806,0.426985257224,-3.29242205348,-1.15554364169,-70.7565113326,17.8257918917,168.014933813,-0.228369034885,-2.83415681736,4.53619710653,4.36854357987,19.0558427523,6.65541680742,-0.753778659202,9.71019414026,-9.87442724405,0.2,0.2,-0.2,-0.0384757379553,0.2,0.2,0,0,0,0,0,0,-3.33065646699,-19.1043969979,-6.7711890656,-0.540657490694,-9.31879567477,10.0283720781,1.09104854557,0.958749085138,0.0676329558746,-0.642057160521,-2.75215827859,-1.3521216581
21.142,10570,15.206408,2.58878937875,-0.0124593613949,0.374584122602,0.999924336233,0.00065413290867,0.00893395419048,-0.00843079960054,0.709858962972,-0.00672370421319,0.129512687709,0.104353845206,-0.408416303371,0.337000373944,-5.98814125753,1.69656057066,4.76573600367,2.90519803863,7.26088829069,-25.9621086029,-57.3362817237,17.9373173743,188.750032769,-3.24797812056,-12.6987096397,4.24103674055,0,0,-9.81,2.58497066587,-0.0112962742802,0.34690207068,0.70183431673,-0.0156873736828,0.115975726874,-57.3362817237,17.9373173743,188.750032769,-3.39141885859,-12.6451284206,4.28858792278,0,0,0,-1,0,0,0,2.20379618565,-66.3830740021,-26.7846274829,-127.189813408,24.5220955919,-14.0751044942,-143.184970159,-24.2598416638,14.0022191897,145.265187603,-24.2598416638,14.0022191897,145.265187603,2.78947925207,-0.12558737079,0.0179864764294,145.265187603,0,0,20.925343662,-3.87232797128,-51.6426652342,31.8409734819,-4.17206508903,-45.7009418327,-33.07644006,3.93509818457,43.4848451662,-33.07644006,3.93509818457,43.4848451662,2.67118409876,0.130040637634,0.0227308654162,43.4848451662,0,0,11.553112573,-0.706098848516,-6.43189311931,12.9480927174,-0.887231200618,-2.62715636842,0,0,0,0,0,0,2.30220615971,-0.143736711993,0.0262319395508,0,0,0,2.42715944064,-2.26239010313,-2.24370746727,3.24445147898,-2.29715040716,-0.49027516271,0,0,0,0,0,0,2.39730564495,0.152038671343,0.0406012652061,0,0,0,15.206408,0,0,0.00741383130451,-0.416954979337,-0.0171165379846,0,15.206408,0,0.417507629186,0.00709908844916,-0.0293523252444,0,0,15.206408,0.016854361552,0.0367732673822,0.00026685201064,0.00741383130451,0.417507629186,0.016854361552,0.215736212516,0.00148193791214,-0.0234289159357,-0.416954979337,0.00709908844916,0.0367732673822,0.00148193791214,0.52652763617,0.00144044045884,-0.0171165379846,-0.0293523252444,0.00026685201064,-0.0234289159357,0.00144044045884,0.53035383494,-57.5674277965,18.309183181,38.8031579796,-3.35193234463,-12.9518866033,4.11015810539,-0.231146067577,0.37186587809,-149.946874757,-0.103954192801,-0.253176968055,-0.130878629479,0.231146067577,-0.37186587809,149.946874757,0.103954192801,0.253176968055,0.130878629479,0,0,0,0,0,0,0,0,0,0,0,0,0,0,0,0,0,0,-5.22408782899e-09,-7.1413328584e-08,-3.23363451571e-08,-3.12685388693e-08,4.42577352544e-09,-5.68589531014e-09,-57.5674277965,18.309183181,38.8031579796,-3.35193234463,-12.9518866033,4.11015810539,-0.38333890646,-1.74205784174,2.87520488026,-0.354465859187,-0.584473285049,1.06224753675,-1.52350190365,-2.5696480672,0.602382646296,0.504604788399,-8.0143386519,-1.33039214563,-0.231146067577,0.37186587809,-149.946874757,-0.103954192801,-0.253176968055,-0.130878629479,-6.02553049495,-18.7610360816,-2.45156479972,3.39701510235,-6.63209498025,16.40270097,-1.72350190365,-2.7696480672,0.802382646296,0.574951914256,-8.2143386519,-1.53039214563,-57.3362817237,17.9373173743,188.750032769,-3.24797812056,-12.6987096397,4.24103674055,5.64219161776,17.0189782415,5.3267696772,-3.75148096102,6.04762169537,-15.3404534332,0.2,0.2,-0.2,-0.0703471258569,0.2,0.2,0,0,0,0,0,0,-4.97818717084,-18.0639807261,-2.59220517246,2.34559366427,-6.15912015701,16.0935070354,-0.79042793063,-2.5205917846,0.661653405212,-0.488630579747,-7.68851744387,-1.73014608296
21.144,10571,15.206408,2.59018575635,-0.0124659828406,0.374861082333,0.999921657935,0.000893668921761,0.00930889758302,-0.00832008252955,0.698188799399,-0.00331072285851,0.138479865331,0.110212058937,-0.393624340047,0.285173335366,-5.84480534001,1.70511568344,4.50297287554,2.65625397507,7.78074822104,-26.303525583,-55.6285997638,18.0812918553,185.774457464,-3.23901778204,-12.6716246577,4.04940861788,0,0,-9.81,2.58635921321,-0.0113228854323,0.347144331324,0.694284551083,-0.0133318408329,0.121181395967,-55.6285997638,18.0812918553,185.774457464,-3.37953175754,-12.6211467347,4.09199682454,0,0,0,-1,0,0,0,2.20542814326,-65.3641981238,-26.2793067077,-126.069218096,24.1816195899,-13.7105224054,-141.7173206,-23.8790694434,13.6725255551,143.819589743,-23.8790694434,13.6725255551,143.819589743,2.78959643889,-0.125581538452,0.0181372024824,143.819589743,0,0,20.6007453145,-4.31708554692,-49.8312185429,30.997571833,-4.60652577267,-44.0920484596,-31.7495303205,4.40876630015,41.9548677211,-31.7495303205,4.40876630015,41.9548677211,2.67167139675,0.130044080583,0.0231323016561,41.9548677211,0,0,11.0040547203,-0.881224584333,-6.2975685967,12.3867284184,-1.04894293357,-2.64458410639,0,0,0,0,0,0,2.3041355383,-0.143679855509,0.0266323348503,0,0,0,2.30088838785,-2.11731988054,-2.17701159992,3.10619605257,-2.14915784998,-0.499176296489,0,0,0,0,0,0,2.39887206203,0.151106846499,0.0404931453353,0,0,0,15.206408,0,0,0.0073392281428,-0.417220992146,-0.0166702406627,0,15.206408,0,0.417795387329,0.00699725130819,-0.0294977492393,0,0,15.206408,0.0166538757884,0.0372403811999,0.00025466525739,0.0073392281428,0.417795387329,0.0166538757884,0.215701422957,0.00140711861698,-0.0236108300099,-0.417220992146,0.00699725130819,0.0372403811999,0.00140711861698,0.526269977389,0.00140727531208,-0.0166702406627,-0.0294977492393,0.00025466525739,-0.0236108300099,0.00140727531208,0.529970932359,-55.7949203247,18.4802959277,35.8228342791,-3.34207641802,-12.9658339936,3.92073652481,-0.166320560867,0.399004072441,-149.951623185,-0.103058635979,-0.294209335887,-0.128672093067,0.166320560867,-0.399004072441,149.951623185,0.103058635979,0.294209335887,0.128672093067,0,0,0,0,0,0,0,0,0,0,0,0,0,0,0,0,0,0,-3.5527136788e-14,3.5527136788e-15,0,3.5527136788e-15,-1.24344978758e-14,-8.881784197e-16,-55.7949203247,18.4802959277,35.8228342791,-3.34207641802,-12.9658339936,3.92073652481,-0.359182252319,-1.90919261997,2.64307093376,-0.316418403636,-0.592119190527,1.00893438654,-1.45125000694,-2.48699622727,0.644988851647,0.413647439825,-7.77905448883,-1.12589025345,-0.166320560867,0.399004072441,-149.951623185,-0.103058635979,-0.294209335887,-0.128672093067,-6.03960775505,-18.6186401701,-2.48408613789,3.46116918779,-6.71285694935,16.1336987454,-1.65125000694,-2.68699622727,0.844988851647,0.468835779454,-7.97905448883,-1.32589025345,-55.6285997638,18.0812918553,185.774457464,-3.23901778204,-12.6716246577,4.04940861788,5.68042550273,16.7094475501,5.12715707165,-3.77758759143,6.12073775882,-15.1247643589,0.2,0.2,-0.2,-0.0551883396296,0.2,0.2,0,0,0,0,0,0,-4.99111947654,-17.9339362631,-2.5734883689,2.41460196138,-6.2413041897,15.8479840239,-0.725659034869,-2.45920397952,0.715628618807,-0.589379640978,-7.49483787607,-1.51805058962
21.146,10572,15.206408,2.59155895601,-0.0124644192314,0.375148930567,0.999919238608,0.00104905223356,0.00965381203615,-0.00819875991354,0.686599832485,0.000781804595361,0.143924117051,0.115571936577,-0.377794156116,0.232680465509,-5.81259767083,2.04469073278,2.74313791369,4.25848102334,15.239096432,-42.0016928328,-23.2228997544,13.2101034509,139.467850947,-10.3236329453,-20.3051438229,-0.993445311093,0,0,-9.81,2.587733124,-0.0113447450048,0.347396225945,0.686964635377,-0.0109582908262,0.126001701757,-23.2228997544,13.2101034509,139.467850947,-10.6770863163,-20.1287690908,-0.834073812181,0,0,0,-1,0,0,0,2.20720976463,-62.7377268567,-25.3594072591,-122.433214147,23.5990268665,-13.2075996278,-137.250351829,-23.2228997544,13.2101034509,139.467850947,-23.2228997544,13.2101034509,139.467850947,2.78970957133,-0.125577676438,0.0182792472478,139.467850947,0,0,25.2280052341,-6.54281430727,-18.0180586048,28.4281899492,-6.9551768583,-12.1397954726,0,0,0,0,0,0,2.67211805105,0.130041491238,0.0234568978674,0,0,0,9.65008403216,-1.49291258202,-4.43934645125,10.5223999287,-1.64961527314,-1.27223264779,0,0,0,0,0,0,2.30631831574,-0.143645536314,0.026962213411,0,0,0,2.16192927566,-1.65422073066,-1.24209331839,2.44751425501,-1.70981839718,0.198431979452,0,0,0,0,0,0,2.40049530999,0.150131212274,0.0403415352509,0,0,0,15.206408,0,0,0.00725979753856,-0.417611153971,-0.0162359158896,0,15.206408,0,0.41820647288,0.00689515534592,-0.0295204549552,0,0,15.206408,0.0164247465885,0.0375744813717,0.000244722980234,0.00725979753856,0.41820647288,0.0164247465885,0.215711462623,0.00133670008679,-0.0237820368145,-0.417611153971,0.00689515534592,0.0375744813717,0.00133670008679,0.526006379065,0.00137495040531,-0.0162359158896,-0.0295204549552,0.000244722980234,-0.0237820368145,0.00137495040531,0.529532859493,-23.3641441173,13.6430373454,-10.5344270606,-10.4214159013,-20.6418191088,-1.12332205361,-0.141244362592,0.432933894199,-150.002278007,-0.0977829561603,-0.336675286128,-0.129876742527,0.141244362592,-0.432933894199,150.002278007,0.0977829561603,0.336675286128,0.129876742527,0,0,0,0,0,0,0,0,0,0,0,0,0,0,0,0,0,0,-2.96182633974e-10,2.59628762933e-10,-3.58568286174e-10,1.36566313813e-10,1.70462755023e-10,1.10157438726e-11,-23.3641441173,13.6430373454,-10.5344270606,-10.4214159013,-20.6418191088,-1.12332205361,-5.92274057394,-17.8487756302,-4.18429726725,-0.203811802848,-0.538691134458,0.980692312592,-1.19193159939,-1.80096986768,0.101410685016,0.158880086673,-6.26294526823,-1.35097373505,-0.141244362592,0.432933894199,-150.002278007,-0.0977829561603,-0.336675286128,-0.129876742527,-6.12274057394,-18.0487756302,-3.98429726725,3.45698044103,-6.6776965801,15.5418147962,-1.39193159939,-2.00096986768,0.301410685016,0.358880086673,-6.46294526823,-1.55097373505,-23.2228997544,13.2101034509,139.467850947,-10.3236329453,-20.3051438229,-0.993445311093,0.2,0.2,-0.2,-3.660792244,6.13900544555,-14.5611224837,0.2,0.2,-0.2,-0.2,0.2,0.2,0,0,0,0,0,0,-5.07253210399,-17.3771771182,-4.02574107477,2.41519130773,-6.20768247726,15.2786148791,-0.473216961839,-1.79470841691,0.183200270702,-0.697982919489,-6.02166675234,-1.73646761572
21.148,10573,15.206408,2.5929110398,-0.01245481242,0.375444023467,0.999917236302,0.00112691760305,0.00995980307819,-0.00806553943706,0.676041893776,0.00480340569316,0.147546450008,0.124009987662,-0.346962016807,0.148572769339,-5.29437945308,2.01004212846,1.82612098111,5.00750843498,19.6903404987,-38.6624662075,-21.9716217029,12.9391399859,134.257475985,-9.84706782217,-19.5057954291,-0.926014402952,0,0,-9.81,2.58910092236,-0.0113631332753,0.347645561895,0.683906687671,-0.00922431771376,0.124719806556,-21.9716217029,12.9391399859,134.257475985,-10.1819862577,-19.3397858456,-0.773396397761,0,0,0,-1,0,0,0,2.20911268265,-60.1271088817,-24.5867310486,-117.719674821,22.3666099453,-12.9221450612,-131.94866931,-21.9716217029,12.9391399859,134.257475985,-21.9716217029,12.9391399859,134.257475985,2.78981999745,-0.125575272282,0.0184147163662,134.257475985,0,0,25.479007813,-6.98779390545,-16.2962749453,28.2806171365,-7.40484016799,-10.4380417878,0,0,0,0,0,0,2.67316335763,0.129891538883,0.0235587889399,0,0,0,7.97145747853,-1.2430680821,-2.55742873638,8.34951223757,-1.38361850669,0.0322421004315,0,0,0,0,0,0,2.30872167195,-0.143646018135,0.0272440377534,0,0,0,1.91311219844,-1.38442676577,-0.00615397819144,1.51848483073,-1.46380669697,1.06214283305,0,0,0,0,0,0,2.40217014606,0.149121190147,0.0401611214182,0,0,0,15.206408,0,0,0.00717246698696,-0.418202780979,-0.0157998264644,0,15.206408,0,0.418815527267,0.00679331058444,-0.0293036816238,0,0,15.206408,0.0161291330668,0.0376476751527,0.000238689750935,0.00717246698696,0.418815527267,0.0161291330668,0.215774747014,0.00125310493678,-0.0238914622821,-0.418202780979,0.00679331058444,0.0376476751527,0.00125310493678,0.525787885084,0.00135226272044,-0.0157998264644,-0.0293036816238,0.000238689750935,-0.0238914622821,0.00135226272044,0.529067017799,-22.0863292442,13.3974675192,-15.7060619862,-9.92421575556,-19.8922519616,-1.0525865867,-0.114707540314,0.458327533267,-149.963537971,-0.0771479334101,-0.386456532859,-0.126572183622,0.114707540314,-0.458327533267,149.963537971,0.0771479334101,0.386456532859,0.126572183622,0,0,0,0,0,0,0,0,0,0,0,0,0,0,0,0,0,0,-9.48400469269e-10,-3.71791486486e-11,-3.31596083925e-10,1.99662508749e-11,4.12512690673e-10,-1.2294865126e-10,-22.0863292442,13.3974675192,-15.7060619862,-9.92421575556,-19.8922519616,-1.0525865867,-5.92123684546,-16.915986681,-5.07414769763,-0.225099942856,-0.460031385637,0.901910559749,-1.03022826269,-0.99337482344,-0.264852036757,0.183265088258,-4.63912730987,-1.4827474099,-0.114707540314,0.458327533267,-149.963537971,-0.0771479334101,-0.386456532859,-0.126572183622,-6.12123684546,-17.115986681,-5.27414769763,3.38166659456,-6.39821306902,14.8986790109,-1.23022826269,-1.19337482344,-0.0648520367566,0.383265088258,-4.83912730987,-1.6827474099,-21.9716217029,12.9391399859,134.257475985,-9.84706782217,-19.5057954291,-0.926014402952,0.2,0.2,0.2,-3.60676653742,5.93818168305,-13.9967684513,0.2,0.2,-0.2,-0.2,0.2,0.2,0,0,0,0,0,0,-5.09384729571,-16.5349819033,-5.31214506067,2.34661175755,-5.92861443534,14.6577155341,-0.310536799076,-1.0019730698,-0.181886255492,-0.673521178871,-4.43017173338,-1.8713038868
21.15,10574,15.206408,2.59424470994,-0.0124372038265,0.375742723835,0.999915788443,0.00112766154886,0.0102164479511,-0.00792266324453,0.666835068767,0.00880429677762,0.149350184009,0.133939134632,-0.307318049264,0.0711418591259,-4.61520856303,2.00000554077,0.912444497102,3.89942559663,24.9507978235,-38.4055277016,-21.3633477708,13.0750800814,129.642132074,-9.29274293803,-18.6040031545,-0.818878461746,0,0,-9.81,2.59046294864,-0.0113781263518,0.347890987442,0.681024495562,-0.00753078748236,0.122771500658,-21.3633477708,13.0750800814,129.642132074,-9.60648118404,-18.4498774238,-0.672390457556,0,0,0,-1,0,0,0,2.21110570558,-57.3414178122,-24.2684970155,-113.858317787,21.7996867407,-13.0520352608,-127.260098644,-21.3633477708,13.0750800814,129.642132074,-21.3633477708,13.0750800814,129.642132074,2.78992852217,-0.125573962911,0.0185455133531,129.642132074,0,0,21.8408439629,-6.90449047916,-13.2966827866,24.0900956614,-7.26380775383,-8.27046642313,0,0,0,0,0,0,2.67481530581,0.129584901064,0.0234675908261,0,0,0,6.59956935196,-1.36773778286,-1.31457832613,6.65365674218,-1.4920802335,0.809745011442,0,0,0,0,0,0,2.31130551528,-0.143675536647,0.0274986907513,0,0,0,1.4900868715,-1.09499568229,0.519504693095,0.871336280274,-1.16779971473,1.25150967553,0,0,0,0,0,0,2.40388318142,0.148082255119,0.0399672495442,0,0,0,15.206408,0,0,0.0070750834457,-0.418961398637,-0.0153576832471,0,15.206408,0,0.419587227119,0.00668957403472,-0.0288815294714,0,0,15.206408,0.0157675282033,0.0374861872063,0.00023593291651,0.0070750834457,0.419587227119,0.0157675282033,0.215875819218,0.00115689826236,-0.0239405410246,-0.418961398637,0.00668957403472,0.0374861872063,0.00115689826236,0.525612725712,0.00133753169301,-0.0153576832471,-0.0288815294714,0.00023593291651,-0.0239405410246,0.00133753169301,0.528585682987,-21.5363112452,13.5950790907,-20.4264227878,-9.36248757355,-19.0111063116,-0.9257302878,-0.172963474388,0.519999009262,-150.068554862,-0.0697446355244,-0.407103157069,-0.106851826056,0.172963474388,-0.519999009262,150.068554862,0.0697446355244,0.407103157069,0.106851826056,0,0,0,0,0,0,0,0,0,0,0,0,0,0,0,0,0,0,-1.49533718741e-11,1.96695992827e-11,-1.81046289072e-11,9.35607147312e-12,8.76099193192e-12,1.91113791459e-12,-21.5363112452,13.5950790907,-20.4264227878,-9.36248757355,-19.0111063116,-0.9257302878,-5.45485449183,-14.1883504784,-4.5073875784,-0.228667880193,-0.398229585849,0.857586622884,-0.96463915905,-0.478212226086,-0.372926251984,0.0858047090754,-3.46692104586,-1.44089139802,-0.172963474388,0.519999009262,-150.068554862,-0.0697446355244,-0.407103157069,-0.106851826056,-5.65485449183,-14.3883504784,-4.7073875784,3.25816346057,-6.3500505256,14.2467744792,-1.16463915905,-0.678212226086,-0.172926251984,0.285804709075,-3.66692104586,-1.64089139802,-21.3633477708,13.0750800814,129.642132074,-9.29274293803,-18.6040031545,-0.818878461746,0.2,0.2,0.2,-3.48683134077,5.95182093975,-13.3891878563,0.2,0.2,-0.2,-0.2,0.2,0.2,0,0,0,0,0,0,-4.64526721928,-13.8879511028,-4.76791646437,2.22872303167,-5.87978616909,14.0264560773,-0.242002104539,-0.494558188461,-0.295595872149,-0.771641622158,-3.27828253523,-1.84001418626
